category,subject,statement,date_as_written,date_iso,citation,verbatim_quotation
event,Collection,Collection title and dates as catalogued,1830-1939,1830/1939,01-002-P01,"George Douglas Papers, (1830-1939)"
event,Collection,"Scope note lists a Civil War journal on Sabine Pass, a land grant certificate from the governor, two photos, N. L. Douglas's day book from 1830, loan/legal papers, family letters",,,01-003-P09,"Photocopies of documents belonging to George Douglas, including a Civil War journal describing the battle of Sabine Pass, Texas, a land grant certificate from the governor of Texas, and two photos of Douglas. Includes photocopies of the day book of Nathaniel Lynn Douglas, beginning in 1830, loan and legal papers for the Douglas family, and correspondence between Douglas family members."
event,George Douglas,Repository biographical note,,,01-003-P10,George Douglas served in the Confederate Army during the Civil War.
event,Collection,Accession,18 May 2007,2007-05-18,01-003-P11,"Accession Number: R 2007.45 / Date of Accession: 18 May 2007 / Accessioned by: David Sessions, Julia Reid"
person,David Sessions; Julia Reid; Audrey Schaffner; Mac Ice; Amanda Dietz,"ACU staff who accessioned, processed and described the collection",2007-2019,2007/2019,01-003-P11,"Processor and Date of Processing: David Sessions, Julia Reid, and Audrey Schaffner, 29 January 2014 / Finding Aid Creator and Date: Audrey Schaffner and Mac Ice, 30 January 2014 / Finding Aid Update: Mac Ice and Amanda Dietz, 16 January 2019"
event,Collection,Arrangement in seven folders,,,01-004-P06,Arranged in seven folders numerically.
person,Finding-aid subject names,Names indexed by the repository (spellings as printed),,,01-004-P08; 01-005-P01,"Alexander, Rebecca / Bass, James / Bell, Emma / Bell, George / Bell, J. M. / Bell, J. N. / Bell, Sue / Douglas, Emily / Douglas, Gail / Douglas, George / Douglas, Henry / Douglas, Jess / Douglas, Laura / Douglas, Lizzie / Douglas, Mary / Douglas, N. L. / Douglas, Sarah / Douglas, Warren / Goodloe, L. Columbia / Goodloe, M. E. / Goodloe, Rebecca / Graves, Lizzie / Headrick, Sarah / Jettson, L. A. / Jettson, L. H. / Jettson, Maybel / Orr, J. D. / Stevenson, Miriam / Winneford, N. B. / Winneford, Rebecca"
event,Folder 1,Contents per finding aid,1939,1939,01-005-P04,"Folder 1 - Correspondence, Loan Papers / Copies of numerous correspondence within the Douglas family / Copies of loan papers from 1939"
event,Folders 2 and 3,"Contents per finding aid (deeds 1887, 1891; letters listed)",1864-1891,1864/1891,01-005-P05,"Land deed from 1887 / Warranty deed from 1891 / To Lizzie Douglas from L. A. Jettson (March 20, 1883, March 3, 1878, Feb. 1, 1874) ..."
event,Folders 2 and 3,"Legal papers listed, including 1874 inventory and Rebecca Alexander inheritance",1874,1874,01-005-P06,"Various legal papers, including promissory notes, warranty deeds, power of attorney papers, inventory of N. L. Douglas' land (1874), tax documents, and correspondence about the inheritance of Rebecca Alexander"
event,George Douglas,Poem dated 1867; letters mentioning George's death in 1923,1867; 1923,1867; 1923,01-006-P01,Poem by George Douglas (1867) and various other poems ... one mentions George's death in 1923
event,Sylvana Church,Finding aid dates the endorsement 1883 (the document reads 1888),1883,1883,01-006-P01,Endorsement from congregation at Sylvana Church for George Douglas in 1883 / Sermon notes of L. Douglas in 1883
person,Emily Douglas; Rebecca Goodloe; Miriam Stevenson; Rebecca Winneford; J. D. Orr,Folder 4 contents (not supplied),,,01-006-P02,"Folder 4 – Correspondence / Songs by Emily Douglas / Correspondence from Rebecca Goodloe to her daughters / Correspondence to Mary Douglas from Miriam Stevenson / Various correspondence involving Rebecca Winneford, George Douglas, Lizzie Douglas, N. L. Douglas, Mary Douglas, J. D. Orr, J. M. Bell and Sue Bell, and Laura Douglas"
event,N. L. Douglas day book,"Folder 5 (not supplied): day book of Murfreesboro TN and Liberty Settlement, Red Oak, Ellis Co., beginning 4 Jan 1830","Jan. 4, 1830",1830-01-04,01-006-P03,"Folder 5 - Daybook of N.L. Douglas / The Daybook of N. L. Douglas of Murfreesboro TN and Ellis County, Liberty Settlement, Red Oak TX beginning Jan. 4, 1830 / Business correspondence of N. L. Douglas"
event,Folder 6 (not supplied),"Wartime letters 1863-1864 including George to Lizzie, Sue Bell, Rebecca Winneford, N. B. Winneford, and Lizzie to George and Warren 28 Jan 1863",1863-1869,1863/1869,01-006-P04,"To George and Warren from Lizzie (Jan. 28, 1863) / To George Douglas from N. B. Winneford (1863) / To George Bell from Rebecca Winneford (July 23, 1864 ...) / To George Douglas from Lizzie Douglas (two from 1863 - month unknown, April 15, 1863, Jan. 22, 1863 ...)"
event,Folder 7 (not supplied),"George's poems, essay and personal notebook",1860s-1870s,1860/1879,01-006-P05,"Numerous poems by George Douglas from 1860's and 1870's / Essay: ""What are social parties?"" by George Douglas / Copy of George's personal notebook, including financial records and personal recordings"
church,L. Douglas,Sermon notes on 'Jesus wept' signed at Sylvana,Feb 16th 1883,1883-02-16,02-004-P03,L. Douglas. / Sylvana Feb 16th 1883
church,L. Douglas,Identifying slip places the sermon at Sylvana Church (Brushy Creek) and queries the initial,"Feb 16, 1883",1883-02-16,02-002-P01,"Sermon notes / Sylvana Church / (Brushy Creek) / Feb 16, 1883 / L(?) Douglas"
church,L. Douglas,Cites Renan's Life of Christ,,,02-003-P02,"Renan in his Life of Christ says ""All ages will proclaim that among the sons of men there were none born greater than Jesus."""
church,George Douglas,"Sylvana congregation certifies George a member of the Church of Christ, laboring in word and doctrine, and endorses him to continue",Sept 1888,1888-09,03-003-P01,"This certifies that Bro. George Douglas, who is a member of the Church of Christ worshiping at Sylvana Ellis County Texas, has for some length of time been laboring in word and doctrine, and wishing him to continue in the work, we take pleasure in stating that he goes with our full permission & hearty approval."
church,H. Douglas; H. G. Orr,"Elders of the Sylvana church, 2nd Lord's day Sept 1888",2nd Lords day in Sept 1888,1888-09-09,03-005-P01; 03-005-P02,Given by Order of the Church / On the 2nd Lords day in / Sept 1888 / Elders / H. Douglas / H G Orr
event,Cousin (signature [[J. H. Scott?]]),"Letter to Cousin George from Orange Co., Texas; regiment left Alexandria La.; writer on Red River detail",June 28th /64,1864-06-28,04-002-P01; 04-002-P03,Orange Co Texas / June 28th /64 ... Our Regt left Alexandria La Yesterday week for [[illegible]]. I was detailed to go down on Red River & join the Command at [[Walkers?]] Bend
person,Eliza,Named with 'family' in the greeting,June 1864,1864-06-28,04-002-P04,All at home to Eliza & family
event,Uncle Alfred,Death of Uncle [[Alfred?]] from a wound,5th of June 1864,1864-06-05,04-002-P04,I suppose you have heard of the death of Uncle [[Alfred?]] he died on the 5th of June from a wound Recd on the 18th of May
unit,George Douglas,"Address: Co C, [[illegible]] Regt, Sabine Pass, carried by Mr Richardson",June 1864,1864-06,04-003-P01; 04-003-P02,George Douglas / Co C / [[illegible]] Regt / Sab Pass / By Mr Richardson
event,Henry (cousin),"Writes from Brushy, Ellis County, after twenty-odd months' absence",Friday Jan 29th 1864,1864-01-29,04-004-P01; 04-004-P03,Brushy Ellis County Texas / Friday Jan 29th 1864 ... After an absence of twenty odd months I arrived at [[illegible]] on 22d of the month
person,Aunt Bettie,Henry has just returned from Aunt Bettie's,Jan 1864,1864-01-29,04-004-P03,I have just returned from Aunt Betties
event,Henry (cousin),Detached service since Feb 1st; sent to the Ouachita river country to gather forage,Feb 1863,1863-02,04-004-P04,Since Feb 1st - I have been on detached Service the greater portion of the time - Last Feb was sent to the Ouachita river Country to gather forage for the Command.
event,Henry (cousin),Portion of regiment sent to assist Louisianians; Col Burleson a 'Rosin Heel' catcher; joined command in Hopkins County last of Nov; prisoners to Tyler and Shreveport; guns to Bonham; holidays at home 15 days; Crockett; San Augustine; brigade to Hempstead by 10 Feb,Nov 1863-Feb 1864,1863-11/1864-02,04-005-P01; 04-007-P01,"In the Last part of the fall a portion of our Regt was sent out to assist the Louisianians in getting into the Service ... Col Burleson having become famous as a ""Rosin Heel"" catcher ... I joined the Command in Hopkins County the Last of Nov ... Our Brigade is ordered to be at Hempstead Tex by the 10th of Feb"
person,Jim Lowder,"Of Ross' Regt, home on furlough; squad brought arms across the Trans-[Mississippi] with 6 millions in Confederate money",Jan 1864,1864-01,04-007-P02,"Jim Lowder of Ross' Regt is home on furlough. The Squad he came With brought Some Arms across the ""Trans[[illegible]]"" [[illegible]] 6 millions in Confed. Money."
event,James (cousin),Wounded at Chickamauga; not heard from since mid-October,Oct 1863,1863-10,04-007-P02,We have not heard from [[illegible]] & James Since the middle of Oct. James was [[illegible]] Wounded [[illegible]] in the Chickamauga Battle. I am very anxious to know how They came off at the Chattanooga fight.
person,Capt Bledsoe,Left Lancaster to resume command of his company,Jan 1864,1864-01,04-007-P02,Capt Bledsoe left Lancaster a few days Since to resume the Command of his Company
event,Militia,"Last militia called out, en route for Galveston",Jan 1864,1864-01,04-007-P02,The last [[illegible]] of the militia has been called out too & are now enroute for Galveston
person,The Old Folks; John; Sister E; Miss Pet; Mrs G; Miss Ella; Laura,Household and neighbours named by cousin Henry,Jan 1864,1864-01,04-006-P03,The Old Folks & John are enjoying good health ... engaged Sister E ... Miss [[illegible]] Pet & [[McChapel?]] Staid with us ... Was at Mrs G's last evening. Miss Ella & Laura Were there. The Conversation was of a party at McFaddens last night.
church,Liberty,Cousin Henry attended Liberty three Sundays,Jan 1864,1864-01,04-006-P03,I have attended Liberty 3 Sundays Since my arrival
person,Mollie; Quincy,Named in closing,Jan 1864,1864-01,04-005-P06,I have used the [[illegible]] & Mollie ... that you distribute between [[illegible]] & Quincy
unit,Henry (cousin),"Address Hempstead, Co G Brown's Regt",Jan 1864,1864-01,04-005-P06,Address me at Hempstead Tex Co G Browns Regt. Your Cousin Henry.
event,Henry (cousin),Postscript: to Lancaster to hear Mr [[Brown?]],Sat 30th [Jan 1864],1864-01-30,04-005-P07,Sat 30th I am on Lizzie [[Suite?]] & I expect to go to Lancaster tomorrow to hear Mr [[Brown?]]
person,Col Patton,Fragment: a force of 2500; the siege; Charleston; blockade,,,04-008-P04; 04-008-P06,Col Patton has [[lost: edge]] / a force of 2500 [[lost: edge]] / [[illegible]] the siege ... [[lost: edge]] from Charleston [[illegible]] ... [[lost: edge]] blockade
event,Fragment,Mentions 'the Vicksburg affair' and Yankee,,,04-009-P02; 04-009-P04,[[lost: edge]] the Vicksburg affair ... [[Yankee?]] is certain
event,Henry (cousin),Letter from Camp [[Yavely?]] Texas condoling George on the death of his sister,March 13/65,1865-03-13,04-010-P01; 04-010-P04,Camp [[Yavely?]] Texas / March 13/65 ... all joy has been turned into sadness by the Intelligence of the Death of your Sister. ... Cousin George In this dark hour of bereavement you have my Sympathies.
event,Henry (cousin),Came to this place 5 March; likely to move to Brazos County; Lafayette's arrival unexpected; had feared he had not survived the Tennessee campaign; letter from Brother James enclosed,March 1865,1865-03,04-011-P01,We Came to this place the 5th of March and will more [[illegible]] very likely be to the Brazos County ... when [[Lafayette?]] arrival was very Unexpected to me. I had great fears that he had not survived The Tenn Campaign. Through him [[illegible]] I Recd a Letter from Brother James which I enclose to you.
person,Mat Brawner; Capt [[Wad?]]; Sam'l [[Rea?]]; Aunt [[Matten?]],Names in cousin Henry's March 1865 letter,March 1865,1865-03,04-011-P02; 04-011-P03,Mat Brawner of this Co desires To be transferred to [[Saffold's?]] Command & has [[illegible]] Capt [[Wad?]] ... I am looking for Fayette with Sam'l [[Rea?]] in a few days. I have lately heard from Aunt [[Matten?]] all here was quite well.
place,Hempstead,Corps headquarters,March 1865,1865-03,04-011-P03,Write & Address me at Hempstead which is Corps headquarters.
person,Warren; John,"Regards to Warren and John, evidently with George",March 1865,1865-03,04-011-P04,Kind Regards to Warren & John Your Cousin Henry
event,James (cousin) to Lizzie,"Copy of 'The River of Death' made for Cousin Lizzie from Bloomsdale, recited the night of the 4th",July 6th/65,1865-07-06,04-013-P06; 04-013-P08; 04-013-P09,Bloomsdale July 6th/65 / Cousin Lizzie / As you thought the first of the foregoing lines that I repeated the night of the 4th were beautiful ... Your Cousin James
event,Ballad,Title panel,,,04-014-P01,"Ballad / ""The River of Death"" / Written for Lizzie"
person,Henry Seale,"Address fragment, Nashville, Milam [County], Texas",Apr 10 [year lost],,04-015-P01,[[illegible]] Prairie [[illegible]] Apr 10 [[lost: edge]] / Mr Henry Seale / Nashville Milam / Texas
place,Lizzy Douglas,"Address: Redoak P.O., from Nashville Texas",Ap[ril],,04-016-P01,Nashville Texas Ap[[lost: edge]] / Miss Lizzy Douglas / Redoak Po / Texas
event,Henry (cousin),Letter of Sept 18 1863 from [[Yellow?]] Branch; home on detail after clothing for his company,Sept 18th 1863,1863-09-18,04-017-P01; 04-017-P03,[[Yellow?]] Branch [[illegible]] / Sept 18th 1863 ... I am home on a detail after Clothing for our Co.
event,Mrs Claunch murder case,Murder of Mrs Claunch by her daughter under consideration in the Waxahachie court,Sept 1863,1863-09,04-017-P03,I have visited Waxahachie twice — a very important case being under Consideration in the Court — To wit; The murder of a Mrs Claunch by her Daughter — The case has not yet been decided but from the evidence I have heard believe she will come clear — but not in the Eyes of the people — as innocent of the offence.
church,Red Oak Camp Ground,"Camp meeting at Red Oak Camp Ground, Sept 1863, smaller than former years; 'Shouting times'",Sept 1863,1863-09,04-017-P03; 04-017-P04,From Waxa on Monday I went to Red Oak Camp Ground — Camp meeting being on hand ... They had Shouting times that night
event,Henry's command,June 1863 ordered west; 1 Aug to Mississippi Valley near Natchez; 31 Aug brigade started for Arkansas; 'Seen the Elephant in La'; Genl Steele; Majors' Div; Walker's,Aug 1863,1863-08,04-018-P01,About The 1st of Aug. We moved to the Miss. Valley near Natchez — remained there a Couple of Weeks & then were ordered to Our former field (Ark). On the 31st of Aug the Brigade Started on their way rejoicing. We had Seen the Elephant in La
event,Henry's squad,Surprised 28 Aug 1863 at 3 AM; 30 horses lost; Capt [[Vardeman?]],28 of Aug 1863,1863-08-28,04-018-P02,Whilst Scouting on the Miss Our Squad turned over about 30 fine Horses their arms &c to the Yankee ... They were Completely Surprised at 3 oclk AM on the 28 of Aug
person,Bob; Jeffie; Lizzie; John; Laura; Mother; Sam Austin,Persons in the Sept 1863 letter,Sept 1863,1863-09,04-018-P02; 04-018-P03,Bob got to Camps the day before I left ... Jeffie was down last week. / We Learn Lizzie spent Sunday with you & she Returned to John on Monday. [[Laura?]] Spent last night here. Mother has had a very Sick Spell is getting over it. ... [[Br?]] Sam Austin Called in today Returning from the meeting
event,Lafayette and James,"Heavy fight 22 July 1863; regiment went in with 320, came out with about 80; James narrow escape",22nd of July 1863,1863-07-22,04-018-P03,We recently Recd a Letter from Lafayette of [[date?]] 1st of Aug. Their Brigade had a heavy fight on the 22nd of July — their Regt went into Battle with 320 & Came out with about 80 — James who was in the [[illegible]] had a narrow Escape
person,Hage; Clem,Margin: their company surrendered while stacking arms,1863,1863,04-018-P04,Those of their Co that was not killed had to Surrender & while They were Stacking arms Hage [[illegible]] through [[illegible]] & Clem [[illegible]] was found at hind
event,Bob (R D G),Old hunting companion and schoolmate writes from Cold Springs; hunted gobblers on old Brushy; nearly four years since he saw George; weighs 175; Co. F,Sept 19th /63,1863-09-19,04-019-P01; 04-019-P04,Cold Springs Texas / Sept 19th /63 ... it has been A long time since we used to meet down on old Brushy and give the old gobblers a round ... nearly Four years have pass Since I Saw you ... I weigh 175 pounds and the largest Devil in co. (F.)
event,Bob (R D G),"Big meeting in camp, forty mourners",Sept 1863,1863-09,04-019-P05,There is a big meeting going on in camp. There was about forty mourners last night. They haven't got me yet
person,Bob (R D G),Brothers east of the Mississippi; signs R D G / Bob,Sept 1863,1863-09,04-020-P01; 04-020-P03; 04-020-P05,I have not heard from my Brothers East of the miss for Two or three months ... As Ever Your Cousin / R D G ... Bob
event,James (Tupelo),Wounded 22 July [1864] charging the enemy's works; left wrist and hand; fever from mid-August; 60 days furlough in October to Mobile; stopped at Demopolis with Mrs Brassfield,Jan 25th/65,1865-01-25,04-021-P01; 04-021-P03,Tupelo Mississippi Jan 25th/65 / Dear Brother / As Brother Lafayette will Start home in a few days on furlough ... I was painfully wounded on the 22nd of July while Charging the enemys works The ball Struck me on the the left wrist and passed throw my hand
event,James (Tupelo),Federals destroyed railroad; in hospital at Columbus Miss.; hand still running; wrist stiff; brigade about 400 of five regiments; four of old Co I fit for duty; Lafayette 75 days furlough,Jan 1865,1865-01,04-022-P02; 04-022-P04; 04-023-P04,"Thair is very few of our Brigade left only about 4 hundred out of five Regiments / Thair is only four of old Co ""I"" left that is able for duty. one to evry 7 is furloughed to go to Texas Brother Lafayette gets a 75 days furlough to go home"
person,"Squire; the Jetton boys (Jeppe, Billy, Charly); the Six Texas Boys",Named in the Tupelo letter; Jeppe Jetton in prison,Jan 1865,1865-01,04-024-P04,Squire gets a furlough ... I have not heard from our cousins (the Jetton boys) lately Jeppe is in prison Billy & Charly were well when last heard from. The Six Texas Boys were all well when last heard from.
place,Geo' Douglas; Zella Douglas,"Envelope Red Oak to Zella Douglas, 1715 Grand Avenue, North Fort Worth",AUG [day/year illegible],,04-025-P01; 04-025-P02; 04-025-P03,Geo' Douglas — / Red Oak Texas / Zella Douglas — / 1715 — Grand Avenue — / North Fort Worth — / Texas. / RED OAK / AUG
person,Anna Conger (Mrs Smithson); Eva,Note on envelope reverse,,,04-026-P01,Met today Anna Conger now Mrs Smithson / Eva's old playmate at Ferris
church,Sylvana,"Meeting at Sylvana with dinner on the ground; visitors from Ennis, Oak Cliff, Waxahachie","Monday Morning [Aug, year not given]",,04-027-P03; 04-027-P04; 04-028-P02,"yesterday was a ""big"" day. According to announcement there was dinner on the ground. And such another dinner. About the finest ever spread at Sylvana. Among visitors present was White Stirman and [[deleted: illegible]] wife ... and Nellie Russell ... From Oak Cliff were three carloads of people, Jeff Barclay ... the wife of J. C. Estes, the preacher, Bro. Stevens, mother wife and sister, Bro. Melton and family and Bro. Holsenback, and wife. ... Mrs. Dr. Mitchell and family, and Bro. Dunn's family were out from Waxahachie."
person,White Stirman,Moving to Marlin to run a 'Watkins' medicine wagon,,,04-027-P03,"White and family going to move right away to Marlin, where White has a job of running a ""Watkins"" Medicine wagon."
person,Mrs Howard; Cliff Stanford; Bro. Dunn,Visitors; Bro. Dunn the revivalist 'blue over his work here',,,04-028-P02; 04-028-P03,"Bro. Dunn being something of a revivalist is blue over his work here, he is disappointed."
person,Lucile; Larkin; Kate,Lucile ill at Kate's; Larkin's disease malignant; company forbidden,,,04-028-P04; 04-028-P05; 04-029-P04,No change to report in Lucile's condition ... Larkin is much worse; the disease taking a malignant form day before yesterday ... At Kate's. I found Lucile not so well as last Sunday
event,Ellis County cotton crop,Crop a failure on 11 August (year not given); worms destroyed bolls,the eleventh of August,,04-029-P01,"The Ellis Co. cotton crop is a failure today the eleventh of August. The worms have completely destroyed all the bolls and squares, and blooms are scarcer than I ever saw"
church,Ila Duncan; Mayfaire; Bros Duncan,Confessions and baptisms at the meeting,,,04-030-P01; 04-030-P02,Ila Duncan and Mayfaire made the confession and will be baptized this evening — meeting will close tomorrow night. / Came up today and had a real civilized dinner with [[Bros?]] Duncan.
event,Red Oak,Old wooden centre of Red Oak burned,,,04-030-P03,"Jesse Ligon and family have returned to Red Oak, bag and baggage. ... Did I tell you that the old wooden center of Red Oak burned out from brick to brick? Well the old rat traps are gone. Some loss heavily —"
person,G. D. (George Douglas) to Zella,Signs 'Affectionately G. D.'; 'My peach preserves were highly praised',,,04-030-P04; 04-030-P05,Affectionately G. D. / Do the best you can for yourself while you are there. Dont bother about me. / My peach preserves were highly praised
person,Clarence & Kate; Sid Farrar; Glenn; Roland,Stayed with Clarence & Kate; puncture fixed at Rockett with Sid Farrar; Kate's children look bad; Roland's house in the pasture,Wednesday Eve,,04-032-P02; 04-032-P03; 04-033-P01,"I staid with Clarence & Kate Sunday night ... so I drove to Rockett on the rim, and with the help of Sid Farrar soon had it righted up. ... Glenn was not well ... Will likely come to Roland's house in the pasture."
person,Aunt Nannie; Ruth; Elmer Carter; Edwina,Letter from Paris forwarded; Aunt Nannie; Ruth's plum jelly; Elmer Carter takes the cow; Edwina's letter,,,04-033-P02; 04-033-P04,The letter to you from Paris I opened ... Will send yours to your Aunt Nannie ... Ruth gave me a glass of plum jelly ... Elmer Carter is very glad to get all of the Cow. ... Tell Edwina I enjoyed reading her good letter hugely.
person,Ed,Zella staying where Ed's expenses are enormous,Tuesday Morning,,04-034-P03,I know Ed's expenses must be enormous; but be sure you do not add any to them.
event,G. D.'s housekeepers,"Housekeepers left for Bartlett, Texas; George 'baching'",,,04-034-P03; 04-034-P04,"Our house keepers packed up their goods Saturday, and Sunday Evening loaded them on two wagons, and Monday morning pulled out for Bartlett Texas. ... So my prospects for baching grows brighter from day to day. ... My nieces cant understand why I persist in staying at home"
event,Feterita patch,Hens water below the feterita patch,,,04-035-P01,"They mainly water just below the Feterita patch at a swamp spring, and the feterita furnishes them fine picking."
church,Olaf; Bro. Duncan; Bro. Dunn; Dr. Stoker,Olaf wished to be baptized; Dr. Stoker gave him a few days to live,,,04-035-P03,"Word came down last night that Olaf wished to be baptized, so Bro. Duncan returned immediately to Red Oak to make preparation ... Dr. Stoker told the friends that apparently he had only a few days to live. This is hard on Kate but not unexpected."
event,Olaf,Died at six thirty on a Wednesday evening; buried at the Rawlins cemetery; Bro Dunn spoke at the tabernacle,Thursday Morning / Thursday Evening,,04-036-P03; 04-037-P01,Olaf died yesterday evening at six thirty. ... Just back from Olof's burial at the Rawlins cemetery — Many friends and sympathizers were present. Bro Dunn made a good comforting talk at the tabernacle.
event,Larkin,Blood poisoning after a hen scratched his thumb,,,04-036-P05,Larkin is sick with blood poisoning. ... To begin with a hen scratched him on the thumb some days ago
person,Mrs. Wadley,The Dr's mother died,,,04-036-P05,"Mrs. Wadley, the Dr's mother died yesterday evening."
church,Hattie Stanford; Patrick Chapel; Oak Cliff,Baptism; visitors,,,04-037-P01,"Hattie Stanford is to be baptized this evening. Quite a lot of the Patrick Chapel people were down today, and quite a lot are reported coming from Oak Cliff Sunday"
person,Mary Roberts; Edna,Fruit jars given,Thursday Morning,,04-038-P04,"Mary Roberts sent down and got all the Fruit jars she wanted some days ago, and yesterday Evening Edna came and got seventeen for her Mother."
money,G. D.,"Peach preserves: 12 lb peaches, 9 lb sugar; $13 of potatoes sold",,,04-038-P05,"I had 12 pounds of peaches, and 9 pounds sugar, began at sun up and got through by noon. ... Have disposed of 13 dollars worth of potato's and have plenty left."
person,C. C. Douglas,"Envelope from Suite 1614, 100 East 42nd Street, New York to Mr. C. C. Douglas, 212 East University, Waxahachie",FEB 28 1941,1941-02-28,04-039-P01; 04-039-P02; 04-039-P03,"Mr. C. C. Douglas / 212 East University / Waxahachie, Texas / NEW YORK N. Y. / FEB 28 / 1941"
money,Bruce Headrick; Zella Douglas,"Federal Land Bank of Houston commissioner's loan No. 336394J, $1000, note dated 11 Jan 1939 for 10 years; check payable to Assn., Bruce Headrick and Zella Douglas","January 27, 1939",1939-01-27,04-040-P02; 04-040-P03; 04-040-P05; 04-040-P07,"THE FEDERAL LAND BANK OF HOUSTON / Division of Commissioners Loans / Houston, Texas, January 27, 1939 / Loan of Bruce Headrick / P. O. Red Oak, Texas ... LOAN NO. 336394J ... the first payment of $7.00, for interest only and will be due April 1, 1939 ... Note dated January 11, 1939 for 10 years. ... Check No. 341819 Payable to Assn. and Bruce Headrick and Zella Douglas. | $1000.00"
money,Bruce Headrick,Loan closing: 'To pay balance purchase money lien'; attorney Thos. F. White; Wm. J. Mills,"January 27, 1939",1939-01-27,04-040-P08; 04-040-P09,"3. To pay balance purchase money lien. / (See FLB) / ELLIS / WM. J. MILLS:LOW / Thos. F. White, Attorney."
land,Bruce Headrick,"Federal Land Bank loan No. 92466J, $1800 on 70 acres, A. J. Porter survey, Abstract 829, Ellis County; check $1703 to Sec.-Treas. and Zella Douglas; total debt not to exceed $2800","January 27, 1939",1939-01-27,04-041-P03; 04-041-P04; 04-041-P06; 04-041-P07; 04-041-P08,"Loan of Bruce Headrick / P. O. Route 1, Red Oak, Texas / Thru the Ellis N. F. L. A. ... LOAN NO. 92466J ... Ellis | 70 | [[blank]] | [[blank]] | A. J. Porter | 829 ... Check No. 341818 Payable to Sec.-Treas. and Zella Douglas | $1703.00 ... TOTAL LOAN | $1800.00 ... The total indebtedness against this security is not to exceed $2800.00."
money,Bruce Headrick,Semi-annual payments $66.60; first interest payment $11.03 due April 1 1939; R. D. Johnson Treasurer; application fee $17,"January 27, 1939",1939-01-27,04-041-P05; 04-041-P09,"his payment will be regular semi-annual amortization payments of $66.60 each ... Very truly yours, R. D. JOHNSON, Treasurer. ... Bank charges (application fee), $17.00"
land,Heirs of N. L. Douglas,Quitclaim among heirs after Mary Douglas deeded portions of the estate to each,February 19 1875,1875-02-19,04-042-P02; 04-042-P03,we the undersigned heirs at law to the estate of N. L. Douglas for and in consideration of the portions of Said estate to us individually and severally deeded by Mary Douglas our mother ... do each severally and singly bind ourselves ... to forever quit ... all claims against all parts and parcels of said estate not received to us individually
relationship,Heirs of N. L. Douglas,Signers (children and children-in-law of N. L. and Mary Douglas),February 19 1875,1875-02-19,04-042-P03,This February 19 1875 / Jeppe Douglas / George Douglas / Lizzie Douglas / Laura Robinson / Thos. J. Robinson / Susanna Bell / J. M. Bell / J. H. Douglas / Warren Douglas
relationship,Laura Robinson; Thos. J. Robinson; Susanna Bell; J. M. Bell,Laura is wife of Thos. J. Robinson; Susanna is wife of J. M. Bell,26 Feb 1875,1875-02-26,04-042-P07,Personally appeared Laura Robinson wife of the said Thos. J. Robinson & Susanna Bell wife of the said J. M. Bell
person,[[S. M.?]] Hancock,"Notary/JP, Ellis County precinct No 8, certificate No 76",26th day of February A D 1875,1875-02-26,04-043-P04,To certify which I hereto set My hand and official Seal the 26th day of February A D 1875 / No 76 / [[S. M.?]] Hancock N P E C / Texas Precinct No 8
place,[[Jeppe?]] Douglas,"Acknowledged the quitclaim in County of [[Rusk?]] on 9 March 1875 (the family edition reads Hood County, Glen Rose)",9th day March A. D. 1875,1875-03-09,04-043-P06; 04-043-P07; 04-044-P06,The State of Texas / County of [[Rusk?]] / Personally appeared before me the undersigned authority [[Jeppe?]] Douglas ... on the 9th [[lost: torn edge]] / March A. D. 1875.
land,Geo Douglas et al to Mary Douglas,"Quitclaim filed for record 21 Aug 1875 by J M Phillips, Clerk District Court; recorded Deed Record O pages 2-3 on 23 Aug 1875; deputy H. C. Wise",Aug 21st 1875,1875-08-21,04-045-P01; 04-045-P03; 04-045-P05,"Geo Douglas et al / To / Mary Douglas / Deed / Filed for Record at 10½ oclock am / Aug 21st 1875 / J M Phillips / Cl D C / Book O Page 2 ... duly recorded in Deed Record O of said County, on pages 2 & 3 ... Per H. C. Wise Deputy."
land,Bruce Hedrick,"Field notes for 70.0 acres of the A. J. Porter Survey, Abst. No. 829; beginning at NW corner of Miss Zella Douglas property on the south line of the Geo. Douglas 80 acre tract (Vol. Z p. 58) and NE corner of J. H. Hedrick 20 acres (Vol. 179 p. 362); to the centre of Brushy Creek",,,04-046-P01; 04-046-P02; 04-046-P03; 04-046-P05,"Field Notes for Bruce Hedrick. / Being 70.0 acres of the A.J. Porter Survey, Abst. No. 829, in Ellis County, Texas ... Beginning at an iron stake at the N.W. corner of the Miss Zella Douglas property, said point being on the South line of the Geo. Douglas 80 acre tract, described in Vol. Z, Page 58 of the Deed Records of said County, and the N.E. corner of the J.H. Hedrick 20 acres described in Vol. 179, Page 362 ... Thence S. 30 E., 587 vrs. to the center of Brushy Creek."
event,Papa (George Douglas) to Zella,Letter from Union City (California postmark) about cancer treatment; wants $100 for the Ford; sell young cattle; note at Waxahachie bank due 11 Sept,Sept 3 — 1923,1923-09-03,04-048-P01; 04-048-P04; 04-048-P05; 04-049-P02,"Union City Sept 3 — 1923 / My Dear Child — ... I want a hundred dollars for the Ford. No trade. ... Sell the young cattle as it wont pay to winter them. Put up feed for one cow only. Pay the taxes, and have Ligon to attend to note due the / Waxahachie Bank, due the Eleventh of September."
event,Papa,A large lump came out through his cheek; fears more metastases; radium scattered the trouble; 'This last will be four',Sept 1923,1923-09,04-049-P05; 04-050-P02; 04-050-P03; 04-050-P05,"A large lump came out through my cheek, and there is another to follow not so large. ... The thing I fear is that more Metastases may set up — / The radium had scattered the trouble into my cheek ... This last will be four that has been caught up with"
money,Papa,Trip would cost $100; wants all debts at home paid,Sept 1923,1923-09,04-051-P04,You may have to come out here; and it will take a hundred dollars to cover the trip; and I want all debts at home paid so as to know how best to do.
event,Papa,Cannot come back by Nashville because of the altitude over the Cumberland Mountains; Anna's visit,Sept 1923,1923-09,04-052-P03,No! I cant come back by Nashville. I would not risk the altitude over the Cumberland Mountains. I am glad Anna stopped to see you.
event,Papa,'you are all I have that is best to live for'; car cranking days over,Sept 1923,1923-09,04-053-P01,"I would love for you to be here, for I get very blue and lonesome at times, and you are all I have that is best to live for. With the number of my years I cant stay here long ... my car cranking days are over."
person,Allie; Dr Bird,Allie leaves to run a dormitory; George staying with Dr Bird,Sept 1923,1923-09,04-054-P02,Allie leaves tomorrow for [[illegible]] to run a Dormitory. I am staying with Dr Bird. Papa.
place,Zella Douglas,"Envelope postmarked Union City, CA., 7 Sept 1923, to Zella Douglas, Red Oak",SEP 7 1923,1923-09-07,04-055-P01; 04-055-P02,Zella Douglas / Red Oak — / Texas — / UNION CITY / SEP 7 / 12:30 AM / CA. / 1923
person,Mrs Henderson; Ernest; Bruce; Ira; Van,Household at Union City; Ernest's cotton; Bruce may want the car; Ira's condition,Thursday 6 [Sept 1923],1923-09-06,04-056-P03; 04-057-P03; 04-058-P02; 04-058-P03; 04-075-P01,"I gave Mrs Henderson the suit case. ... If Ernest wants to kill one and peddle it out ... If Bruce wants the car very much, he will get rid of his and buy ... Very sorry to hear of Ira's condition. ... Have Ernest and Van to make a careful estimate of the cotton crop in Bales."
money,Union City prices,"Apples $1-1.50/bushel, cider 50c-$1/gallon, pears $1-1.50/bushel",Sept 1923,1923-09,04-059-P02,Good apples here sell from a dollar to a dollar and a half per bushel. Cider fifty cents to a dollar per gallon. Pears 1.00 to 1.50 per bushel.
event,Papa,Last plug removed; hole in cheek made by the cancer coming out; lump under chin like a small butter bean,"Friday, 9. A. M.",,04-061-P02; 04-061-P03; 04-062-P02,"The last plug is removed, and future treatments not needed unless more Metastasis sets up. ... It will take a long time to heal the hole in my cheek made by the cancer coming out ... The lump under my chin is gradually getting less, thinner and flatter, about like a small butter bean."
person,Mr. Ridley; Mrs. Johnson,Fellow patients,,,04-063-P02; 04-063-P03,Mr. Ridley is improving right along ... Mrs. Johnson is getting along very slowly.
event,Papa,"House repairs: ceil, paper or paint; about fifty dollars; Ernest to bring lumber for scaffolding",Wednesday 11-23-,,04-066-P01; 04-067-P01; 04-068-P01,"There is three ways to stop this. Ceil over the old ceiling with new lumber, paper or paint the walls. ... Oil, paint, and putting it on, will likely cost about fifty dollars"
event,Papa,Labor scarce; racial remark retained as documentary text,,,04-069-P01,"White folks wont work [[inserted: or dont work]], and niggers are scarce. I do not know when I have seen a white man hunting work."
place,Zella Douglas,Envelope Union City GA [sic] AUG 30 1923,AUG 30 1923,1923-08-30,04-071-P02,UNION CITY / AUG 30 / 6 PM / GA / 1923
event,Papa,Aug 30 1923: most of the cancer came out; home maybe middle of October,Aug 30 - 1923,1923-08-30,04-072-P01,"Most of the cancer came out, a little left, cant tell just how much. ... If no further trouble comes up, and I stay until fully healed, it may be the middle of October"
money,Papa; Mr. Ligon; Guaranty Trust bank of Waxahachie,Note due 11 Sept at Guaranty Trust bank; tax receipt to Farrar and Kemble attorneys for the suit in the [[Funds?]] tax business; Buord Farrar attorney,Aug 30 1923,1923-08-30,04-073-P01; 04-074-P01,"go to Mr. Ligon, get the note on The Guaranty Trust bank of Waxahachie, due the eleventh day of September ... take it Farrar and Kemble attys, and leave with them. They may want / it as evidence in the suit pending in the [[Funds?]] tax business. / Then tell Buord Farrar to check on Red Oak for what funds he may have to have in my case as attorney."
person,Stoker,Made an awful charge overhauling the machine,Aug 1923,1923-08,04-076-P01,Stoker made an awful charge. Did he itemize it? He must have overhauled the whole machine.
person,Allie,Going to Gunter to take charge of a dormitory; she has cancer,Aug 1923,1923-08,04-076-P01,"Allie is making ready to go to Gunter, take charge of a Dormitory, and put the children in school. ... She has cancer"
event,Duckworth; the A.W.,Duckworth made business manager of the A.W.; circular calling for help to print it,Aug 1923,1923-08,04-077-P01,"Duckworth has been made business manager of the A.W. He has put out a circular letter to the brethren, calling for help to print it in Texas saying he has no money and that the paper has none"
relationship,Henry Douglas; N. L. Douglas,"Identifying slip: letter to Mr. N. L. Douglas from son Henry, Palestine; a second slip: letters by Henry and Ellen Douglas","Sept. 8, 1851",1851-09-08,04-078-P01; 04-078-P02,"To Mr. N. L. Douglas / from son, / Henry Douglas / Palestine, Texas / Sept. 8, 1851 / Letters written by / Henry and Ellen Douglas"
relationship,Henry Douglas; sister Rebecca,Henry writing to 'sister Rebecca',Sept. 8th 1851,1851-09-08,04-079-P01,"I have just been writing to sister Rebecca, and scolded a good deal with [[her?]] for none of you writing to me"
place,Henry Douglas,"Palestine (Anderson County) sickly for two months, more than he ever saw in Ellis Co.; Old Mr Benson",Sept 1851,1851-09,04-079-P01,"This County although reputed to be one of the healthiest in the State, has been very sickly for two months past, more so than I ever saw it in Ellis Co. I think that Old Mr Benson is nearly willing to try the [[illegible]] again"
money,Henry Douglas,"Quit Mr Dale; helping [[Hedlie?]] a large livery stable; wages $1.50 per day, board $10 per month; carpenters' opening; journeywork or undertaker",Sept 1851,1851-09,04-080-P01,"I quit working for Mr Dale about a month ago ... I am now helping [[Hedlie?]] a large Livery Stable, my wages are $1,50 cts pr day, but after subtracting $10 pr month for board & washing, the amount is considerably diminished. There is going to be a very good opening for carpenters here this coming Winter and Spring, and I am somewhat at a loss whether to continue journeywork or turn out undertaker"
church,Christian Church at Palestine,Resolved to build a house of worship 56 by 34 feet,Sept 1851,1851-09,04-080-P01,The Christian Church at this place have resolved to build a house of worship as soon as lumber can be procured. It will be 56 ft long & 34 wide
person,Mr Mallard,Bound for old Rutherford; wife wants Tennessee,Sept 1851,1851-09,04-081-P01,"I was at Mr Mallards house a time ago, he says he is bound for old Rutherford as soon as he can get off ... his wife is very much dissatisfied and cant hear to nothing else but going back to Tenn."
church,Susannah,Henry rejoices at Susannah's [obedience to] the Truth,Sept 1851,1851-09,04-081-P01,"Nothing gratified me more than to hear of Susannahs [[illegible]] the Truth, may she hold out faithful to the end is my sincere prayer. O that all the Family that have arrived at the years of discretion were gathered into the fold of Christ."
relationship,Ellen Douglas; Lizzie Douglas,Slip: to Sister Lizzie Douglas from Ellen Douglas,"Jan. 12, 1862",1862-01-12,04-082-P01,"To Sister Lizzie Douglas / from / Ellen Douglas / Jan. 12, 1862"
event,Ellen Douglas,"Christmas 1861 at her cabin: cake, pies, egg nog, 14 young people; young men left for the war",Jan. 12 1862,1862-01-12,04-083-P01,I had plenty of cake and pies at my cabin Christmas day and a big Egg nog. ... I looked out and saw 14 young men and girls riged out comeing ... all the week after which most all the young men left for the war.
person,[[Gaskin?]]; Angus; Maggie; Sister Fleming; heath,Ellen's children and household,Jan 1862,1862-01,04-083-P01; 04-084-P01,[[Gaskin?]] had a chill last week and now has very sore eyes he is walking and is as pretty as any bodys boy he can talk now as good as Angus. Maggie is growing fast and will be another Sister Fleming ... my man Angus is as fat as a pig
event,Warren; Beck,Warren gone to Deer Creek to move Beck there; going to the war as soon as she is confined; baby expected 5-11 Feb 1862,Jan 1862,1862-01,04-084-P01,"Beck has not been very well ... Warren had gone to deer creek to see about moveing her there as he is going to the war as soon as she is confined they will not break up housekeeping until after that, she is expecting about the 5 to the 11 of Feb."
relationship,Beck (Rebecca); Warren,Warren tried to get some of her sisters to stay with her; Ellen offers,Jan 1862,1862-01,04-084-P01,Warren tryed to get some of her sisters to come home with him and stay a while with her but they could not leave home
place,Ellen Douglas,Living in Sam's cabin; Sue's house commenced,Jan 1862,1862-01,04-084-P01,we are still in Sams cabin I expect I will remain here some time yet ... Tell Sue I am glad to hear of her hopes being realized that is her house comenced
person,Amanda Berry; Lizzie West,Neighbours who want letters from Laura,Jan 1862,1862-01,04-085-P01,tell Laura the last time I saw Amanda Berry she asked about her and said she must write to her Lizzie West was here not long ago
event,Warren; Beck,Warren will leave as soon as Beck is able to be moved to her father's,Jan 1862,1862-01,04-085-P01,I recon you will all come now to see Warren before he goes off he will leave as soon as beck is able for him to move her to her fathers.
land,H. Douglas,Went to Brushy to secure 'the Land' but failed to get the certificate; dated Buchanan,Jany 15th 1862,1862-01-15,04-086-P01,"I started yesterday to Brushy to see if I could secure the Land [[illegible]] you, but failed to get the certificate him as I expected ... Buchanan Jany 15th 1862 H. Douglas"
unit,Warren,Warren likely to get off in February; company not yet chosen,Jan 1862,1862-01,04-086-P02,Warren is likely to get off in Feb — does not know what Co he will join yet
money,H. Douglas,Wool sent to Shreveport netted 26 cents,Jan 1862,1862-01,04-086-P03,I sent [[752?]] lbs wool to Shriveport it netted 26 cts
relationship,Henry Douglas; Lizzie,"Slip: to Sister Lizzie (possibly while in California) from Henry Douglas, Red Oak","Sept. 6, 1892",1892-09-06,04-087-P01,"To Sister Lizzie / (possibly while in California) / from Henry Douglas / Red Oak, Texas / Sept. 6, 1892"
church,Henry Douglas,On irreligion in California; 'California & Sodom & Gomorrah are not unlike',Sept 6 1892,1892-09-06,04-088-P01,"I do not now wish to say anything only to regret, nay lament such a condition of irreligion as portrayed in your letter Surely California & Sodom & Gomorrah are not unlike / A day in the courts of the Lord is surely worth a thousand in such a place"
church,Liberty; Bros Cole & Graves,Good meeting at Liberty; Clarence & Kate obeyed the gospel; they will be 14 on 8 Sept [1892],Sept 1892,1892-09-08,04-089-P01,We have just had a good meeting at Liberty conducted by Bros Cole & Graves / You will rejoice with me that Clarence & Kate obeyed the gospel. They will be 14 the 8th inst
person,Otis Maynard?; Lee Weatherford?; Robbie Sullivan?; Jesse Graves; Mrs Bur Pratts?,Others added at the meeting; 'your son',Sept 1892,1892-09,04-090-P01,"Also your son, [[Or. Otis Maynard?]] Lee [[Weatherford?]] Robbie [[Sullivan?]] Jesse Graves & Mrs [[Bur Pratts?]] & others unknown to you"
event,Crops 1892,"Corn good, wheat and oats fine, cotton average; Mr Ward a good renter for Lizzie",Sept 1892,1892-09,04-090-P01,Our Wheat & Oats were fine & Cotton a good average Many are picking & the gin whistles are beginning to sound ... Mr Ward has a good crop for you I think he is a good renter
person,Henry Allen; Sam Strand?; Mrs Bell; Mrs Thuston?; Dr Duff; Henry Orr,Tenancy changes,Sept 1892,1892-09,04-090-P01,Henry Allen is going to move to Hood County near Acton & Sam [[Strand?]] has rented Mrs Bells place Mrs [[Thuston?]] has rented Dr Duffs & her son in law [[Surren?]] Henry Orrs place
person,Jodie,In bad health; went to Erath Co.; Greer Co. crops failed,Sept 1892,1892-09,04-091-P01,Jodie is in bad health as usual & started yesterday to Erath Co. Greer Co failed on crops this year
event,Billy Davis,Fell off his wagon near Palmer,Sept 1892,1892-09,04-091-P01,Billy Davis fell off his wagon [[illegible]] [[near?]] [[Palmer?]] about 10 days ago.
person,Tom & Laura; John & Ann; Sue; Kate; Mr & Mrs Barton,Family in California and Brushy,Sept 1892,1892-09,04-091-P01,Give my love to Tom & Laura & family & also to John & Ann ... Sue will probably teach in Brushy this winter & I will send Kate to her / Give to Mr & Mrs Barton / Your brother Henry
relationship,Henry Douglas; Mary Douglas,"Slip: to Mrs Mary (N. L.) Douglas from Henry, Palestine, Dec. 30 1853 (letter reads Dec. 3d)","Dec. 30, 1853 / Dec. 3d 1853",1853-12-03,04-092-P01; 04-093-P01,"To Mrs Mary (N. L.) / Douglas / From Henry Douglas. / Palestine, Tex / Dec. 30, 1853 ... Palestine Dec. 3d 1853 / Dear Mother"
event,Jepse; Warren,Gone out on the Brazos; Warren's second trip,Dec 1853,1853-12,04-093-P01; 04-094-P01,"I learned from him some of the particulars about home, & amongst the rest, that Jepse & Warren had gone out on / Brazos. ... Warren has been writing a little about his trip to the Brazos, but only casually alluded to his second trip"
person,David Gaslin,Met at Bonners ferry on Trinity,Dec 1853,1853-11-28,04-093-P01,"I had however the pleasure of meeting with David Gaslin, at Bonners ferry on Trinity, last monday evening"
church,Palestine cooperation meeting,About $450 subscribed for evangelizing; committee of 5 managers; Bro. Kendrick preached; [[6?]] baptized incl. Addison son of Bro Clark and Albert son of Bro. K,Dec 1853,1853-11,04-094-P01; 04-095-P01,"The Co-operation will, I think be quite effective; about 450 dols were subscribed for evangelizing purposes ... Bro. Kendrick had all the preaching to do. There were [[6?]] baptized & one other added to the Church 2 of them were little boys, one, Addison, son of Bro Clark aged about 12 years the other Albert, Bro. K's oldest son about 10 years old."
place,Mrs Mary Douglas,Address Red Oak Texas,1853,1853,04-096-P03,Mrs Mary Douglas / Red Oak Texas
relationship,Henry Douglas; N. L. Douglas,"Slip: to N. L. Douglas from Henry Douglas, Palestine","Jan. 12, 1855",1855-01-12,05-002-P01,"To N. L. Douglas / from Henry Douglas / Palestine, Tex. / Jan. 12, 1855"
event,Henry Douglas,"Left home in October [1854]; decided to remain in Palestine one more year; partnership with Dr Kendrick, one-third of accounts and expense",Jan. 12 1855,1855-01-12,05-003-P01,"I concluded to remain here one year longer, & risk the consequences. Dr Kendrick & myself have formed a partnership for the year. I get ⅓ of the accounts, & am at ⅓ the expence, pay my board & furnish my own horse"
person,Old Mr Ransom,Known to N. L. Douglas; will try Dr K.,Jan 1855,1855-01,05-004-P01,"Old Mr Ransom, (whom I take to be a man of strong prejudices) has declared his intention to try Dr K when next he wants a physician. ... I mention him, as he is known to you"
event,Henry Douglas,Wrote to Warren of a cancer case; promises a visit in April,Jan 1855,1855-01,05-004-P01,"I wrote to Warren, of a Cancer case we have on hand ... I think I can venture to promise you a visit in the Spring, say April."
relationship,Henry Douglas; Mary Douglas; Susannah,Letter from Mary and Susannah; Uncle Sam's court engagements; Jepie's and Warren's absences; Susannah to come down with Henry,"Ap. 8, 1853",1853-04-08,05-006-P01,"The letter from yourself & Susannah, came by last mail ... I recd a letter from Uncle Sam a short time ago, suggesting the 1st of May ... in consequence of his engagements, at court in April & also Jepie's & Warrens absences ... I am pleased that Susannah has consented to come down with me"
event,Henry Douglas; N. L. Douglas,Parting from Father near the Willow pond; walked to Porters Bluff,before Apr 1853,,05-007-P01,"I know that while memory lasts I shall never forget the day when I parted from Father, in the wide lonely prairie, near the Willow pond, his parting advice, & the loneliness of the subsequent hours in walking to Porters Bluff. Never till then had I felt so isolated; never had I felt what it was to be homeless, houseless, & in effect, friendless"
event,Weather 1853,Dry; corn frostbitten; wheat feared ruined,Apr 1853,1853-04,05-007-P01,"The weather has been very dry with us, for a long time, & crops are suffering greatly for rain. Corn has been badly frostbitten ... I fear the wheat has been ruined, with you."
relationship,aunt Cynthia,Postscript: remember me to [[Un.?]] & aunt Cynthia,Apr 1853,1853-04,05-007-P02,P.S. Give my love to all. Remember me to [[Un.?]] & aunt Cynthia. &c &c / H.D.
event,Henry Douglas,"Slip: driving a herd of sheep to Texas from Mississippi County, Missouri","June 23, 1860",1860-06-23,05-008-P01,"To N. L. Douglas / from / Henry Douglas / Mississippi County, / Missouri / June 23, 1860 / — re driving herd of / sheep to Texas"
money,Henry Douglas; Willis Helm,Paid $1-2 per sheep; Willis Helm sent $500; with $1500 bought 750 head; about $200 left,June 23d 1860,1860-06-23,05-009-P01,I have had to pay from 1 to 2 dollars for sheep ... Mr Willis Helm sent $500 by me to get him some sheep & with the 1500 I have bought 750 head & do not know that I will have money enough to get them to Tex. as I only have some 200 left.
place,Henry Douglas,Bought sheep in Callaway & Graves Co's Ky and Christian Co; crossed the Mississippi at the Iron Banks; ferriage 8 cts per head,June 1860,1860-06,05-009-P01,I bought common sheep in Callaway & Graves Co's Ky purchase lambs at 1 & Ewes at 1.25 per head ... went back to Christian Co & got some 250 head at 1.75 & 2 per head ... I crossed the Mississippi at the Iron Banks last Sunday & had to pay 8 cts per head ferriage
event,Sheep drove,Lost near 50 head; disease; a drove from Rutherford Co Tennessee passed,June 1860,1860-06,05-009-P01; 05-010-P01,Several have died & altogether I have lost near 50 head since I started ... A few days ago a drove of 7 or 800 passed from Rutherford Co Tennessee & lost a great many.
money,Henry Douglas,4 hands hired at $15 per month; route via Fort Gibson ferry on the Arkansas and Springfield Mo.,June 1860,1860-06,05-011-P01,I have 4 hands hired at 15 dollars per month each & taking all together I cannot make the drove profitable if I do not lose by it. I have not heard from any of you since I left Texas nor have I heard from Ellen since I left Lincoln County. ... I suppose I will reach Springfield Mo. in 30 or 40 days
person,Ellen,Henry has not heard from Ellen since leaving Lincoln County,June 1860,1860-06,05-011-P01,nor have I heard from Ellen since I left Lincoln County
money,Samuel Wallace; N. L. Douglas,Promissory note: five barrels corn or four dollars by 25 Dec next,2nd Oct. 1832,1832-10-02,05-012-P02,"By the 25th December next I promise to pay to N L Douglas at his house five barrels corn, or four Dollars, value recd this 2nd Oct. 1832. / Samuel Wallace [[seal]]"
event,James Bass; N. L. Douglas,Business letter from Murfreesboro; two to three years since he heard from Douglas about 'our business',April 18 /54,1854-04-18,05-014-P01,It has been about two years since I heard from you in relation to our business — it has been I believe nearly three years.
land,James Bass; Gen. A. Sublett,"Bass bought the balance of the Littleton White tract, about 3250 acres; wants Douglas to see whether taxes are paid; Louis Dickson tract on the Trinity at the mouth of five mile creek",April 1854,1854-04-18,05-014-P01,I have bought lately of Gen. A. Sublett the balance of the Littleton White tract of Land — the purchase embraces about thirty two hundred & fifty acres — You know where it is situated & I want you to see to it. See whether the Taxes are paid ... the Louis Dickson tract of Land on the Trinity River ... I believe the Land is at the mouth of the five mile [[deleted: branch?]] [[inserted: creek]]
place,Nathaniel Douglas,"Addressed 'Nathaniel Douglas, Red Oak Post Office, Texas'",1854,1854,05-015-P02,Nathaniel Douglas / Red Oak Post Office / Texas.
money,[[S. A.?]] Farrar; F. L. Farrar; G. A. Sublett,Note for $520 to Sublett due 1 March next; $15 received by N. L. Douglas for Sublett; endorsed to Mr [[Ledbetter?]],12th day of October 1852; April 20th 1853; 1852 oct 28th,1852-10-12; 1853-04-20; 1852-10-28,05-017-P01; 05-018-P01; 05-018-P03,On or before the first day of March next I promise G. A. Sublett to pay him or order Five Hundred and twenty Dollars value received ... This the 12th day of October 1852 / [[S. A.?]] Farrar / F. L. Farrar ... April 20th 1853 / Received on the within Note Fifteen dollars. N L Douglas / for G. A. Sublett ... Pay the within to Mr [[Ledbetter?]] ... 1852 oct 28th / Geo A Sublett
land,N L Douglas as agent for G A Sublett; W. B. McCabe,"Redemption of 1280 acres on Subletts Creek listed to A J Porter, sold for 1848 taxes on 4 Feb 1850 to C M Winkler; tax and cost $14.48; Winkler releases claim 31 Jan 1851",23d day of January 1851,1851-01-23,05-020-P01; 05-020-P02; 05-021-P01; 05-021-P02,Rit of Revocation / of / A J Porter 1280 acres / Land Taxes & cost / paid up to 1850 / Tax and cost $14.48 ... N L Douglas as agent for G A Sublett has this day paid me the amount of Tax and Cost of Sale and one hundred per cent there and as required by Law for the Redemption of 1280 acres of Land lying on Subletts Creek and sold by me for the Taxes for the year 1848 [[inserted: and listed to A J Porter]] on the fourth day of February AD 1850 and purchased by C M Winkler ... W. B. McCabe [[seal]] / assessor & collector / for the county Navarro ... I ratify and sanction the doings of W. B. McCabe ... Jany 31st 1851 / C M Winkler
money,[[S W?]] Webber; N. L. Douglas,Due bill for five dollars,January. 21st 1829,1829-01-21,05-022-P02,Due N. L. Douglas or bearer five dollars value received. January. 21st 1829. / [[S W?]] Webber
land,Geo A Sublett; N L Douglas,"Power of attorney from Sublett of Rutherford County, Tennessee to 'my friend N L Douglas of Ellis County' to sell lands in Dallas, Ellis and Navarro counties; conveyance to Mr. Farro of 640 acres; to Ephraim Andrews & Co. 540 acres in two surveys",28th October 1852,1852-10-28,05-025-P01,"I Geo A Sublett of the County of Rutherford and State of Tennessee have nominated and appointed, made and constituted my friend N L Douglas of Ellis County State of Texas, my true and lawful attorney for me, and in my name to bargain Sell Grant and convey ... any part or all of the lands that, I own in the State of Texas — in the Counties of Dallas, Ellis, and Navaro ... likewise to make proper conveyance to Mr. Farro for a tract of Six hundred and forty acres heretofore Sold him, also to Ephraim Andrews & Co. Five hundred and Forty acres in two Seperate Surveys."
land,Benj F Hawkins,Clerk of the County Court of Ellis County; power of attorney recorded 8 Nov 1852 in Deed Record A page 163,29th day of October AD 1852; November 8th A.D. 1852,1852-10-29; 1852-11-08,05-026-P01; 05-026-P02,Benj F Hawkins Clerk of the County Court of Ellis County ... the within power of attorney was duly duly Recorded November 8th A.D. 1852 at 9 O.clock A.M. in Deed Record A page 163.
event,G. Douglas,Typed poem 'There is a lonliness of heart' dated 1867,1867,1867,05-027-P01; 05-027-P02,"There is a lonliness of heart / No words can ere express, / Too deep for sorrow's tears to start / To relieve the aching breast. ... 1867 G. Douglas"
land,Robert Crow; G A Sublett,"Crow of Leon County sells 1280 acres (Jasper County certificate 2d Class No 246 of 10 Jan 1840) to Sublett for $160; acknowledged before David M. Brown, Chief Justice, 22 May 1849; recorded Navarro Co. Book A pp. 433-34 on 14 Dec 1849",19th day of May AD 1849,1849-05-19,05-029-P01; 05-030-P02; 05-031-P02,"I Robert Crow for and in consideration of the sum of one hundred and Sixty dollars to me in hand paid by G A Sublett ... all that tract lot or parcel of land containing twelve hundred and Eighty acres being the same secured to me the said Crow by virtue of a certificate issued by the board of land commissioners for Jasper County on the tenth day of January AD 1840 — 2d Class No 246 ... Before me David M. Brown Chief Justice and Exofficio Notary public ... Recorded the 14th day of December A.D. 1849 in Book A, pages 433 & 34 / R [[H?]] White Clk Navarro Co"
money,N L Douglas as agent for G A Sublett,"Redemption of 640 acres granted to Robert Crow, sold 25 July 1850 for 1849 taxes; total $3.08; W B McCabe, 3 Feb 1851; recorded Navarro Book C p. 181",3d day of February AD 1851,1851-02-03,05-033-P02; 05-033-P03; 05-033-P05; 05-034-P02,N L Douglas as agent for G A Sublett has this day paid to me the undersigned assessor & Collector ... for the Redemption of 640 acres of Land granted to Robert Crow and Given in by G A Sublett for Taxes for the year 1849 and Sold by me for the Taxes for the year 1849 on the 25th day of July AD 1850 and bid off to the State ... Total amount of all | $3.08 ... this 3d day of February AD 1851 / W B McCabe
relationship,Sarah Gail (Douglas) Headrick; Lizzie Douglas,"Slip: to Miss Lizzie Douglas from niece Sarah Gail (Douglas) Headrick, Bardsdale, Calif; envelope 'from Sadie' to Miss Lizzie Douglas, Ferris, Ellis Co.","[[Sat?]] 29, 1893; postmark AUG 9 [[1894?]]",1893-09-29,05-035-P01; 05-035-P02; 05-035-P03,"To Miss Lizzie Douglas / from Niece / Sarah Gail (Douglas) Headrick / Bardsdale, Calif / [[Sat?]] 29, 1893 ... from Sadie / Miss Lizzie Douglas / Ferris / Ellis Co. / Texas / BARDSDALE AUG 9 [[1894?]] CAL."
event,Sadie Headrick,Letter from Bardsdale; 'haven't had a break down since I wrote last'; sitting-room furnishings; the store,"Sep, 29th, 1893",1893-09-29,05-036-P01; 05-036-P02; 05-036-P03,"Bardsdale, Sep, 29th, 1893. / My Dear Aunt:—I finished up my morning work pretty well this forenoon ... I am still better—haven't had a ""break down"" since I wrote last."
person,Bruce; Elmo; Mr. Headrick,Sadie's children Bruce and Elmo; Mr. Headrick down with his back; Grandma [[Chadens?]]'s house; Mrs. [[Scholl?]] to Kansas,Sept 1893,1893-09,05-037-P01,"One day he came from the P.O. & said ""Grandma [[Chadens?]] house isn't togezzer is it Mamma?"" ... Mr. Headrick has been down with his back, for two weeks ... Mrs. [[Scholl?]] started back to Kansas the 19th."
event,Sadie Headrick,"Dreamed of the old homestead, telling 'you & Grandma my troubles', and of Uncle [[George?]]",Sept 1893,1893-09,05-038-P01,"I dreamed, last night of being at the old homestead, & telling you & Grandma my troubles, as I was wont to do in by-gone days & also of seeing Uncle [[George?]] ... A few nights before I dreamed of Grandma."
event,Elmo,Elmo's joke about Mr. [[McKie's?]] cow,Sept 1893,1893-09,05-039-P01,"along came Mr. [[McKie's?]] cow—Elmo remarked if that cow was married, she would have a calf. (with her he meant) Making that a [[test?]] most of the California cows are unmarried."
church,Advocate; D. L.; Uncle Geo.; Bro. Polly,Article in the Advocate of April 13 by D. L.; Uncle Geo.'s announcement of the [[Elmwood?]] camp-meeting; Bro. Polly's meetings,1893,1893,05-040-P01,"There is a thought contained in the piece headed ""A [[Lyffe?]]"" (in Advocate of April 13th) by D. L. ... Saw in my last paper, the announcement, by Uncle Geo. of the [[Elmwood?]] camp-meeting—How I wish I could attend as of old. Remember me to Bro. Polly"
person,Kate [[Larson?]]; Mr. H.,Kate stayed while Mr. H. went to Los Angeles; 20 dozen eggs to count,1893,1893,05-041-P01,"Last week Mr. H. went to Los Angeles—Kate [[Larson?]] staid with me, Bruce was sick with cold & fever ... in came over 20 doz. eggs to be counted"
church,Sadie Headrick,Refuses life insurance on religious convictions,1893,1893,05-043-P01,"a Life Insurance Agent & tried to get me to influence Mr. H. to insure. I told him 'twas against my religious convictions He said ""christianity would never keep you from starving to death besides the majority of christians favored it"" I told him the ""majority"" were on their way to perdition too."
person,Mrs. Timmons; Ellen,Mrs. Timmons abed with nervous prostration; 'Now you & Ellen shake your sides',1893,1893,05-044-P01; 05-044-P02,"Now you & Ellen shake your sides. / Last monday week, I went up to Mrs. Timmons & found her abed with nervous prostration"
relationship,(Sarah) Sadie Gail Douglas Headrick; Lizzie Douglas,"Slip: to Miss Lizzie Douglas (aunt) from Sadie, Bardsdale, Aug. 8",Aug. 8,,05-046-P01,To Miss Lizzie Douglas / (aunt) / from / (Sarah) Sadie Gail / Douglas Headrick / Bardsdale / Aug. 8
person,Grandma Humphrey; Dr. [[Hinckley?]]; Drs. Bard and Mott,Grandma Humphrey's growth; operation,August 8th,,05-047-P01,"Grandma Humphrey's growth increases, and is so bad she has difficulty in breathing—consequently has consented to have an operation performed ... Dr. [[Hinckley?]] is back now and he Drs. Bard and Mott, are to do the work."
event,Picnic at Mr. Grimes',Mr. Wigmore's cart; Mrs. Pickering; Mr. Henry Chadsey in Mrs. [[Curren's?]] surrey; Lillie Chadsey,August,,05-047-P02; 05-048-P01,"We had our picnic at Mr. Grimes, last saturday ... if I didn't go down and ask Mr. Wigmore for his cart ... I found Mrs. Pickering hardly able to be out of bed ... down came Mr. Henry Chadsey in Mrs. [[Curren's?]] surrey, for us. Lillie Chadsey had inquired of several why I wasn't there ... They had lemonade and ice-cream. two swings a set of croquet, and a game of baseball."
event,little [[Beckie's?]],Married at Santa Paula on her 18th birthday to Mr. [[Reck?]] [[Lehock?]] unbeknown to her father; Grandma Roberts,the 4th,,05-048-P01,"That was the 4th, and little [[Beckie's?]] birthday, and what think you, she went to Santa Paula with Mr. [[Reck?]] [[Lehock?]] and married him unbeknowing to her father. ... It was her 18th birthday. ... Grandma Roberts spent last sunday night with us."
money,Sadie Headrick,Earned $4.50 pitting fruit,August,,05-048-P01,Well I must tell you that I earned $4.50 pitting fruit. A handsome amount for me.
place,Mrs. Sara Headrick,"Envelope to Mrs. Sara Headrick, Red Oak, Texas; postage due 2 cents; postmark [[SANTA BARBARA CAL.?]] APR 27 1921",APR 27 1921,1921-04-27,05-049-P01; 05-049-P02,Mrs. Sara Headrick / Red Oak. / Texas. / POSTAGE DUE 2 CENTS / [[SANTA BARBARA CAL.?]] APR 27 6:30 PM 1921
person,Mrs. Weatherford; Cousin Sarah Jeter,Warning about 'that son of hers',,,05-050-P01,"I think I have heard Mrs. Weatherford speak of Cousin Sarah Jeter, and I must caution you right here, not to allow your-self to become too much infatuated with that son of hers"
money,Mr. [[Annis?]]; Clapp ranch; church organ,Clapp ranch bought for $1500; $35 subscribed and $50 from Mr. Bard for a new church organ,,,05-050-P01,"Mr. [[Annis?]] has bought the Clapp ranch over the mountains. Payed $1500. When Mr. [[Clapp?]] left, he sold the church organ—So Kate Burdick Wheeler & Mary Yeager, set to work to raise money to buy another. They succeeded in getting $35 subscribed & Mr. Bard, who owns so much land here, sent a check for $50"
church,Mr. Pickering; Holiness sermon,Bible study proposal; Holiness sermon on sanctification and quitting tobacco,,,05-051-P01,"Mr. Pickering, our Supt and the only one in the School, who knows anything about the Bible, suggested, that we older ones get together once a week, and study by subjects ... Last sunday we had a Holiness sermon ... the crowning point of his being sanctified was quitting tobacco."
church,Mrs. [[Wigart?]],Does not think water baptism essential; expects the spirit as a dove,,,05-053-P01,"she doesn't think water baptism, at all, essential to salvation; but still she thinks perhaps, sometime, she will be immersed—adding, she always had an idea if she ever did, the spirit would descend on her, in the shape of a dove"
person,Fannie,Slip: part of a letter from Fannie mentioning Lizzie & Laura; page 4 mentions Johnson Co. and [[Evan?]],,,05-054-P01; 05-056-P02; 05-056-P05,Part of letter – / Mentions / Lizzie & Laura / from Fannie ... one of the prettiest looking [[little?]] [[fellows?]] that left Johnson Co. ... I must to write a letter to [[Evan?]] to night.
person,"Mollie (Woodbury, Tenn.)","Envelope to Miss Lizzie Douglas, Redoak, postmarked Woodbury Apr 10; slip 'Poem to Miss Lizzie Douglas From Mollie Woodbury, Tenn.'",APR 10,,05-057-P01; 05-057-P02,"Miss Lizzie Douglas. / Redoak / Texas / WOODBURY APR 10 TEN. ... Poem to / Miss Lizzie Douglas / From Mollie / Woodbury, Tenn."
event,Mollie; Cousin George,Manuscript of 'Just before the battle Mother' written by request for Cousin George,Dec 9th /66,1866-12-09,05-058-P02; 05-059-P03,Just before the battle Mother / I am thinking most of you ... Written by request Dec 9th /66 For Cousin George / Mollie
event,George Douglas,"Slip: 'Concerning Uncle George Douglas – his work at Sylvanna Church – his death Sept. 23, 1923'","Sept. 23, 1923",1923-09-23,05-060-P01,"Concerning Uncle / George Douglas / – his work at / Sylvanna Church / – his death / Sept. 23, 1923"
event,George Douglas,Continued his labors with the Church at Sylvana until his death 23 Sept 1923; opposed the Sunday School but did not withdraw; died in Georgia,Sept 23 1923,1923-09-23,05-062-P01,My father continued his labors with the Church at Sylvana until his death Sept 23 1923. Though opposing the Sunday School he did not withdraw from the congregation but endeavored to present the truth as he understood it. His health became impaired and he realized that his work was done. He died in Ga and
event,George Douglas; Sylvana congregation,Brought back and buried from the Church; strong character; after his death the congregation ceased to meet,after 1923,,05-061-P01; 05-061-P02,"was brought back and buried from the Church that had been his life work. / He was a strong character and was [[inserted: in full sense an excellent leader]] While in his prime to direct the affairs of the Church, he was unable to train anyone to take his place and after his death the congregation was torn by dissensions and after a few years ceased to consistently meet"
event,Poem,"'In Answer to the Author of ""Georgie""' (manuscript verse)",,,05-063-P01; 05-066-P01; 05-066-P02,"In answer to the Author of ""Georgie."" / I seek not for devoted dears.— / ""Platonic friendship at my years,"" / Most surely will suffice"
event,Song ballad,"'Swinging in the lane', docketed Jan the 22, 1881; Rosa Nell; Aunt Jemima Brown","Jan the 22, 1881",1881-01-22,05-069-P01; 05-069-P02; 05-070-P02,"Song Ballad / Jan the 22, / 1881. / Swinging in the lane. ... Was introduced to Rosa Nell / By Aunt Jemima Brown"
money,Geo. Douglas; A. Trippet & Son,Cotton sale receipt at Waxahachie; weighing 15; cash to balance $[[26.75?]]; slip attributes to Geo. Douglas,Oct [[14?]] 1874,1874-10-14,05-073-P01; 05-073-P02; 05-073-P03,"Waxahachie, Texas, Oct [[14?]] 1874 / A. TRIPPET & SON Bought of / [[blank]] Bales Cotton, / [[illegible]] lbs. at [[6½?]] ... Cash to balance, $[[26.75?]] ... Receipt of sale of cotton / bought by A Trippet & / Son from Geo. Douglas"
event,Sarah E. Douglas,"Essay 'The beauty of female culture' signed Sarah E. Douglas, April [[21?]]",April [[21?]],,05-080-P01; 05-081-P01; 05-081-P06,The Beauty of Culture / by Sarah Douglas ... There is nothing more important than the cultivation of our minds ... Sarah E. Douglas / April [[21?]].
event,Emma Bell,Composition 'Parting from Friends' marked 'Very good',,,05-083-P01; 05-084-P01; 05-084-P02,"Composition / ""Parting from Friends"" / by Emma Bell ... O! how sad we feel when we part from our dear friends! ... Very good"
relationship,Mary Douglas; Cynthia Orr; Rebecca Goodloe; Jacob Wright; Rebecca T. Wright (Alexander); Mary Wright,Slip: Mrs (Mary) Douglas and Cynthia Orr are daughters of Rebecca Goodloe; Jacob Wright brother of Rebecca Wright Goodloe; Jacob Wright and wife were cousins; Rebecca Alexander their daughter,"Dec. 6, 1883",1883-12-06,05-086-P01,"To Mrs. (Mary) Douglas & / Cynthia Orr – daughters / of Rebecca Goodloe / from / B. F. Lillard / Murfreesboro, Tenn. / Dec. 6, 1883 / [Regarding decision of Circuit Court judge in suit of nephews & neices of Mrs. Alexander, / (Rebecca T. Wright) / Jacob Wright, brother of Rebecca Wright Goodloe.] / – Decree appealed by Mr. Lillard – / – Shows Jacob Wright & Wife were cousins – / Rebecca Alexander their daughter, being equal heir of the father & mother of Mary Wright."
place,Mrs. Douglas; Mrs. Orr,"Addressed at Ferris, Texas; envelope postmarked Ferris Dec 8 1883",Dec. 6–1883,1883-12-06,05-086-P02; 05-087-P01,"FERRIS, / DEC / 8 / 1883 / TEX. ... Mrs. Douglas and Mrs. Orr. / Ferris, Texas."
event,Chancellor Burton,Sick and died during the term; a Circuit Court judge decided the case,Dec 1883,1883-12,05-087-P01,"During the Term of the Court, Chancellor Burton was sick and died. While he was sick a Circuit Court Judge held his Court and decided the case as to who the land goes to, but seemed very much tangled in the case."
land,Rebecca Alexander estate,"180 acres from her father Jacob Wright to his ~40 nephews and nieces (17 living, 23 dead); the McGlothlin tract of 230/235 acres from her mother 'ascends' to heirs of Mary Wright; parents were cousins",Dec 1883,1883-12,05-087-P02; 05-088-P01,"He decided that 180 Acres of the land that descended to Mrs. Alexander from her father, Jacob Wright, goes to or is inherited by the nephews and nieces of Jacob Wright ... as he had about forty nephews and nieces, seventeen of whom are living, and about twenty three dead ... As to the McGlothlin tract of 230 Acres, descended to Mrs. Alexander from her mother ... the father and mother being cousins"
event,B. F. Lillard,Appealed to the Supreme Court; 'Per Ida',Dec 6 1883,1883-12-06,05-088-P01,"I appealed from the whole decree to the Supreme Court as also did the McGlothlin claimants ... Very Respectfully, / B. F. Lillard. / Per Ida."
land,Mary Douglas; B. F. Lillard,"Draft power of attorney: Mary Douglas of Ellis County appoints Lillard to demand her distributive share in the real estate descended to her from Mrs Rebecca T. Alexander, late of Rutherford County, Tennessee",[[blank]] 1883,1883,05-090-P01,"I Mrs Mary Douglas of said County and State do hereby nominate and appoint B. F. Lillard of Murfreesboro Tenn, my true and lawful Attorney ... the distributive share or interest in the real estate that descended to me from Mrs Rebecca T. Alexander, late of Rutherford County and State of Tennessee, now deceased"
relationship,M. M. Dill; George Douglas; Cynthia Orr; Docia Bivins; Isaac N. Wright; Mrs. Nance; Mandy,Dill ('Your Cousin') writes to George at Ferris; heirs named,Feby 26th 1883,1883-02-26,05-092-P01; 05-093-P02,"Mr Lillard our Attorney has shown me a letter from you in answer to two letters that I requested him to write to your Mother and Cousin Cynthia Orr ... I have conferred with Cousin Docia Bivins, she stated that she was going to leave her part, I have also conferred with Isaac N. Wright ... he has recd a letter from Mrs Nance ... Isaac Wright recd a letter from his sister Mandy ... Your Cousin / M M Dill."
land,Rebecca Alexander estate,640 acre tract sold by Alexander & wife; the River Tract & the Arkansas lands,Feb 1883,1883-02,05-093-P02,We will not at present take any steps against the 640 Acre Tract of land sold by Alexander & wife ... The River Tract & the Arkansas lands will no doubt be surrendered up
relationship,Mary Douglas; Rebecca Alexander; Jacob Wright,"Lillard: Mrs Alexander was 'your Cousin ... daughter of your uncle Jacob Wright'; heirs are first cousins: 3 Goodloe, 3 Dill, 2 Brasher, 6 Thompson Wright",Dec. 30/82,1882-12-30,05-095-P01,"I suppose that you have heard of the death of your Cousin Mrs Alexander daughter of your uncle Jacob Wright. She did not make a will and her real estate descends to her next of kin consisting of her first Cousins now living being 3 of the Goodloe family, three of the Dill, two of the Brasher and six of the Thompson Wright family"
money,Rebecca Alexander estate,680 acres assessed at $8500; probably 300 acres in Arkansas; 640 acres sold for $6400 on 1-3 years' credit; conveyance defective,Dec 1882; Feby 11th 1883,1882-12-30; 1883-02-11,05-095-P01; 05-096-P02; 05-096-P03,the real estate consisting of 680 Acres of land assessed at $8500.00 but of course land generally brings double the assessment ... probably 300 Acres in Ark. ... The 640 Acres sold as above referred to was sold in order to convert the property as I have been informed for $6400.00 rather a depreciated price on one two and three years credit ... The conveyance is defective
place,Mary Douglas,Post office corrected from Ennis to Ferris; letter returned after 28 days,Feby 11th 1883,1883-02-11,05-095-P01; 05-096-P02,[[deleted: Ennis]] [[inserted: Ferris]] Texas ... The above letter was mailed and directed to Ennis and after 28 days returned to me. I now learn that your Post Office is Ferris
event,B. F. Lillard; George Douglas,George's letter of 15 March 1883 questioned Lillard; Lillard's defence; twenty-five years at the bar; Judge Peter Turney of Winchester; Judge Burton; John Woods; Col. N. D. Robinson; whisky prescribed for neuralgic rheumatism from army wounds,March 22nd 1883,1883-03-22,05-098-P01; 05-100-P01; 05-102-P01; 05-102-P02,Your letter of March 15th has been recd. I think that you have been under a misapprehension about several things ... I have referred you to Judge Peter Turney of Winchester Tenn ... my Law Diploma was signed 25 years ago by Judges Green & Caruthers of Cumberland University ... whisky for neuralgic rheumatism ... caused from Army wounds
person,Albert Jetton,'your Cousin Albert Jetton whose store is within 75-ft of that Law Office'; recommends Lillard as 'Your Nephew',Feb 12th /83; Feb 14th /83,1883-02-12; 1883-02-14,05-103-P01; 05-110-P01; 05-117-P02,Why did not Mr. Alexander bring into the Consultation your Cousin Albert Jetton whose store is within 75-ft of that Law Office ... I take pleasure in recommending him to you / Your Nephew Albert Jetton ... I do not advise a Suit but only recommend Mr Lillard as a Lawyer / Yours A Jetton
land,D Travis; A. M. Alexander; D. M. McKnight,"640 acre tract conveyed to D Travis for $6400 in three payments Aug 1882-84; acknowledged 15 July 1881; privy examination by McKnight, a half brother of A. M. Alexander; registered Sept 1882; Rebecca Alexander died 11 Nov 1882",2–26–83,1883-02-26,05-107-P01,"The 640 Acre Tract of land was conveyed by deed to D Travis for the Consideration of $6400.00 to be paid in three equal payments Augst 1882, 83, 84 – It was not dated but that is obviated by the date of the acknowledgement before the Clerk July 15–1881, by A. M. Alexander – on the same day a Commission was issued by the Clerk to D. M. McKnight a Justice of the Peace and a half brother of A. M. Alexander to take the Privy Examination of Mrs Alexander ... This deed was registered Sept, 1882, and she died Nov, 11 1882,"
relationship,Lewis Jetton; Mary Douglas; Cynthia Orr,"Envelope from Lewis Jetton to Mrs Mary Douglas or Cynthia Orr, Redoake; slip calls them sisters-in-law; letter addressed 'My Sisters [[Cinty?]] & Mary'",Feb 12th 1883,1883-02-12,05-105-P01; 05-105-P02; 05-111-P01; 05-112-P03,"From Lewis Jetton / Mrs Mary Douglas / or Cynthia Orr / Redoake / Texas ... To Mrs. Douglas & Cynthia Orr (sisters-in law of / From Lewis Jetton / Feb. 12, 1883 ... My Sisters [[Cinty?]] & Mary – ... L Jetton / The above you must keep in secrecy in the family"
event,L Jetton; Dr. Dickson; A. M. Alexander,Lillard 'too fast'; Alexander wants no suit; 'A. M. A will do right',Feb 12th 1883,1883-02-12,05-111-P01; 05-111-P02; 05-113-P01,I learn from Dr. Dickson to day that Mr Alexander dont want any Suit that if there be no will he will do any thing that is right ... I believe A. M. A will do right – he has always been a Cleaver Man
event,J. N. Spence; Mrs Bivins; A. M. Alexander,"Spence, son-in-law of Mrs Bivins: Alexander will give up the lands if no will; Rebecca's father on his death bed said he made no will","[15th, 1883]",1883,05-115-P01; 05-115-P02,"P. S. J. N. Spence the soninlaw of Mrs Bivins informed me that Mr A. M. Alexander about two weeks ago said that if they found no will that he did not want any lawsuit ... she said that her Father on his death bed told her that he made no will, and asked her to promise the same and that she said that she had so promised and that she did not want Mr Alexander's kin to have her property"
relationship,L. A. Jetton; Susanna (Sue) Bell,"Slip: to Mrs. Susanna (Sue) Bell from Cousin L. A. Jetton (Lewis?), Readyville, Tenn.; tells of death of Polly Wright","Feb. 20, 1870",1870-02-20,05-118-P01,"To Mrs. Susanna (Sue) / Bell / from Cousin / L. A. Jetton / (Lewis?) / Readyville, Tenn. / Feb. 20, 1870 / (Tells of death of Polly Wright)"
event,L A Jetton,Very sick; Dr. Briges; Aunt Clark; Legislature to adjourn by 15 March; Sallie Wieden has had three [[Divorces?]]; John's wife has another boy,Feb 20th 1870,1870-02-20,05-119-P01; 05-119-P02; 05-120-P01,Dr. Briges who Attend me during my sickness Thinks My illness was brought on by cold ... Aunt Clark has been with us several days ... It is Thought The Legislature will Adjurn by the 15th of march ... Sallie Wieden ... She tells us that She has had Three [[Divorces?]] but is as lively as a cricket ... Johns wife has another fine boy Three weeks old
event,Old Aunt Polly Wright,Died about two weeks before 20 Feb 1870,about two weeks ago,1870-02,05-120-P01,Old Aunt Polly Wright died about two weeks ago She died I suppose with old age
relationship,Sarah (Tullison); Smith (Popley); [[Temith?]]; Marier ([[Darnum?]] [[Vaught?]]); [[Shonce?]]; Mary; Joseph; Mr Akers; Aunt Jane,'The girls' and whom they married,Feb 1870,1870-02,05-120-P02; 05-121-P01,Sarah married a drunken trifling fellow by the name of Tullison They have been married fifteen years and have eight living children ... Smith Married a man name Popley ... Marier is the looking and the smartest one of the family She married [[Darnum?]] [[Vaught?]] he was killed shortly after we came here in a drunken spree ... Mary is still Single ... Joseph is married and lives in the city ... Mr Akers Says about his [[Soninlaw?]] he Says The devil owed him a grudge and has paid him off in Soninlaws ... Aunt Jane also looks very old
person,Pap; Ellen; Cousin Ellen,L A Jetton's Pap complains of poverty; love to Ellen,Feb 1870,1870-02,05-121-P01,Pap is always Complaining about his poverty and That he has a hard way to get along and he is afraid he will come to Starvation ... tell Ellen to write to Mary Give my love to Cousin Ellen
relationship,Jessie Douglas; George & Lizzie Douglas; Earl Stuart Douglas,"Slip: to George & Lizzie from Jessie Douglas, Cross Creeks, Tex., announcing birth of Earl Stuart Douglas","Aug. 30, 1869",1869-08-30,05-122-P01,"To George & Lizzie / Douglas / from / Jessie Douglas / Cross Creeks, Tex. / Aug. 30, 1869 / Announces birth of / Earl Stuart Douglas"
event,Jesse Douglas,"Cross Creek, Travis County; flood; sickness; tried to rent nearer Austin; dissatisfied with the Mountains; had determined to move to Arkansas but mother-in-law's tears prevent",August the 30th 1869,1869-08-30,05-123-P01; 05-123-P02; 05-123-P04,"Cross Creek Travis Texas / August the 30th 1869 ... I was fully determined to move to Arkansas this fall. But I must Confess that the grief and tears of a good Old motherinlaw is a preventative, at least as long as She lives and possibly She may out live Me."
event,Earl Stewart Douglas,Born 2 Aug 1869 weighing ten pounds; [[Ma?]] up two weeks,2 August 1869,1869-08-02,05-124-P02,"tell Tom and Laura that Dubly Beats Me, But I must say that on the second of August Earl Stewart Douglas made his appearance Weighing ten pounds he is growing finely and [[Ma?]] has been up two weeks doing her work."
money,Jesse Douglas,"Crops 1869: grass total loss, corn half rotten, cotton a third; 300 bushels sound corn; will make about 1 bag of cotton; McCluer picked 5-6 thousand off eight acres",Sept the 15th 1869,1869-09-15,05-124-P01; 05-124-P03; 05-125-P03,"My grass was a total loss; corn ½ rotten my Cotton I thought at first was not injured But time tells it, I think maybe one third of a crop ... Will make or have 300 hundred Bushels sound Corn to My Share ... I fear from the progress of my Cotton in the way of its opening I wont make more than 1 Bag. McCluer off of about Eight Acres has already picked Between 5 and 6 Thousand"
person,Sarah,'tell Sarah I am coming to see her this Winter or fall',Sept 1869,1869-09,05-125-P06,tell Sarah I am coming to see her this Winter or fall
relationship,Jesse Douglas; Sarah (Sal),"Slip: to Daughter Sarah (Sal) from Jesse Douglas, Alexander, Texas","June 15, 1884",1884-06-15,05-126-P01,"To Daughter Sarah / (Sal) / from / Jesse Douglas / Alexander, Texas / June 15, 1884"
event,Sarah Douglas; J C Roe; Andrew Turnbow,"School at Alexander: 18 scholars subscribed, 20 sure; Mr Roe wants her to begin 7 July; barbecue at Alexander and Carlton on the 4th",June the 15th 84,1884-06-15,05-127-P02; 05-128-P01; 05-128-P02,the Hon J C Roe has got 18 Subscribed scollars with promise of Better ... Andrew Turnbow has returned from Washington ... I think you might say 20 shure ... Mr Roe is anxious you would come and commence the 7th July. ... There will be a Barbacue at Alexander also 1 at Carlton on ! the 4th
relationship,Jesse Douglas; George Douglas,"Slip: to George Douglas from Jesse Douglas, Cross Creek, Travis Co.","Nov. 28, 1869",1869-11-28,05-129-P01,"To George Douglas / from / Jesse Douglas / Cross Creek / Travis Co. / Nov. 28, 1869"
event,Jesse Douglas; Nancy; Eli; Earl,Sickness prevented a visit to Ellis; Nancy taken with congestion; Eli fever; Earl [cough],November the 28th 1869,1869-11-28,05-130-P03,It was My intention all the time to come to Ellis this fall on a visit But when I was ready I was sick. then [[lost: torn edge]] My recovery Nancy was taken with Bordering on Congestion. previous to [[lost: torn edge]] Eli had a spell of fever. Earl has [[lost: torn edge]]ough
money,Jesse Douglas,Crop one bale of 434 lbs which paid debts and left one dollar; about thirty dollars behind after medicine and doctor's bill,Nov 1869,1869-11,05-130-P04,"Well My [[lost: torn edge]]rop amounted to one Bale [[lost: torn edge]] 434 lbs which paid My debts [[lost: torn edge]] Left me one dollar, the sale and [[lost: torn edge]]ttlement previous to sickness — [[lost: torn edge]] medicine & Dr Bill since Leaves Me about thirty dollars Behind, that I will be able to settle with the sale of Pork this winter"
relationship,Jesse Douglas; the Old Stewarts,Cannot move during 'the Old Stewarts life time'; George to 'make your figures In regard the Old Farm',Nov 1869,1869-11,05-131-P02,It is out of the question Me to move during the Old Stewarts life time I think She would go crasy. She is old and frail in body and mind ... As I Cant Mo[[lost: torn edge]] from this Country I will Leave [[lost: torn edge]] to make your figures In regard the Old Farm
land,Jesse Douglas; Sarah,"320 acres on Kickapoo Creek, Hood County, for Sarah's benefit, the lower east half of the 640-acre G C Briscoe headright, 6½ miles from the Brazos; cost his horse Billy Capshaw",Nov 1869,1869-11,05-132-P01; 05-132-P02; 05-132-P03; 05-132-P04,Well I have made an investment in the way of Land for Sarahs Benefit 320 Acres lying on Kickapoo Creek in Hood County the Title to be transfered about the 20th of this month ... the above Costing Me My Noble Animal Billy Capshaw — doubt Mcdonalds [[deleted: illegible]] Selim Superior ... [[lost: torn edge]]e Land traded for is the Lower East half of 640 Survey known as G C Briscoes headright ... the Survey is 6½ miles from the Brazos
person,Eli; Earl; Henry; Drip Springs,Eli weighs 52 lbs; Earl can almost sit alone; letter directed to Henry 'as he is most Central'; address Drip Springs; election at hand,Nov 1869,1869-11,05-133-P05; 05-133-P06,Eli weighs 52 lbs / I will direct this to Henry as he is most Central / you will direct to Drip Springs ... I expect to mail this in Austin if nothing happens as the Election is at hand
land,Heirs of Mary Douglas; Lizzie Douglas,Slip: warranty deed of heirs and heirs in law conveying the estate of Mary Douglas to Lizzie Douglas,Oct. 8 - 1886,1886-10-08,05-134-P01,Warrenty deed / of heirs & heirs in / law convey to / Lizzie Douglas / the estate of / Mary Douglas / Oct. 8 - 1886
land,Heirs of Mary Douglas; Lizzie Douglas,"Deed in consideration of services rendered to Mary Douglas during her last years of life: part of the A. J. Porter 1280-acre survey, beginning at its SW corner, thirty acres more or less","October the 8, A.D. 1886",1886-10-08,05-136-P02; 05-135-P01; 05-135-P02,"we, the undersigned citizens of the State aforesaid, and heirs at law to the Estate of Mary Douglas Deceased ... for and in consideration of Services rendered to the Said Mary Douglas during her last years of life by Lizzie Douglas ... A certain tract or parcel of land being a part of a 1280 acre Survey patented in the name of A. J. Porter. / Beginning at the South West corner of the Said A. J. Porter Survey ... Containing in all thirty acres more or less"
relationship,Signers of the 1886 deed,"George Douglas, Warren Douglas, Laura Robison, Geo. Stanford, Ellen Stanford, R. C. Farrar, M. D. Farrar, W. E. Bell, Johnnie Bell, H. Headrick, Sarah G. Headrick, [[Thomas J. Robison?]], H Douglas",Oct 8 1886,1886-10-08,05-135-P03,"George Douglas / Warren Douglas / Laura Robison / Geo. Stanford, Ellen [[obscured: blot]] Stanford. / R. C. Farrar. M. D. Farrar / W. E. Bell. Johnnie Bell. / H. Headrick    Sarah G. Headrick. / [[Thomas J. Robison?]] / [[inserted: H Douglas]]"
relationship,Thomas J Robison; Laura Robison,"Acknowledged in Ventura County, California before James McKee",14th day of October A. D. 1893,1893-10-14,05-137-P02; 05-137-P03; 05-137-P04,"State of [[deleted: Texas]] [[inserted: California]] / County of Ventura / BEFORE ME, James McKee a Notary Public ... personally appeared Thomas J Robison and Laura Robison his wife ... this 14th day of October A. D. 1893."
place,Lizzie Douglas,"Envelope 'For Record' from Box 448 Oklahoma, Okla. to Miss Lizzie Douglas, Ferris, Ellis Co.; postmark Oklahoma Mar 25 1893; slip: warranty deed July 5 1892, filed Jan. 4 1894",MAR 25 1893,1893-03-25,05-138-P01; 05-138-P02,"Return to Box 448 / OKLAHOMA, Okla. ... Miss Lizzie Douglas / Ferris, / Texas / Ellis Co. ... OKLAHOMA / MAR / 25 / A / 1893 ... Warranty deed / of undersigned / heirs-in-law / Convey to / Lizzie Douglas / the estate of / Mary Douglas / July 5, 1892 / Filed Jan. [[deleted: 24]] 4, 1894"
relationship,E L Winiford; L. N. Wise,"E L Winiford acknowledged in Oklahoma County, Oklahoma Territory",25th of March 1893,1893-03-25,05-139-P02,This day personally appeared E L Winiford of said County and Territory ... This 25th of March 1893 / L. N. Wise / Notary Public
land,McDaniel et al to Lizzie Douglas,Filed 4 Jan 1894 by J. R. Champion County Clerk; recorded Book 46 page 358; $1.25,"January 4, 1894",1894-01-04,05-139-P03,"McDaniel Et al / Deed / TO / Lizzie Douglas / Filed for record January 4, 1894 / at 12:30 o'clock ... J. R. Champion County Clerk. ... Recorded January 4, 1894 / in Ellis County, / Record of Deeds / Book 46, Page 358."
land,Heirs of Mary Douglas; Lizzie Douglas,"Warranty deed for $1 and services: thirty acres, part of the A J Porter 1280 acre survey, about 12 miles N E of Waxahachie",4th day of June A. D. 1891,1891-06-04,05-140-P03; 05-140-P04; 05-141-P01; 05-141-P03,for and in consideration of the sum of one DOLLARS to us in hand paid by Lizzie Douglas ... and The further Consideration of Many Services rendered to the Said Mary Douglas during her last years of life ... situated in Ellis County Texas and about 12 Miles N E of The Town of Waxahachie and a part of The A J Porter 1280 acre Survey ... Containing in all Thirty acres of land More or less ... this the 4th day of June A. D. 1891.
relationship,Nancy Douglas; Earl Douglas; J A McDaniel; Emily J. Daniel (McDaniel); Ora J Duff; W. D. (Davis) Duff; E L Winiford,Signers of the 1891 deed as heirs at law of Mary Douglas,June 4 1891,1891-06-04,05-141-P04; 05-142-P01,Nancy Douglas / Earl Douglas / J A McDaniel / Emily J. Daniel / Ora J Duff. W. D. Duff / E L Winiford ... personally appeared James McDaniel and wife Emily McDaniel and Davis Duff and wife Ora Duff
place,Nancy Douglas; Earl Douglas,Acknowledged in Erath County before J. S. Watson,4th day of June A. D. 1891,1891-06-04,05-142-P02,"COUNTY OF Erath / BEFORE ME, J. S. Watson a Justice of the Peace ... personally appeared Mrs. Nancy Douglas and Earl Douglas ... this 4th day of June A. D. 1891"
land,H. D. Winniford et al to Lizzie Douglas,"Deed filed 5 May 1891 by E P Hawkins, recorded Deed Record Book 62 page 590; deputy A. Lasswell",May 5th 1891,1891-05-05,05-143-P01; 05-144-P02; 05-144-P03,H. D. Winniford etal / Deed / To / Lizzie Douglas / Filed for Record May 5th 1891 at 10½ Oclock AM / E P Hawkins clerk ... in Deed Record Book 62 page 590 &c ... A. Lasswell Deputy.
land,E L. Winniford & wife Millie; Haller Roper & wife Mary H Roper; H. D. Winniford; John McCrary & wife Alice E McCrary; Lucy I Winniford; Rebecca Winniford; Lizzie Douglas,"Heirs of Lucy I Winniford sell to Lizzie Douglas for $160 her sixteen acres, an undivided one-fifth of an 80-acre survey in the A. J. Porter 1280, which accrued to Lucy by deed from Mary Douglas jointly with them as heirs of Rebecca Winniford",October the 13th A D 1890,1890-10-13,05-145-P02; 05-146-P02,"we E L. Winniford & wife, Millie Winniford of Oklahoma Territy, Haller Roper & wife Mary H Roper & H. D. Winniford of Navarro County, Texas, John McCrary & wife Alice E McCrary of Floyd County Texas, (as heirs at law to the estate of Lucy I Winniford deceased) late of Ellis county Texas, for & in consideration of the sum of One hundred & sixty $160.00 Dollars to us in hand paid by Lizzie Douglas ... sixteen (16) acres more or less, being an undivided one fifth (⅕) interest in & to an Eighty acre Survey, a part of a 1280 acre survey patented in the name of A. J. Porter situated in Ellis county Texas, & accrued to the said Lucy I Winniford by deed from Mary Douglas jointly with us as heirs of Rebecca Winniford"
land,Eighty acre Winniford survey,Beginning at the NW corner of the Porter 1280; N 60 E 1344 varas; S 30 E to Cottonwood branch 1030 varas; S 60 W 1369 varas; N 30 W 336 varas,1890,1890,05-145-P03,"Beginning at the N W corner of the Porter 1280 survey a stake from which an Elm brs N. 37°. W 65/10 vars. Thence N. 60° E 1344 varas ... Thence S. 30° E to middle of Cottonwood branch 1030 varas ... Thence S 60° W 1369 varas a stake in W line of the said A J Porter survey, Thence N. 30° W 336 varas to the Beginning, containing in all Eighty acres of land more or less"
place,Walter Roper; Mary Roper; A. O. Walker,"Acknowledged in Navarro County before A. O. Walker, Clerk County Court",2nd day of Jany A. D. 1891,1891-01-02,05-147-P02,"personally appeared Walter Roper and Mary Roper wife of Walter Roper ... this 2nd day of Jany A. D. 1891 / A. O. Walker / Clerk County Court Navarro Co., Texas."
place,John McCrary; Alice E. McCrary; A D White,Acknowledged in Floyd County before A D White J. P.,4 day of March A. D. 1891,1891-03-04,05-147-P03; 05-148-P01,County of Floyd / BEFORE ME A D White J. P. & Ex-officio N. P. ... personally appeared John McCrary ... this 4 day of March A. D. 1891
place,E L. Winniford; Millie Winniford,"Acknowledged in Oklahoma County, Oklahoma Territory before [[Raept Sudris?]]",Fourth Day of April A D 1891,1891-04-04,05-149-P02; 05-149-P03,Oklahoma Territory } / Oklahoma County } ss / Before me [[Raept Sudris?]] a notary Public ... personally appeared E L. Winniford & Millie Winniford wife of E L Winniford ... this Fourth Day of April A D 1891
land,Estate of N. L. Douglas; Mary Douglas,"Inventory given by Mary Douglas, relict: 640 acres of the A. J. Porter 1280-acre survey on Subletts creek; 94 acres in cultivation at $15 = $1410; 546 unimproved at $5 = $2730; 9 horses $265; 20 cattle $120; 14 hogs $[[73.00?]]; 20 bee hives $40; tools; sworn 5 Oct 1874 before Wm Hancock J.P.; appraisers E. A. Norman, W R Duff",October 5th AD 1874,1874-10-05,05-151-P01; 05-151-P02; 05-151-P03; 05-151-P04,Inventory of the Estate of N. L. Douglas deceased as given by Mary Douglas relict of deceased / 640 acres of land a part of the A. J. Porter 1280 acre Survey located on Subletts creek Ellis co Texas ... 94 acres of said land in cultivation worth $15.00 pr acre | $1410.00 / 546 acres unimproved worth $5.00 per acre | 2730.00 / 9 head of horses worth | 265.00 / 20 head of cattle worth | 120.00 / 14 head of hogs worth | [[73.00?]] / 20 Bee Hives worth | 40.00 ... Subscribed and Sworn to Before Me October 5th AD 1874 / Wm Hancock J. P. E C / Texas Precinct No 3 / Appraisers / E. A. Norman / W R Duff
land,A. J. Porter survey,Patented to A. J. Porter on 18 June 1849 (second inventory),18th day of June 1849,1849-06-18,05-153-P02,"640 acres of land, a part of the A. J. Porter 1280 acre survey, situated on Subletts creek Ellis co Tex and pattented to the Said A. J. Porter on the 18th day of June 1849."
place,George Douglas; Warren Douglas,"George acknowledged the 1886 deed in Ellis County 9 Oct 1886 before R. P. Mackay; Warren acknowledged in Johnson County 27 Jan 1887 before Jno. T. Odom, Clerk Dist Court",9th day of October AD 1886; 27th day of Jany 1887,1886-10-09; 1887-01-27,05-154-P02; 05-154-P04,this day personally came George Douglas ... this 9th day of October AD 1886 / R. P. Mackay Notary Public / Ellis County Texas ... County of Johnson / Before the undersigned authority this day personally Came Warren Douglas ... this the 27th day of Jany 1887 / Jno. T. Odom / Clerk Dist Court Johnson Co Texas / By [[Jerry Towers?]] / Deputy
relationship,H Douglas; Geo Stanford & Ellen Stanford; R C Farrar & M D Farrar; W E Bell & Jonnie Bell; H Headrick & S G Headrick,"Acknowledged before S. B. Farrar, notary, Ellis County; wives examined privily",15th day of April AD 1891,1891-04-15,05-155-P02,Before me S. B. Farrar a Notary Public in Ellis County Tex on This day personally appeared H Douglas & Geo Stanford and wife Ellen Stanford & R C Farrar & wife M D Farrar & W E Bell & wife Jonnie Bell & H Headrick and wife S G Headrick ... This the 15th day of April AD 1891
land,Heirs of Mary Douglas decd to Lizzie Douglas,"Filed 28 May 1896, recorded 29 May 1896 in Deed Record Book 92 Page 576 by T F Thompson",28 day of May 1896,1896-05-28,05-155-P03; 05-155-P04,"duly and correctly recorded in my office, on the 29 day of May, 1896 at 9:40 o'clock A m., in Deed Record Book 92 Page 576 ... Heirs of Mary Douglas decd / Deed / to / Lizzie Douglas / FILED FOR RECORD / this 28 day of May 1896"
land,Mary Douglas to Lizzie Douglas,"Deed in consideration of Lizzie's quitclaim of the N L Douglas estate: 82 acres more or less on Subletts creek about 10 miles N. E. of Waxahachie, part of the A. J. Porter survey, south of an 80 acre survey made to the heirs of Rebecca Winniford; Mary retains use and control for life; acknowledged at Palmer before Wm Hancock J P Precinct No. 3; filed 21 Aug 1875 Book O page 3 / 344",Feb 25 A. D. 1875,1875-02-25,05-158-P02; 05-158-P03; 05-157-P01; 05-157-P02; 05-157-P03; 05-157-P04,"I Mary Douglas of the county and State aforesaid, for and in consideration of the quit claim deed of Lizzie Douglas, in and to the estate of N L Douglas, unto me made ... situated in Ellis county Texas about 10 miles N. E. from the town of Waxahachie on Subletts creek and being a part of a survey patented in the name of A. J. Porter ... at 975 vs. a stake in S. line of an 80 acre survey made to the heirs of Rebecca Winniford ... containing 82 acres more or less ... Provided however that I am to retain the use and control of the described land and its tenements during the period of my natural life. ... This Feb 25 A. D. 1875 / Mary Douglas ... at office in Palmer the 25th day of February AD 1875 Wm Hancock J P E C / Texas Precinct No. 3 / No. 86"
land,George Douglas; Lizzie Douglas,"George sells to Lizzie for $700 his undivided 60-acre interest in the 80-acre Winniford tract (surveyed for the heirs of Rebeca Winniford; secured to him by deed from Mary H. Roper, Alice E. McCrary, E. L. Winniford and H. D. Winniford), about 10 miles N 30 E from Waxahachie on Subletts creek; and for $300 twenty acres of the Porter survey secured to him by deed from Mary Douglas jointly with Jesse and Warren Douglas and by deeds from Jesse and Warren",April 1st A. D. 1887,1887-04-01,06-003-P01; 06-004-P02; 06-005-P01,"I George Douglas of the county and state aforesaid ... for and in consideration of $700.00 Seven hundred dollars to me in hand paid [[inserted: by Lizzie Douglas of the said county and State]] ... all my right title claim and interest in and to an 80 acre tract or parcel of land, a part of a 1280 acre survey pattented in the name of A. J. Porter, and surveyed for the heirs of Rebeca Winniford and secured to me by deed from Mary. H. Roper. Alice. E. McCrary. E. L. Winniford and H. D. Winniford the same being an undivided interest of 60 acres ... Also for the further consideration of $300.00 three hundred dollars ... twenty acres of land a part of the said A. J. Porter 1280 acre survey; the same being secured to me by Deed from Mary Douglas, jointly with Jesse and Warren Douglas and by deeds from the said Jesse and Warren Douglas ... George Douglas / This April 1st A. D. 1887."
church,Church lot,"The Winniford tract's boundary runs to the SW, SE and NE corners of 'a Church lot' on the west line of the Porter survey",1887,1887,06-004-P01,"Thence N. 30. W with W. line of said Porter survey 246 vs a stake, the S. W. Corner of a Church lot / Thence N 60. E. 280. vs S. E. corner of said Church lot / Thence N. 30. W. 90 varas. N. E. corner of said church lot"
land,Geo Douglas to Lizzie Douglas,"Acknowledged 2 April 1887 before R. P. Mackay; recorded 9 April 1887 Deed Record Vol 47 pages 228-9 by B. F. Hawkins, deputy R. M. Beale",April 9 1887,1887-04-09,06-006-P01; 06-006-P02; 06-006-P03,"this 2d day of April AD 1887 / R. P. Mackay Notary Public ... recorded in my office, on the 9th day of April, 1887, at 5:20 o'clock P m., in Deed Record Book Vol 47 page 228-9. ... B. F. Hawkins / Clerk County Court, Ellis Co., Texas. / R. M. Beale Deputy."
place,John McCrary; A. E. McCrary,Acknowledged in Floyd County before C. C. B. McLain,10th day of Nov. AD 1891,1891-11-10,06-008-P01,Before me C. C. B. McLain a Notary Public in and for the County of Floyd ... This day personly appeared John McCrary and wife A. E. McCrary ... This 10th day of Nov. AD 1891.
land,H. D. Winniford et al (3rd deed) to Lizzie Douglas,"Filed 28 May 1896, recorded 29 May 1896, Record of Deeds Book [[91?]] page 574; fee $[[2.75?]]",May 28 1896,1896-05-28,06-008-P02,H. D. Winniford Et al / 3rd deed / TO / Lizzie Douglas / Filed for Record this the 28 [[deleted: illegible]] day of May A. D. 1896 ... Recorded May 29 A. D. 1896 in Ellis County Record of Deeds Book [[91?]] Page 574
land,H D Winniford; Walter Roper; Mary F Roper; John McCrary; A. E. McCrary; Lizzie Douglas,"Warranty deed of Mary Douglas's heirs for $1 and services: the thirty-acre tract, signed at Big Springs, Texas",22d day of July A. D. 1891,1891-07-22,06-009-P01; 06-009-P02; 06-010-P02; 06-011-P01,THAT We The undersigned heirs at law of Mary Douglas Decd ... for and in consideration of the sum of one Dollar ... and The further Consideration of The Many Services rendered to the said Mary Douglas during her last years of life by Lizzie Douglas ... Witness our hands at Big Springs Texas this 22d day of July A. D. 1891 / H D Winniford / Walter Roper / Mary F Roper / John McCrary ... A. E. McCrary
place,H D Winniford; Walter Roper; M F Roper; W. C. Walker,"Acknowledged in Howard County before W. C. Walker, County Clerk, deputy P. C. Buntley",22d day of July A. D. 1891,1891-07-22,06-011-P02; 06-011-P03,"County of Howard / BEFORE ME, W. C. Walker County Clerk ... personally appeared H D Winniford and Walter Roper and wife M F Roper ... By P. C. Buntley Deputy."
land,T. F. Thompson,Recorded 29 May 1896 Volume 92 page 574; deputy [[Maude S Parks?]],29 day of May A. D. 1896,1896-05-29,06-011-P04,"filed for record in my office the 28 day of May A. D. 1896 at 11:30 o'clock A.M., and duly recorded this 29 day of May A. D. 1896 at 11:40 o'clock A.M., in the Deed Records of said County, in Volume 92 on Pages 574 ... T. F. Thompson Clerk ... By [[Maude S Parks?]] Deputy."
place,Lizzie Douglas,"Envelope to Miss Lizzie Douglas, Ferris, postmarked Readyville Tenn Mar 23; slip: L. A. Jetton, March 20 1883, tells of death of Rebecca T. Alexander; implied will stolen","March 20, 1883",1883-03-20,06-012-P01; 06-012-P02,"Miss Lizzie Douglas / Ferris / Tex / READYVILLE TENN / MAR / 23 ... To Miss Lizzie / Douglas / from Cousin / L. A. Jetton / Readyville, Tenn / March 20, 1883 / Tells of death of Rebecca / T. Alexander. Implied / will was stolen from / her drawer."
person,Willie; Mary Lee; Granville; Pap; Adele; Bro Mcguffy; Jennie; Aunt Sallie,L. A. Jetton's household 1883: Willie; Mary Lee's babe Granville sick; Pap improved; Adele's new home; Bro Mcguffy moved; Jennie half a mile; Aunt Sallie in West Tenn.,March 20 1883,1883-03-20,06-013-P01; 06-014-P01,Willie & myself are both as well as usual ... Mary Lees Babe little Granville has been very sick but is better to day Paps health has improved ... Adele spent Several days with me last week ... Bro Mcguffy has moved to his new home ... I am very glad to have Jennie So near me it is only a half a mile ... Aunt Sallie is still in west Tenn
event,L. A. Jetton,Lonely 'only a little negro with me'; Willie works his grandpa's land and hauls,March 1883,1883-03,06-014-P01,I have Such a lonely time here only a little negro with me Willie is at home of nights but gone every day he is working land over at his Gran Paps this year
event,Cousin Rebecca Alexander,Death from cold caught looking at the comet; in her right mind; died the evening after eating breakfast,before March 1883 (Nov 11 1882 per Lillard),1882-11-11,06-014-P02,She exposed herself getting up very early of mornings to look at the Comet which She was very much interested about She took a very Severe Cold and died from the effect of it I think She was in her right mind all the time during her Sickness Sat up eat her breakfast and talked with her friends in the morning and died that evening
event,Cousin Andy (A. M. Alexander); Charlie; Pap,"Will stolen from her drawer two weeks before her death; Andy willing to give up the land, wants to buy from the heirs; Jacob Wright estate worth about $[[26000?]]",March 1883,1883-03,06-015-P01,he told them Cousin Rebecca will was stolen out of her draw two weeks before her death he is willing to give up the land does not wish to have a law Suit but wants to buy the land of the heirs has already made arangements to get the interest of Several of the Wright family The Jacob Wright Estate is said to be worth about $[[26000?]] and my own opinion is the heirs ought to have it as Cousin Andy will be a rich man without it
relationship,L. A. Jetton; Lizzie Douglas,"Slip: March 3 1878, mentions death[?] of Susanna Douglas Bell","March 3, 1878",1878-03-03,06-016-P01,"To Miss Lizzie / Douglas / from Cousin / L. A. Jetton / Readyville, Tenn / March 3, 1878 / (mentions death[?] / of Susanna Douglas bell)"
event,L. A. Jetton household 1878,Pap & Mother complaining; children have whooping cough; Willie bilious fever; Adele; Cousin Nellie; Charles's children; wedding and reception at Cousin Miriam's; Jimmie & Mary; newhope church,March the 3 1878,1878-03-03,06-017-P01,Pap & Mother are both Complaining and the Children all have the Whooping Cough ... Well the wedding Came off at the appointed time ... Adele Willie and myself all went to the reception At Cousin Miriams ... Jimmie & Mary are going to live with Cousin Miriam ... they have [[inserted: gone]] to Church to day at newhope
event,Cousin Sue (Susanna Bell),Condolence: 'I loved Cousin Sue on earth I hope to meet her in heaven',March 1878,1878-03,06-018-P01,Dear Cousin you have my deepest sympathy in your great afflictions I loved Cousin Sue on earth I hope to meet her in heaven where Sorrows and partings are unknown
person,may beth; uncle Jimmy; Cousin S; Adele,Jimmie chosen 'in fun' as son-in-law; uncle Jimmy to get pictures,March 1878,1878-03,06-018-P01,I told may beth I had picked him out for my Soninlaw (just in fun you know) ... Tell uncle Jimmy Mary is going to write to him before long and Send him hers & Jimmies pictures ... Adele says tell [[Cousin S he?]] will write to her
relationship,Maybel ? Jetton; Lizzie Douglas,"Slip: to Lizzie Douglas from Maybel ? Jetton, Readyville; signature read [[Maybey?]] Jetton","Apr. 8, 1874",1874-04-08,06-019-P01; 06-022-P01,"To / Lizzie Douglas / from / Maybel ? / Jetton / Readyville, Tenn / Apr. 8, 1874 ... Yours Truly / [[Maybey?]] / Jetton"
person,aunt Nellie; aunt Sarah; uncle Charlie; uncle Tip; Grandpap; Mr. Barr; Nannie Fletcher; Dr. Dickson; aunt Jane,"Readyville kin 1874; uncle Charlie weighs 200 pounds; Mr. Barr's youngest son to marry Miss Nannie Fletcher, niece of Dr. Dickson",April. 8th 1874,1874-04-08,06-020-P01; 06-021-P01,aunt Nellie. She has been very sick ... She is afraid she has the consumption. aunt Sarah was over a few days ago ... uncle Charlie has grown / to be so large I dont expect you would hardly know him he weighs two hundred pounds. uncle Tip Started to Nashville for his new Spring goods last monday. Grandpap went with him ... Mr. Barrs youngest Son is to be married to morrow night to Miss Nannie Fletcher neice of Dr. Dicksons ... I suppose aunt Jane and Mr. Barr will be very well pleased
church,new hope Church; Ma; uncle Albert,Preaching first Sunday monthly; Sunday School every Sunday evening; Ma and uncle Albert teachers; church members dancing,April 1874,1874-04,06-021-P01; 06-021-P02,Several of our church members have been / dancing. We have preaching at new hope Church the first Sunday in every month and Sunday School every Sunday evening. Ma and uncle Albert are teachers
person,Jennie White Jetton; Delie; Willie; Joanna; Cousin George,Children at school; scrapbook; asks Cousin George for verses,April 1874,1874-04,06-021-P02,Little Jennie White Jetton is Staying [[deleted: here]] going to school. She and Delie have a fine time to gether ... Joanna has had her [[deleted: illegible]] flower garden made ... I have Started me a Scrapbook tell Cousin George to Send me some pretty verses to
event,Maybel/Marybee Jetton,Longs to see 'my old home and friends' (i.e. Texas),April 1874,1874-04,06-022-P01,Dear cousin you dont know how much I should like to see my old home and friends once more. I thought when I first came away I could soon forget you all; but not so
relationship,L A Jetton (Lewis ?); Lizzie Douglas,"Slip: to Miss Lizzie Douglas from Cousin L A Jetton (Lewis ?), Readyville","Feb 1, 1874",1874-02-01,06-023-P01,"To Miss Lizzie / Douglas / from Cousin / L A Jetton / (Lewis ?) / Readyville, Tenn. / Feb 1, 1874"
church,Readyville school; Bro Rice Sewell; newhope,School taught by a preaching brother; Bro Rice Sewell preaches at newhope once a month; three other churches,Feb. 1 1874,1874-02-01,06-024-P01,The school will be taught at Readyville by one of our preaching brethren he has been teaching for many years and is a Splendid scholar and a good man We have preaching at newhope once a month Bro Rice Sewell preaches for us again this year
money,Lizzie Douglas; L A Jetton,Lizzie sent money from her Ma's sale of the saddle,Feb 1874,1874-02,06-025-P01,I was very much surprised when I saw the Money you sent me I never dreamed of such a thing as your Ma selling the saddle but as you say money never comes amiss
person,Mr Barr; Aunt Jane; Marybee; Charlie; Alma; Eddie Jolly; Emma; Peter,"Readyville kin, 1874; Charlie's wife disliked; Eddie Jolly courting Marybee",Feb 1874,1874-02,06-025-P01; 06-025-P02,Mr Barr and Aunt Jane Came up and Spent a night with us ... Marybee went to Readyville last week and [[deleted: illegible]] her picture taken ... Charlie and family are all getting on finely Little Alma is a sweet little thing ... I have less use for his lady than any woman I ever saw ... Mr Eddie Jolly one of Emmas brothers is coming to see Marybee I dont know what Peter will say about it
relationship,"Fannie (Columbia Goodloe); Tommie, French, Bobbie, Mary; Newton Goodloe; Mary Douglas; Cynthia Orr","Slip: Fannie ? (Columbia Goodloe) mentions brothers Tommie (Thomas), French, Bobbie (Robert), sister Mary, children of Newton Goodloe, the brother of Mary Douglas & Cynthia Orr; written from Russellville, Ala.","June 21, 1874",1874-06-21,06-026-P01,"To Cousin / Lizzie Douglas / from / Fannie ? / (Columbia Goodloe) / Mentions in letter / brothers Tommie / (Thomas), French, / Bobbie (Robert), sister / Mary – children / of Newton Goodloe, / the brother of Mary / Douglas & Cynthia Orr / Written from / Russellville, Ala. / June 21, 1874"
relationship,Fannie; Uncle Dr Clarke; Uncle John; Brother French; Russell; Eugene; Broth Tommie; little N L; Broth Bobbie; Sis Mary; Pa,"Fannie keeps house for Uncle Dr Clarke (widower, 5 children); Uncle John; will live with Brother French; Tommie's children incl. 'little N L'; Bobbie in the drug store; Sis Mary weighs 84",June 21st 1874,1874-06-21,06-027-P01; 06-028-P01,I am now staying with my Uncle Dr Clarke he has very recently lost his wife and he has 5 little Children ... Uncle John is very anxious for me to live with him ... dear Brother French has always done so much for me ... he has two Beautiful Boys Russell and Eugene Broth Tommie has 2 [[illegible]] and little N L Broth Bobbie is with Broth French in the Drug store Sis Mary lives 2 miles from here her health is very bad now ... only weighs 84 I weigh 125
event,Fannie's Pa (Newton Goodloe per slip),Pa is in Texas and pleased; hoped he will stay with Lizzie's family or Aunt Cynthia,June 1874,1874-06,06-028-P01; 06-029-P01,I am glad Pa is so much pleased with Texas I hope he can get business out there I wish Brother would move out there too I hope Pa will stay with you all or Aunt Cynthia one ... Tell Pa I am anxiously awaiting an answer to my letter ... Your Unknown but loving Cousin / Fannie
relationship,Lizzie Graves; Lizzie Douglas,Slips call Lizzie Graves 'Aunt' and 'Miss'; one slip 'Written by Miss Lizzie Graves To Aunt Lizzie',,,06-030-P01; 06-033-P01; 06-033-P02; 06-036-P01,To Lizzie Douglas ? / from / Lizzie Graves ... Written by Miss Lizzie Graves / To Aunt Lizzie ... To Lizzie Douglas / from Aunt / [Miss Lizzie Graves] / Pratties Ala.
event,Lizzie Graves; Bud Joe; Bud Davy; Charlie; Pa,Bud Joe to Mobile hoping to join an emigrating company for Brazil; Pa planted ~50 acres corn; three hundred acres to cultivate; Snowden,,,06-032-P01; 06-031-P01,Pa and Bud Joe went to Snowden to day (about fifteen miles from here) ... there is an emigrating company to start from there to Brazil between the 15th & 20th of this Month he wants to get with them if he doesnt succeed in that he may land in Texas ... Bud Davy has gotten shut of the chills ... I dont know how much corn Pa has planted about fifty acres I reckon ... We have / three hundred acres to cultivate
person,Parson Bone; Mr. Rouse; Ellen Douglas; Sue Roberts; Mollie,Valentines and 'Flora'; Ellen Douglas has Flora,,,06-031-P02; 06-031-P03,I suppose you could not afford to go and let Parson Bone make jewely of you ... Ellen Douglas have Flora but I dont know that the emblems are all the same ... I wrote to Sue Roberts not long ago ... I wrote to Mollie not long ago
person,Grand ma; Bud John; Aunt Jane (Jenny's own mother); Uncle J.,Aunt Jane's family to move in; her husband and two daughters to California,Saturday 19th,,06-034-P01,Aunt Jane and her family (Jennys own mother) expect to move out in a few weeks. her husband and two of her daughters and their families have gone to California Uncle J. has only gone to look at the country
event,Lizzie Graves,"New saddle, gloves, pony that kneels; Pa's eyes worse",,,06-035-P01,I have a new saddle and new gloves and a little pony that will kneel for me to get on ... Pas eyes are getting worse
place,Lizzie Graves,Pratville Ala.; home named Mosshead or Buttonwood Hall,March 10 67,1867-03-10,06-037-P01; 06-038-P02; 06-036-P01,Pratville Ala. / Sunday evening March 10 67 ... The name of our present home is Mosshead or Button wood hall
event,Lizzie Graves; Laura,Laura going away so far; regards to Lizzie's father and Mother and Mr [[Orr?]],March 1867,1867-03,06-037-P02,I am sorry for you that Laura is going away so far from you remember me very kindly to her when you see her my kindest regards your father and Mother also to Mr [[Orr?]]
event,Lizzie Graves,Would rather live in Texas; Pa moved to Alabama for Grand Ma and schooling; cannot go to school; sewing,March 1867,1867-03,06-038-P01,it is true I would much rather live in Texas and I sometimes feel right sad when I think about having left there ... Grand Ma living here alone She has only one other Son ... thinking as he did that the opportunities for schooling [[inserted: us]] would be greater than to have stayed there
event,Cousin [[M. W.?]]; Mrs. G's little girl,"Three corpses at one sight; Cousin M. W. left eight children, six girls, oldest boy about sixteen gone to Virginia",about a month ago [Aug 1868],1868-08,06-041-P01; 06-042-P01,"About a month ago I saw something that I never witnessed before—three corpses at one sight all to be laid in one family grave yard Cousin [[M. W.?]] and her little infant were laid in one coffin and Mrs. G's little girl in another ... Cousin M. left [[inserted: eight]] children—[[two?]] grown live / less, six girls, the oldest in her fifteenth year The oldest boy (about sixteen) left home a few days before her death for Virginia to go to school"
church,Lizzie Graves; Miss Mattie B.; Mr. C.,"Sunday School class of seven boys; gave a boy a Bible; lessons historical, Abraham to David",Sept 1868,1868-09,06-042-P01; 06-043-P01,I have a class in Sunday School composed of seven boys ... he said they did not have a Bible in the family so I gave him a Bible ... We dont use any book in the class but the Bible the lessons we teach now are all historical
person,Annie Roberts; Frank; Bud Davy; Bud Joe,Chills; Frank sick; Bud Joe overseer four miles off,Sept 30th 1867,1867-09-30,06-045-P01; 06-046-P01,you and Annie Roberts have been more punctual than any of my correspondents ... Frank and I both took chills ... Bud Joe has had one & I dont know he is not at home now he is living about four miles from here hiring as overseer for one of our Cousins until the cotton crop is gathered
event,Lizzie Graves,Fruit in Alabama: no peaches; Grand Ma's orchard destroyed by a tornado; pomegranate trees,Sept 1867,1867-09,06-046-P01,I do want some good peaches so bad haven't had any here since I left home ... she once had an apple and pear orchard [[illegible]] it was destroyed a few years ago by a tornado that blew her house down ... Grand Ma has plenty of pomegranate trees did you ever see any?
church,Lizzie Graves; Grand Ma; Pa; Frank; Episcopalians; Methodists,Kin nearly all Methodists; Pa and one sister 'gone astray'; protracted Methodist meeting suspended for election days; Frank reading the Bible,Sept 30 1867,1867-09-30,06-047-P01; 06-048-P01,Lizzie I thought I had told you that our kin were nearly all Methodists ... Pa and one of his sisters have gone astray from the teachings of their childhood my Aunt is a member of the Episcopal Church ... the meeting is suspended untill wednesday on account of today and tomorrow being election days ... Frank has been reading the Bible a good deal lately I do wish we had a good preacher I think his mind is now open to receive the truth ... I think Grand Ma [[tries?]] hopes to win us all over to the Methodist church
event,Lizzie Graves; Mr. — ('my beau'),Evening ride to a persimmon tree; 'he doesn't suit my style',Sept 30 1867,1867-09-30,06-048-P02,"Mr. — (""my beau"") was there, he asked me to take a ride with [[inserted: him]] and Oh! we had a ""[[time of it?]]!"" rode on horse back we went to a persimmon tree ... he is a very nice young man but he doesn't ""suit my style"" so much of my nonsense"
place,Pa (Graves); Montgomery; Lowndes,Pa to Montgomery and Lowndes; crops tolerably good,Sept 1867,1867-09,06-048-P03,Crops are tolerably good here corn is turning out pretty well Cotton better than I expected ... Pa went to Montgomery [[deleted: illegible]] [[inserted: to day]] Tuesday ... he expects to go to Lowndes tomorrow
event,Lizzie Graves,Sick in bed nearly a week; 'an Ala. girl' (pale faces),Aug. 29th 1867,1867-08-29,06-050-P01,"My sickness has served to make me look like an Ala. girl the first morning that I was able to fill my seat at the table some of them said ""Cousin Lizzie your sickness shows right smartly on you"" I said ""Oh! it is only helping to make an Ala. girl of me"" ... ""we dont have as many pale faces there as you do here"""
church,Lizzie Graves; Pa; Mr. Thurgeson; Christian Church; Liberty,Heard of a Christian church twelve or fifteen miles south; Pa and she 'alone'; 'series of doctrinal sermons like they do at Liberty',Aug 1867,1867-08,06-051-P02; 06-050-P02,Pa heard of a christian Church some twelve or fifteen miles south of this ... I havnt met up with any one yet who is a member of the Christian Church Pa and I are alone it makes me feel right badly ... we dont have series of doctrinal sermons like they do at Liberty
person,Mr. Ba; Mr. Horns; Mr. Goodman; Mr. Austin; Jane and Mary; Aunt Susanna Andrews (Graves),Examinations; Mr. Goodman moving; letter enclosed for Jane and Mary ('the boys'); storm reported by Aunt Susanna Andrews (Graves),Aug 1867,1867-08,06-051-P01; 06-050-P02; 06-051-P03,I wish very much I could have been with you at Mr. Ba's examination ... Lizzie do you ever hear anything from Mr. Goodman these days poor man I reckon he will move and move until he settle in his grave ... Where is Mr. Austin ... I have written a letter to Jane and Mary which I hope you will pardon me for sending in yours give it to any of or all the boys and they will get some person to read it for them ... I received a letter from Aunt Susanna Andrews (Graves) a few days ago
relationship,Lizzie Graves; Dr. (L. Douglas) & Ellen,"Slip: May 10 1867, regards given to Dr. (L. Douglas) & Ellen; letter gives regards 'to the Dr. and Ellen also to Maggy and Jennie Bell'","May 10, 1867",1867-05-10,06-052-P01; 06-054-P01,(Regards given to Dr. (L. Douglas) / & Ellen. ... Give my kind regards to the Dr. and Ellen also to Maggy and Jennie Bell and to all enquiring friends ... L. J. G.
event,Lizzie Graves,"Pa's sore eyes; chills broken with red pepper; brothers Frank, [[Thaddie?]] & Charles at work",May 10th 1867,1867-05-10,06-053-P01; 06-054-P01,he has had sore eyes very bad but they are improving now I very much feared he would entirely lose one of them ... had two or three chills but broke them up with red pepper / I have been quite well since then Brothers are now at work trying to earn their bread by the sweat of their brow work seems to agree with Frank [[Thaddie?]] & Charles
event,"Memorial decorations, Alabama 1867",May party at Tusk[egee?] to decorate Confederate graves; the colored ladies of Montgomery decorated the Yankee dead; Methodist reunion convention; Catholics,May 1867,1867-05,06-054-P01; 06-054-P02,There was a May party given by the ladies at Tusk[[illegible]] the first of this month ... to decorate the graves of the Alabama confederate dead A few days after the white ladies had enjoyed their [[deleted: illegible]] on the confederate dead The colored ladies of the city of Montgomery formed a procession marched down to the graveyard loaded with flowers to decorate the graves of the Yankee dead ... The church convention is now in [[illegible]] for the purpose of uniting the Methodist Episcopal and Methodist Protestant churches again ... The Catholics have been making quite a [[illegible]] here lately
money,Corn price,"Corn selling at $2.00 per bushel (Alabama, May 1867)",May 1867,1867-05,06-054-P02,he is going to carry corn off for sale it is selling at $2.00 per bushel
event,Lizzie Graves; Uncle J.; Aunt; Cousin Mary,Uncle returned from California delighted; cousins moved to Los Angeles; earthquakes; bought a home in Greenville thirty miles off; beaus,Nov. 20th 1868,1868-11-20,06-056-P02; 06-057-P01; 06-057-P02,"My Uncle has returned from California highly delighted with every thing ... Sanfrancisco is far a head of Montgomery in the fashions if not ahead of New York ... My cousins found it too gay for them, so they moved about 500 five hundred miles south of that to Los angeles ... I think the Earth quakes they have been having out there have shaken his determination ... he has bought a home in Greenville, about thirty miles from here ... We have been having a good many ""beaus"" since Cousin M. came"
event,Mr Winniford's marriage,Lizzie Graves has not heard of Mr Winnifords marriage; sympathizes with Lizzie's loneliness,Nov 1868,1868-11,06-056-P02,I have not heard of Mr Winnifords marriage I know how to sympathize with you in your loneliness
relationship,M E Goodloe; Lizzie Douglas,"Slip: to Lizzie Douglas from (Niece) M E Goodloe, Randolph (Field); letter addresses Lizzie as 'Dear Niece'","Feb 12, 1865",1865-02-12,06-059-P01; 06-060-P01,"To Lizzie Douglas / from (Niece) / M E Goodloe / Randolph – (Field) / Feb 12, 1865 ... Randolph Feb the 12 1865 / Miss Lizzie D. / Dear Niece"
event,Henry Orr,"Passing through on his way to his command two days' ride away; five weeks from his command, detained in Louisiana with a lame horse",Feb 1865,1865-02,06-060-P01,I was allso agreable surprised in a viset from Henry Orr the other day he was passing thru this Co on his way to his command which is in two days ride of this plaise he only staid too nights with us he was well He has not ben withe the command in 5 weeks he was ditained in Luisiana on the account of his horse being lame
person,Uncle Tom; Granvill and Babe; Nannie; Mary Orr; Laura; Sue,M E Goodloe's kin; party with supper and dance; 'my brittest hopes have been blasted',Feb 1865,1865-02,06-061-P01; 06-061-P02,I was at Uncle Toms when he came we wer just starting to a party ... I did justice to the Supper but of cours tuck no hands in the dance ... Lizzie I do not think their is any more purfict happiness in this world for me for my brittest hopes have been blasted ... I heard from Granvill and Babe the other day ... Nannie is bothering me ... Tell Mary Orr that I think it time that she had answered my letter tell Laura ... tell Sue to write to me
event,M E Goodloe; George Douglas,Received a letter from George Douglas and answered it; 'old Houston',Feb 1865,1865-02,06-061-P02,I received a letter from George Douglas and answered it and think it time that I was getting a nother one / Lizzie their is some very pretty girls and boys in old Houston
event,Mrs [[Stinnet?]] (Claunch) murder,Sisters' account: Mrs [[S?]] killed; daughter Mollie aged 15 suspected; girl's bloody dress found; bond of [[five?]] hundred dollars; jailed at [[Wax?]]; Mrs Douglas first on the scene,[Sept 1863],1863-09,06-063-P01,"I have a horrible tale to recount this week tis the murder of Mrs [[Stinnet?]] by her daughter. Mrs [[S?]] is a sister to Mr [[Simons?]] ... Mrs Douglas was the first one to get there after it happened, and [[illegible]] poor crying little child & asked it who kilt her Mother – [[illegible]] the child said it was Mollie. Search was made and the girls dress was found concealed, all bloody. ... three days was given her to give [[five?]] hundred dollars bond she could not so her [[illegible]] went to [[Wax?]] jail."
person,Sister; Pleas Tyler; John; [[Morriss?]]; Mr [[Morton?]],Laura's Friday Sept 18 page; Sister's children,Friday Sept 18,,06-064-P01,Sisters children came home with me this morning she came this evening They are all well and hearty Sister is quite uneasy about her [[beef?]] ... Pleas Tyler is [[illegible]] and I heard him say he would be gone about ten days
money,Lizzie (to George),Bought a saddle for twelve dollars; packing something for 'you boys',Saturday evening 20th,,06-064-P02,I have got me a beautiful saddle got it [[illegible]] Mrs [[illegible]] brought it [[illegible]] twelve dollars
event,Magruder; flour speculation,Wheat carried in before the tithe tax sold by speculators; man from Nacochitoches says Magruder is at the head of it; sending George a sack of flour and fat bacon for his fish,[1863-64],,06-066-P01,"It is now currently reported and believed, that the wheat which the Farmers carried in before the tythe tax, was due, in order that the Soldiers might get some flour has been sold by speculators. ... There was a man here the other day from Nacochitoches who says this is so, and that Magruder is at the head of it. ... What if old Magruder orders you away from Sabine about the time Joda gets back, and takes all of your flour and bacon away from you? We are going to send you a sack of flour a piece and a good supply of fat bacon which I hope will serve to make your fish a little more savory."
person,Joda; Mr Banks; Col. [[illegible]],Joda saw Mr Banks in Dallas; bridle cannot be got; blanket mended,,,06-067-P01,"Joda saw Mr Banks in Dallas the last day he was there ... We will send all the things required, without it is the bridle. ... I have finished mending your blanket."
event,Joda; Velasco; Dock; J. M.; Mr Bell,Joda arrived 18 April 1865; George returned from Velasco; thread sent by J. M.; flour speculation (600 lbs) to send by Joda; side saddle for Laura from Houston,April 21st 1865,1865-04-21,06-069-P02,"We were somewhat surprised last tuesday evening — the 18th by the arrival of Joda ... suppose you have written by mail since your return from Velasco. I am anxious to hear something about Dock ... The thread you sent by J. M. was very acceptable, it will save me many a turn of my ""Piano."" ... It is to send down some flour by Joda that Laura and I have. There is only six hundred pounds of it ... I would like for you to look around a little, and see if a side saddle could be got in Houston. Laura is very anxious to get one"
event,Laura,"Teaching school away from home, 16 to 19 scholars",April 1865,1865-04,06-070-P01,"I recd a letter from Laura this evening. she seems to be very well satisfied in her new situation. says she has from 16 to 19 schollars, with a prospect for more. I suppose it is better than to be carding and spinning"
person,Cousin Mollie; Mrs. Bishop; May; Kirkham,Cousin Mollie at school at Liberty; Mrs. Bishop from Dallas teaching there,April 22 1865,1865-04-22,06-070-P02,She is going to Liberty; A mrs. Bishop is teaching there now. She is from Dallas ... could teach almost every thing the Dead Languages included. But May says it is with difficulty she can find the answers in old Kirkham
event,Stiles boys; Stanley; Jim Floyd; Mrs Campbell; Jennie Bell,Horse theft; deserter Stiles boys; one hung on the limb Stanley was hung on; party of 8 or 10 men; 'I dread the consequences of this mob law',April 1865,1865-04,06-070-P02; 06-071-P01,"Several horses have been stolen, and two Stiles boys who lived over in the neck and were deserters, were suspected. A company of men got after them, and caught one of them — the Youngest; he acknowledged to stealing and said his brother was concerned in it. They hung him on the same limb Stanley was hung on — so we have heard. ... Last Sunday morning a party of 8 or 10 men passed Mrs Campbells — aunt [[Bats?]] house — with one of the Stileses. Jim Floyd was one of the party. ... Perhaps they merited death, but I dread the consequences of this mob law. We know not, but this is the beginning of terrible times. I hate the thought that Brushy should be the place of the beginning of such things."
person,[[Foythe?]] (Fayette); Bob,"Fayette not returned; Bob chills, seeking furlough",April 1865,1865-04,06-071-P02,"[[Foythe?]] has not yet returned; the last news from them, Bob was having the chills, and was trying to get a furlough to come with F."
event,Henry and Ellen; Father,Henry and Ellen went up (home) last Wednesday; Henry helped Father sow grass seed; stove set up; well cleaned,April 1865,1865-04,06-072-P01,"Henry and Ellen went up last wednesday, so we are once more by our selves. Henry helped Father to sow his grass seed before he went away. They have got the stove set up ... They got the top of the well, a good many old shoes and large rocks and a Young possum out of the well."
church,brother Methodist Jones; Liberty,Will hold forth at Liberty; Lizzie has not heard a discourse since 1 March,April 1865,1865-04,06-072-P02,"Tomorrow, brother Methodist Jones, will hold forth at Liberty. I will try to attend as I have not heard a discourse since the 1st of March."
person,Joda; [[Fran?]]; Warren,Joda at home plowing; two letters from [[Fran?]] dated 26 March; love to Warren,April 1865,1865-04,06-072-P03; 06-072-P04,"Joda says tell you he is at home safe, and a plowing. ... We recd two letters from [[Fran?]], last dated 26th of March. He is very anxious to come home ... With best love to Warren and yourself I remain Lizzie"
person,Jeppe; Mr Rutherford; Mary Burkhead; Theodore Wylie; Miss Mattie; Sis,Jeppe bought Laura's pony going to San Antonio; nag bought from Mr Rutherford; George's 'almost rude word' to Sis,March 20 [year not given],,06-074-P01; 06-075-P02; 06-075-P03,"Jeppe bought Laura's pony when he went to San Antonio I consider him a poor horse ... You say ""Sis sends her respects to me, ask her what I must do with them."" ... we bought her from Mr Rutherford, father of the one that married Mary Burkhead; If you remember, Mr Rutherford bought out Theodore Wylies; and by the by he has a daughter just ""Sweet Sixteen"" Miss Mattie"
event,Lizzie to George,Advice on George's handwriting and spelling; letters marked 'Due ten cents',,,06-074-P02; 06-074-P03,"I know you know how to spell, but you sometimes leave out letters, which causes [[deleted: them]] [[inserted: words]] to be spelt wrong. ... your letters are sometimes marked ""Due ten cents""."
event,Mr Graves; Thos; Joe,Joe taken prisoner and paroled by the Feds,March 20th,,06-074-P05,March 20th all well today Mr Graves Thos Uncle came over to work this morning they say Joe has got home he was taken prisner and Paroled by the Feds.
person,Mr. Graves; Dolpheus; Laura,Laura's fragment: Mr. Graves planting corn; the boy whose hand was mashed off,Thursday 28 [Apr.],,06-077-P01; 06-078-P01; 06-078-P02,Thursday 28. Mr. Graves commenced planting corn ... I did not send one by Dolpheus / In your next give us the name of the Boy that got his hand mashed off. ... Affectionately / Laura
event,Battle below Shreveport,"Fragment: fight below Shreveport, two thousand prisoners; slip says Reb capture of 2000 prisoners",17th,,06-079-P01; 06-080-P01,"— Tells of battle / below Shreveport — / with Reb capture of / 2000 prisoners ... 17th We [[illegible]] just [[illegible]] us [[illegible]] fight below Shreveport. [[illegible]] says we [[illegible]] two thousand prisoners, five [[illegible]]. [[deleted: cannon]] [[illegible]] forty"
church,Sunday school,Sunday school commences today; 'all well on Brushy',,,06-081-P02,Sunday school commences to day I dont expect to attend much. This leaves all well on Brushy.
event,Laura (per slip) to George,"Slip: Feb. 11, 1865(?); letter dated Feb 1st 1865 'By the fire Sandy'; run on Blazes leading Jenney; spinning; Lizzie & Jeannie deserted us",Feb 1st 1865,1865-02-01,06-082-P01; 06-083-P01; 06-083-P02; 06-084-P01,By the fire Sandy / [[illegible]] Feb 1st / 1865 / Dear George ... I had quite a run on Blazes leading Jenney ... Spinning is my constant employmen at home ... Lizzie & Jeannie have entire deserted us ... Keep out of mischief dont forget [[how Lol?]]
event,"Lizzie to George, letter No. 8","Brushy, Thursday night April 14 1864; the Dr.; all well on Hack except Joe; Jeppe coming down; Beck and [[Wash?]] from Grape Vine Springs because water is scarce; Ellen wants to [[sell?]] out and move to this neighborhood; militia service ten days out of forty; deserters at [[Tyler?]]; Mrs White presented a six shooter",April 14th 1864,1864-04-14,06-086-P01; 06-086-P02,No. 8 / Brushy Texas / Thursday night April 14th 1864 / Dear brother — ... They were all well on Hack except Joe ... Jeppe will be coming down [[illegible]] here now. Beck and [[Wash?]] have had to come [[illegible]] from Grape Vine Springs. On account of water being so scarce ... They only have to [[illegible]] ten days out of every forty. He thinks if he [[illegible]] Ellen he will be exempt on account of [[illegible]] militia. ... Mrs White presented a six shooter and told them if they advanced she would shoot them. so they did not take Mr White. Hurrah! for some of the women dont you say so.
event,Joda; Watts; Ingeville; Johnson; John Turney,Turkey hunting; pet deer; panther; six mule team,15th [April 1864],1864-04-15,06-087-P01,"[[Colburn?]] came to stay all night to go a turkey hunting with Joda in the morning, but was disappointed as Joda went to Dallas to day to see Watts having failed to see him at Ingeville as he went to Johnson ... You ought to be here to hear the turkeys gobble of a morning and see some of our beautiful pet deer. ... which [[illegible]] we suppose to be a panther. ... On the subject of John Turneys, the people of [[Tennessee?]] are anxious that he shall get a six mule team"
event,Genl McCullough; William Duff; Jno Smith; Rome,Peace questions; the cotton trade; McCullough's rendezvous trap capturing 200 men; Rome to Wax. seeking to drive a team San Antonio to Eagle Pass,April 15 1864,1864-04-15,06-087-P02,"You say dont get too fast on the peace questions I will not, for I never was as sanguine as Father and [[Louisa?]] ... But I always have and always will think there is something wrong about this cotton trade. ... Genl McCullough ... two hundred of them had arrived when they were surrounded by a Regmt and taken prisoners ... [[deleted: among them William Duff and his]] nephews Jno Smith who have returned to this section ... Rome has now gone to Wax. with a waggon master ... to try to get to drive a team from San Antonio to Eagle Pass."
relationship,Lizzie Douglas; George Douglas,"Slip: Nov. 13, 1864; mentions Henry & Ellen's safe return, prisoners at Tyler, plastic surgery","Nov. 13, 1864",1864-11-13,06-088-P01,"To George Douglas / from / Lizzie Douglas / Nov. 13, 1864 / — / mentions Henry & / Ellen Douglas safe / return. / Speaks of prisoners at / Tyler, Tex. / Tells of plastic surgery"
church,"Liberty; Mrs Justin's funeral; Haynes, Justin, Maley, White, Berry","Funeral sermon at Liberty from Hebrews 11:4, two hours, much on depreciation of the currency; the Colony; Shilo",Nov. 13th 1864,1864-11-13,06-089-P02,"This morning Lou and I went to meeting to Liberty to hear Mrs Justins funeral preached; it was to have been preached at the Colony last Sunday ... Five preachers: Haynes, Justin, Maley, White, and Berry. Mr Haynes gave us a long tedious discourse from the last clause of the 4th vs. of the 11th ch. Hebrews. He spoke fully two hours, and a good portion of his sermon was about the depreciation of the currency"
event,Aunt Bettie; Betsy,Aunt Bettie moved (to Arkansas) on the 10th [Nov 1864] taking Betsy and chickens,Nov 10 1864,1864-11-10,06-089-P02; 06-090-P01; 06-092-P04,"We assisted aunt Bettie in getting ready to move ... She got off on the morning of the 10th / She took Betsy and chickens, left the spinnack and what few cows she had ... Aunt Bettie told me to tell you to write to her [[illegible]] Ark."
money,Father (N. L. Douglas),Bought a sow and five shoats for ten dollars specie; reserved twenty acres for corn and hungarian; Gibson to raise wheat for a fourth,Nov 1864,1864-11,06-090-P01,"Father bought a sow and five shoats from her for ten dollars specie, so I reckon we are safe in the meat line for another year ... Father has reserved twenty acres for [[corn?]] and hungarian. ... he was just to raise the wheat, cut it and thrash it and put a fourth in the granary."
event,The well,Well waters a dozen mules and horses,Nov 1864,1864-11,06-090-P01,The well holds out finely about a dozen mules and horses are watered out of it twice and three times a day.
event,Old Abe; [[Childsy?]]; Mc. Clelland,Lincoln's election; four more years of war feared,Nov 1864,1864-11,06-090-P01,"If I had any hopes of the war ending soon I would feel so much better but from the tone of the papers, we need not look for peace in four more years. Old Abe is elected in all probability and [[Childsy?]] thinks it is best for if Mc. Clelland is elected says he, propositions will be made which some of the States will accept, and then we are ruined."
person,[[Childsy?]]; Mr Grounds,Soldier visitors from George's camp,Nov 1864,1864-11,06-090-P02; 06-091-P01,"[[Childsy?]] was nearly frozen, but a warm fire soon set him to talking, and he and Mr Grounds (a soldier that came with him) kept us laughing ... you and Joda had talked so much about him"
event,Henry and Ellen; Warren; Beck; Griffin,Henry and Ellen started home 8 Nov 1864; Warren expected with Beck; 'Griffin or somebody else must have a particular spite at Warren',8th [Nov 1864],1864-11-08,06-091-P02,"Henry and Ellen started home on the 8th, all well and hearty. we have not heard from Warren but look for him and Beck down. Griffin or somebody else must have a particular spite at Warren. If he did not get his furlough lengthened, his stay at home will be short."
unit,Dock [[Wyrman?]]; Ed Dickson,"Dock in Co. G, Bates' Reg at Velasco; 'I am a peace man, let it come as it may'; Ed Dickson at Tyler guarding prisoners",10th Oct 1864,1864-10-10,06-091-P02,"We recd a letter from Dock [[Wyrman?]] not long since, dated 10th Oct. He had just got Fathers letter and the socks we sent by Ed Dickson. ... He belongs to Co. G. Bates' Reg which is stationed at Velasco ... He winds up his letter by saying ""I am a peace man, let it come as it may."" Ed Dickson is now at Tyler guarding prisoners."
event,[[Rome?]]; Sister,Rome tells Sister to buy two more wagons and come to San Antonio in the spring,Nov 1864,1864-11,06-091-P02,"[[Rome?]] it seems has a notion of hanging on to the service. The last letter Sister got from him he told her to buy two more waggons (a horse and an ox waggon) and come to him in the spring. Sister is mightily pleased, she has been wanting to leave here a long time. She thinks she can rent a house in San Antonio and send the children to school"
event,Jeppe; Warren; Beck,"Jeppe arrived 15 Nov 1864, going to San Antonio with wool; Warren cannot bring Beck; will be here 10 Dec on his way back to Sabine",Wednesday 16th [Nov 1864],1864-11-16,06-092-P01,"Jeppe got here yesterday he will only stay down a few days, as he is going to San Antonio with a load of wool as soon as he returns. Henry and Ellen [[inserted: had]] got back safe. Warren not got down; he can get no conveyance to bring Beck down while he stays; he wrote he would be here on the 10th of Dec. on his way back to Sabine. I suppose he got his furlough lengthened."
event,Mr. Marshall's family; Lou's house,"Family from Arkansas, two sons and six daughters; 'the feds treated them better than our folks'",Nov 1864,1864-11,06-092-P01,On last monday Mr. Marshalls family [[deleted: was]] rolled in from Ark. composed of two sons and six daughters. ... The jayHawkers were the only ones that pestered them much. They say the feds treated them better than our folks. The old man has rented Lous house for them
event,[[Lidda?]] Baker; Dr. Mc. [[Curdy?]],Gold nose covered with forehead skin,Nov 1864,1864-11,06-092-P02,As an other item of news I will tell you about [[Lidda?]] Bakers nose. Dr. Mc. [[Curdy?]] is making her a new one; he made a gold nose and then cut a piece of skin out of her forehead and twisted it around and covered the gold. ... He says he is going to make her a lip when her nose gets well and then take her for pay.
event,Jane Green,Died of pneumonia,Nov 1864,1864-11,06-092-P03,Jane Green died last Saturday night with pneumonia.
relationship,Lizzie Douglas; George Douglas,"Slip: Feb. 19, 1864; mentions Jim Orr's letter, wounded at Chickamauga; deserters; Quantrill's Raiders","Feb. 19, 1864",1864-02-19,06-093-P01,"To George Douglas / from Sister / Lizzie Douglas / Brushy — / Feb. 19, 1864 / [[deleted: Letter no. 4]] / mentions Jim Orr's / letter — wounded at / Chickamauga. / describes war & / Lizzie also speaks of / deserters — / Quantrills Raiders"
event,Fayette; M Orr; Jim; Tole Hamilton,Letters from Fayette and Jim; Jim slightly wounded at Chickamauga; Tole Hamilton fell at Ringold,Feb. 19th 1864,1864-02-19,06-094-P02; 06-094-P03,"Laura got a letter from Fayette, M Orr one from Fayette, Mary and I one apiece from Jim. / They have come safely through all the fights except the slight wound Jim rec. at Chickamauga. ... Jim says ""he can stand the fatigue and hardships all very well, till it comes to the fighting fighting, and then when he sees his comrades falling around him, it is all he can do to persuade himself not to run."" Tole Hamilton fell at Ringold, in the retreat. he was shot through the breast, and only lived a few minutes. ... He leaves a widow and child."
event,Goodloes (Aquilla's sons); Squire; uncle [[Givans?]]; Charly Brown; Will; Will G.; Will Brown; Mary G.; Billy,Two Goodloes deserted; Squire 'safe over the Border'; Will safe in a Northern clime,Feb 1864,1864-02,06-094-P03; 06-095-P01,"The boys write home that two Goodloes (Aquilla's sons) have deserted. And whose name do you expect to hear [[illegible]]? Tell no other than Squire. ... But Squire is safe over the Border, where a many another poor Dixie boy wishes he was I expect. ... Charly Brown has written to them, that Will is safe with his kindred in a Northern Clime ... Mary G. is perfectly satisfied about Billy. ... He was at Chicago when Charly heard from him"
unit,George's battalion; Joda; Tom [[Warthen?]]; Gurley's reg.; Murray's Texas Co.,Joda thinks George's battalion disgraced; guard round Gurley's regiment; Murray's Texas Co. all left but sixteen,Feb 1864,1864-02,06-094-P03,"From the tone of Jodas letter, he seems to think your Batt. is disgraced worse than any other body of men in the Army, but he is behind the times ... Tom [[Warthen?]] writes home that they have to keep a guard round Gurleys reg. to keep them from deserting. We hear there all of Murrays Texas Co. have left but Sixteen."
event,Quantrill's men; [[Sherrol?]],Men in the Confederacy who murder for money; Sherrol's tales of killing union men,Feb 1864,1864-02,06-095-P02,"I think there are men in this Confederacy, mean enough to perpetrate any and all of the crimes committed by him, and that for less motive, than Quantrills men were actuated by. ... But there are men in this confederacy who murder for money and I have some reason to believe, that [[Sherrol?]] is one of them. ... Such as going to a union man's house, passing himself off for a union man get into the others Sentiments, then draw out his pistol and shoot him down."
event,Jim White; militia,Militia armed with sticks,Saturday night 20 [Feb 1864],1864-02-20,06-095-P03,"Jim White says the militia [[illegible]] are armed with sticks. ... he says his command had guns as they were dismounted Cavalry, but some of them were actually armed with sticks for guns."
person,Emmie; uncle Geo.; Cousin Mollie; Laura; baby May; Ellen,"Emmie asks uncle Geo. for little letters; George's poems 'We are growing old' and 'O would I were a child again'; the baby, blue-eyed little May",Feb 1864,1864-02,06-095-P04,"I asked Emmie what to tell uncle Geo. she says tell he do write me little letters. Cousin Mollie is here to night. ... Laura wishes to know if you completed ""We are growing old"" and ""O would I were a child again"" they are beautiful verses. I never once told you a word about the baby. She is a very pretty, blue eyed fair skinned little May. ... Ellen and Emmie have grown a great deal since you left. Ellen can spin pretty well on two spindles."
relationship,Lizzie; George; Lafayette Orr; Henry Orr; Cynthia; Jim Orr; Uncle Alfred,"Slip: June 28, 1864, Letter no. 18: Lafayette Orr prisoner of war, through Henry Orr's letter to Cynthia & Jim Orr; death of Uncle Alfred (manuscript numbered No. 13)","June 28, 1864",1864-06-28,06-096-P01; 06-097-P01,"— Tells of hearing from / Lafayette Orr as / prisoner of war thru / Henry Orr letter to / Cynthia & Jim Orr / — Tells of death of / Uncle Alfred ... No. 13. / Brushy, June 28th 1864."
event,Uncle Alfred; Aunt Bettie; Mr Orr; Henry,"Uncle Alfred died late Sunday evening 5 June 1864, 18 days after being wounded; Aunt Bettie fainted; Mary Orr and Lizzie sat with her",5th of this month [June 1864],1864-06-05,06-097-P02,"I have sorrowful news to tell you this morning. Uncle Alfred is dead. Mr Orr recd a letter from Henry yesterday, confirming what we had heard before. He died late Sunday evening the 5th of this month, just 18 days after he was wounded. Poor Aunt Bettie is allmost crushed beneath the blow. As soon as she heard it was really true, she fainted away"
event,Uncle Alfred's wound,Bone fractured below the knee cap,June 1864,1864-06,06-097-P03,"the bone had been considerably fractured, just below the knee cap, and upon pressing it a good deal of matter run out with the oil of the knee cap."
event,Uncle Alf; John Morgan; Docter Gardner; Bob [[Head?]]; cousin Gran; Bob; Thos. Harper; Parsons men; Coz G,"'I just want to get into one big fight, that will do me'; buried between John Morgan and Docter Gardner; Bob says he was the coolest man in the company; Parsons' men to Houston",June 1864,1864-06,06-098-P01,"Poor Uncle Alf. when he told Lou and me goodbye he said ""I just want to get into one big fight, that will do me."" But now he sleeps between two comrades in arms — John Morgan, and [[deleted: illegible]] [[inserted: Docter]] Gardner. Bob [[Head?]] and his lady called upon us ... He says Uncle A. was a good soldier — he watched him during the fight and he appeared to be the coolest man in the Co. Henry writes that cousin Gran is able to walk some ... Thos. Harper got in the other day, he says Parsons men have been ordered to Houston."
church,Methodists at Liberty; Parson Sansom; [[Coltr V.?]],"Methodist meeting at Liberty, seats moved under the trees; dinner on the ground",June 1864,1864-06,06-098-P02,"Well the Methodists are having another grand time at Liberty; their meeting commenced last Thursday night ... they had to move the seats out under the trees. ... Parson Sansom preached in the morning, [[Coltr V.?]] in the evening. Had a splendid dinner on the ground and pretty girls were plenty"
event,Old Mrs [[Liz?]] Hawkins; Old Mr Love; Old man Durst; widow Smith of Johnson Co; Sweet; Jim,Marriages; widow Smith reported to have a hundred negroes; Jim reported gone to the Feds,June 1864,1864-06,06-098-P03,"Last Sunday night Old Mrs [[Liz?]] Hawkins and Old Mr Love were united in the bonds of matrimony; and not long since, Old man Durst and a widow Smith of Johnson Co; It is reported she has a hundred negroes. ... I saw Sweet Sunday, it is reported that Jim has gone to the Feds, but I hardly think he would marry and go right straight off and leave his wife."
event,Fayette; Jim; George's 24-page letter,Fayette's letters via Henry; men reenlisted 'for 50 years or during the war'; George's letter of 24 pages foolscap giving an account of himself since entering the service,June 1864,1864-06,06-098-P03; 06-098-P04; 06-099-P01,"I recd two letters from Fayette yesterday which Henry had recd and sent home. ... the most of them have reenlisted for 50 years or during the war. He says Jim is as lazy as he can be ... He said he had just recd your letter of 24 pages foolscap giving him an acct of yourself since you entered the service; that you had used up Walker and Websters besides using various / ""Technical terms"""
event,Baby Sarah; Gale; Mother; sister,Baby (Jesse's daughter) named Sarah by Gale; Mother took her to sister's because of mosquitoes,June 1864,1864-06,06-099-P02,"Mother took the little baby over to sisters nearly a week ago to stay till they disappear some. We will call the baby Sarah. I do not think it is a pretty name, but Gale named her that."
church,Mary Jeffers; the Colony presbyterian meeting; John Andrews; Adolphus (Delphus),Meeting continuing; John Andrews and Adolphus home to cut wheat; the little book sent to Ellen,June 1864,1864-06,06-099-P03,"Little Mary Jeffers is the only one that has professed yet ... Big presbyterian meeting commences at the Colony to morrow. John Andrews and Adolphus are at home now got here home to cut wheat. ... We recd yours of the 9th the other day, also the little book to Ellen."
relationship,Sue Bell; Lizzie Douglas; George,"Slip: to Brother (George) from Sue Bell & Lizzie Douglas, Aug. 19, 1864, Letter no. 16","Aug. 19, 1864",1864-08-19,06-100-P01,"To Brother (George) / from Sue Bell & Lizzie / Douglas / Aug. 19, 1864 / Letter no. 16"
event,Sue (at Liberty school house); Mr. Rockett; Joda; [[W?]] Jones; Henry; Rome,Sue teaching at Liberty school house; paper sent; Rome hauling cotton below San Antonio for Laredo; promise of hauling to Matamoras,August [[18th?]] 1864,1864-08-18,06-101-P01; 06-101-P02,"Liberty school house / August [[18th?]] 1864 No 16 ... Mr. Rockett came in this morning, and handed Me a roll of paper which I suppose you must have sent ... [[Sue?]] had just recd a letter from Rome. They were four miles below SanAntonio loaded for Laredo. ... After they get back to San Antonio they have the promise of hauling to Matamoras"
event,Sue; Lizzie Graves; Liberty Spring; Miss Beckett; Sabine fleas,Lizzie Graves the only girl of her age at school; old Liberty Spring; fleas 'as thick as flies down at Sabine'; Parson Justin's wife died,Aug 1864,1864-08,06-102-P01,[[illegible]] and Lizzie Graves are the only girls of my age ... the old Liberty Spring. We go there [[illegible]] every day to eat our dinner ... plenty of fleas. They are about as thick as flies down at Sabine ... I heard this morning of the death of Parson Justins wife she died yesterday
church,Bro Goodwin; spelling match,Bro Goodwin and the boys arranged benches for a spelling match,Saturday evening [Aug 1864],1864-08,06-102-P02,"Bro Goodwin and the boys took down the stove, and moved the benches round generally ... then began the bustle of spelling."
relationship,Ann & Cynthia; aunt Catherine; Warren Payne; Preston Payne,"Warren Payne dying, youngest child of Preston Payne, taken by aunt Catherine at nine days old; chronic diarrhoea; nearly 17 months",Aug 1864,1864-08,06-103-P01; 06-103-P02,Ann & Cynthia have just passed by going from aunt Catherines and say Warren Payne is dying ... Warren Payne is the youngest child of Preston Payne whom aunt [[inserted: Catherine]] took when he was only nine days old ... His disease was chronic diarhea.
unit,Lynn Norman; Eppa; Sibley's Brigade; Gran Jetter (Jetton); Mr. Chappell; Bob; Ada Chappell; Dock,"Lynn Norman home on furlough from the Rio Grande, to report at Sabinetown 8 Sept; Eppa's regiment ordered to Arizona; Gran Jetton digging a well, patriotism cooled; Chappells 'violent secesh'; Dock deserted",Aug 1864,1864-08,06-103-P02,Lynn Norman is at home on furlough; he has been out on the RioGrande for some months but is on his way to La. He has to report at Sabinetown on the eighth of Sept. He says the Reg. to which Eppa belongs has been ordered to Arizona. Another wildgoose chase like that of Sibleys Brigade. Gran Jetter is still at home. ... His patriotism has cooled down several degrees below zero. ... Miss Ada Chappell is living at Gran Jettons ... for Dock deserted and went home from La. last fall
person,Ellen and Laura [[Coffy?]]; Mrs [[Graithwaite?]]; Jennie Bell; uncle Johny; Joe Witherspoon; Mr and Miss Anthony; uncle Joe; Tom Witherspoon,Sat up till two o'clock; Tom Witherspoon home with a hole in his head,August 21st [1864],1864-08-21,06-104-P01; 06-104-P02,"Ellen and Laura [[Coffy?]] Mrs [[Graithwaite?]] Jennie Bell and uncle Johny Joe Witherspoon and Mr and Miss Anthony were at uncles Joes. ... Tom Witherspoon is now at home with a hole in his head large enough to put your thumb in, the covering of his brain can be seen."
unit,George Douglas; Walker; Lt. Allen,"George's furlough number 13; 'Now that Walker is in command, perhaps more men will be furloughed'; Lt. Allen reported shot on the 5th",Aug 21 1864,1864-08-21,06-104-P02,"I suppose you were so badly disappointed is the reason you said nothing about drawing for a furlough. If it is number 13. I want to know something about when your time will come to get off. ... Now that Walker is in command, perhaps more men will be furloughed. The paper said Lt. Allen was shot on the 5th but as you said nothing about it in yours of the 7th I suppose it is not true."
person,Ruth ('sisters black girl'); May; Sam; Mr [[Grames?]]; Mr Grounds; Cousin Dock; Ed,"Ruth, sister's black girl, hired for two or three months; socks for Cousin Dock by Ed",Aug 21 1864,1864-08-21,06-104-P02; 06-104-P03,"Mother and Sue have gone to Mr [[Grames?]] Father to Mr Grounds to take some socks to send to Cousin Dock by Ed. Laura did not come home so I am here by myself, except Ruth, sisters black girl whom we have hired for two or three months. I must go down and stay with May to day ... I hope Sam will get your letter at the P O to day"
relationship,Gail Douglas; Jesse Douglas; Sarah Gale Douglas; Eveline Gale (Manly) Douglas,"Slips: Letter no. 9, April 30, 1864: death by childbirth of Gail Douglas, wife of Jesse Douglas; second slip: birth of Jesse's daughter Sarah Gale Douglas and death of her mother Eveline Gale (Manly) Douglas, April 23, 1864","April 23, 1864",1864-04-23,06-105-P01; 06-105-P02,"— Tells of the death by / Childbirth of Gail Douglas, / wife of Jesse Douglas. ... AUNT LIZZIE TO UNCLE GEO. IN ARMY / REGARDING BIRTH OF JESSE'S DAUGHTER, / SARAH GALE DOUGLAS, AND DEATH OF HER / MOTHER EVELINE GALE (MANLY) DOUGLAS, / APRIL 23, 1864."
event,Jeppe; Gail; Mother; Sue; Henry; Hack,Jeppe again a widower; Gail died Saturday 23 [April 1864]; Mother brought the baby home; Jeppe would give it to Sue and Lizzie; 'Jeppe is fated to a life of trouble'; Henry brought Mother home from Hack,April 30th 1864,1864-04-30,06-106-P02,"I have sad news to communicate this time; Jeppe is again a widower. Gail died last Saturday (23d). Mother got home yesterday and brought the little baby with her. It is the poorest least one I ever saw ... Mother says Jeppe told her he would give it to Sue and me, poor little orphan, we will all do all we can for it. It seems that Jeppe is fated to a life of trouble. Henry brought Mother home, and left all the balance well on Hack."
church,"Bro Jones; Marshall (Methodist preacher, Ark renegade); Parsons Austin and Haynes; Mary Freeman; Mary Gram",Bro Jones preached three sermons; Austin 'honestly differed on a few points'; Jones met Mr. Stone and preached for the soldiers when they left Dallas,April 1864,1864-04,06-106-P03; 06-107-P01,"Bro Jones preached three very good sermons. ... he is a methodist preacher, and [[inserted: an]] Ark renegade his name is Marshall. Parsons Austin and Haynes were both there. ... Austin made a few remarks after Jones got through ... He did not court controversy or debate, but he honestly differed on a few points. ... Jones says when you all left Dallas, he [[illegible]] Mr. Stone and preached once for you somewhere on the road."
event,Joda; Fields; Tarrant; Roxana; Mansfield; Sir; Wax.; Bow; Milligan,Joda got transportation (ox train) from Fields to haul to Milligan; things sent by way of Waxahachie,April 1864,1864-04,06-107-P02,"Joda after some difficulty has succeeded in getting transportation. Fields did not like to grant it, but at last consented ... Joda has now gone to Tarrant to have the things brought down Roxana to Mansfield; he said he would get Sir to come by Wax. so we could send your things over. ... We are very sorry he has to take an ox train as it will take so long to get to Milligan; but he could do no better as Fields positively refused to let him have a mule train."
relationship,Lizzie Douglas; George Douglas (Galveston),"Slip: Sept. 6, 1864, Letter no. 16, to George Douglas, Galveston; discussion not to hold union church meetings; Fayette & Jim prisoners, entire brigade captured","Sept. 6, 1864",1864-09-06,06-108-P01,"To George Douglas / Galveston, Texas. / from Sister / Lizzie Douglas / Brushy Creek / Sept. 6, 1864 / Letter no. 16 / — Mentions discussion / not to hold union / Church meetings / in community / — Speaks of Fayette & / Jim (Orr) being / held as prisoners / entire brigade captured"
person,Mr. Collins; Lou; Frances Blair; Thomas,George's letter of 10 Aug and knife by Mr. Collins; letter from Frances Blair; Thomas not yet in the service,Sept. 6th 1864,1864-09-06,06-109-P02,"Last thursday I went up to the Office, and got yours of 10th ult. also the knife you sent by Mr. Collins ... I also received one from Frances Blair, who by the way is as good at letter writing, as conversation ... Thomas has not yet gone into the service."
event,Jeppe; Henry (Dr); Daniel H. Willbanks; Sallie Willbanks; Dr. Orr,Jeppe arrived from Hack Creek; Henry lost two patients incl. Daniel H. Willbanks whom Warren knew; Sallie Willbanks married Dr. Orr and they have parted; Jeppe made 130 bushels of corn,Sept 1864,1864-09,06-109-P03; 06-109-P04,"Jeppe arrived this evening. He brings no news, left all well on Hack Creek ... Henry has had a gooddeal of practice of late; he has lost two patients, one of them was Daniel H. Willbanks, Warren [[deleted: knows]] [[inserted: knew]] him. Sallie Willbanks married Dr. Orr, and they have parted. / Jeppe gathered his corn before he came down, made a hundred and thirty bushels."
event,Nancy Hancock (Stout); her brother; Mr. Telly; J. Bell,"Sudden deaths of a strange disease; Mr. Telly's arm mortified; J. Bell suffering from his wound, ball working in his shoulder",Sept 1864,1864-09,06-109-P04; 06-110-P01,"Nancy Hancock, (Stout that was) was taken sick on Sunday and died on the next wednesday. ... her little brother was taken suddenly, and died [[deleted: illegible]] in two hours ... Mr. Telly — Nancy [[Culphers?]] husband — has been in bad health for a long time: on last Sunday morning a small red spot made its appearance on his arm ... mortification took place and he died on monday. ... J. Bell is now suffering severely from his wound. His shoulder is greatly swelled, and there is a place six inches long, in which he says he can feel the ball working back and forth."
money,Father; Mr. Martin; old Toby,Father sold old Toby to Mr. Martin for twenty three dollars in specie,Sept 1864,1864-09,06-109-P05,"Father has sold old Toby to Mr. Martin, for twenty three dollars in specie."
event,Mr. L. Evans; Sabine; Magruder,"Evans left Sabine on the 31st [Aug 1864], seven days on the road; George's furlough not before Feb; 'I am glad old Magruder is gone'","Wednesday evening, 7th [Sept 1864]",1864-09-07,06-110-P02; 06-110-P03,"Mr. L. Evans called on us, and left the books you sent, also the letter from Joda. ... says he left Sabine on the 31st thats only seven days on the road. ... Mr Evans says your time will not come before Feb. he also says you could get leave of absence the same as he did. ... I am glad old Magruder is gone."
event,The little baby (Sarah),"Five months old, weighs nine pounds",Sept 1864,1864-09,06-110-P04,The little baby is five months old and weighs nine pounds.
church,Meetings at Brushy; Parson Hill; Mr. [[Batakers?]]; Bro Jones; Parson Austin; Milton Rawlins; Sarah Selby; Lizzie [[Burnard?]],Protracted meeting; Methodists appointed a rival meeting; 'It is only the methodists that are so hostile. the presbyterians are not so afraid of the truth'; four united with the church; Bro Jones's sermon on the unity of the church,Sept 1864,1864-09,06-111-P01; 06-111-P02,"Every one preaches his own doctrine with all his might, consequently discussion [[inserted: is]] rife. ... so after studying on it awhile they appointed a meeting in Mr. [[Batakers?]] neighborhood embracing the same time! ... The saying of Parson Hill, ""now if me and my neighbor dont agree I just let him alone, dont go about him,"" had sunk deep in their hearts, so union meetings were forgotten. ... It is only the methodists that are so hostile. the presbyterians are not so afraid of the truth. / Bro Jones was [[inserted: the]] only preacher from a distance ... There were no conversions, but four united with the church — Milton Rawlins, his wife, Sarah Selby, and Lizzie [[Burnard?]]. The meeting closed on monday night at which time Bro Jones preached one of the best sermons I ever heard on the unity of the church."
church,Parson Austin; Bro Goodman,Austin: 'they (the christians) have the bulge on us'; next protracted meeting in October,Sept 1864,1864-09,06-112-P01,"In his own language he says ""I tell my brethren that they (the christians) have the bulge on us and we had better let them alone"". ... an other protracted meeting was appointed for the [[deleted: illegible]] beginning friday night before the first Sunday in Oct. Bro Goodman told us several preachers would be there"
event,Parson Austin; Lis. Gibbs; widow Mc Knight; Fayett and Jim; Mary Morgan; Mr. Phipp; Walk Hatter,"Austin courting two weeks after his wife's death; Fayett and Jim captured or killed, whole brigade captured; Mary Morgan to marry Mr. Phipp; Walk Hatter a prisoner four months",Sept 1864,1864-09,06-112-P02,"Parson Austin was [[deleted: illegible]] waiting on Lis. Gibbs last Sunday, and [[gave?]] Saturday night. Dont you think that is right early? his wife has only been dead a little over two weeks. Father has just returned from the widow Mc Knights; he went down to get an auger to bore for water. He brings two items of news; one is that Fayett and Jim have either been taken prisoners or killed. A letter has been recd stating the whole Brigade was captured. ... Mary Morgan is to be married to night to Mr. [[deleted: illegible]] Phipp. ... I saw Walk Hatter the other day ... He was a prisoner four months, and says he fared well while in N's hands. He says the Soldiers he talked with sayed the would fight us ten years but what they would whip us; that old Abe gave them plenty to eat and wear"
relationship,Lizzie Douglas; George Douglas (Sabine Pass); Mary Andrews; Rob Orr; Norvell Winneford,"Slip: Aug. 5, 1864, Letter no 15, to George Douglas, Sabine Pass; party attended by Mary Andrews & Rob Orr; complains of Norvell Winneford working as teamster instead of serving","Aug. 5, 1864",1864-08-05,06-113-P01,"To George Douglas / Sabine Pass / from / Lizzie Douglas / Brushy Creek / Aug. 5, 1864 / Letter no 15 / — Tells of party attended / by Mary Andrews & / Rob Orr / — Complains of Norvell / Winneford working as / teamster instead of / serving"
unit,George Douglas,George [moved] in the Reg.; P. H. married 'while the field was clear',Aug 5th 64,1864-08-05,06-114-P02,"Though I am sorry to hear through Joda that you have been [[illegible]] in the Reg. You seemed to be getting along so well in the [[illegible]] I almost wished you could remain there. You seem to think P. H's chance of winning a fair one was rather bad, and that he had to marry while the field was clear."
person,Ed Dickson; uncle Graves; Joe; Laura; Em; Bee; May; Mary Orr; Sue; Bob Andrews,Candy pulling at uncle Graves's; young people named,Aug 1864,1864-08,06-115-P01,"Ed Dickson. He has got a furlough and is on a visit to this neighborhood now; he came over to invite us to a candy [[pulling?]] at his uncle graves's given in honor [[illegible]] who was to start back to the army Wednesday. ... Laura and Joe went over ... Em's, Bee, May and [[illegible]] were there, [[illegible]] and Mary Orr were the only [[illegible]] ... Sue, Bee, Joe [[illegible]], Bob Andrews Joe and ""Ed the genus."""
event,"Election, Aug 1864: Frank Hawkins; Motes; Mr Love (Bay's Father, Mal. married); [[Bib?]] Hawkins; [[Tom?]] [[Coltham?]]; [[Norvell?]]; Abb; uncle Jim","Frank Hawkins re-elected clerk; Love 130, Coltham 159; Norvell holds two offices, enrolling officer and general of the militia; a man of 50 enrolled in the militia threatens suit for false imprisonment",last monday [Aug 1864],1864-08-01,06-115-P02,"last monday was election day. The result is this, Frank Hawkins was elected again for city clerk. His opponents was named Motes Mr Love, (Bay's Father and the same one Mal. married). [[Bib?]] Hawkins, [[Tom?]] [[Coltham?]] and [[Mr?]] [[illegible]] were the candidates for [[Circuit?]] Clerk ... He only came out about a week before the election & got only ninety votes. Love 130, Coltham 159. [[Norvell?]] will now live [[illegible]], but he already holds two offices—enrolling officer, and general of the militia. ... he protested against serving any longer than till he was fifty. He now says, he is going to stay at home till [[illegible]] after him, and then he is going to sue for false imprisonment"
church,Em Gibbs; Bro Goodman; Cedar Hill,'worship the Lord next Sunday in our dirty clothes' joke; Bro Goodman's literary discourse; Methodist big meeting near Cedar Hill,Saturday 6th [Aug 1864],1864-08-06,06-116-P01; 06-116-P02,"We agreed that we did not wish to ""worship the Lord next Sunday in our dirty clothes"" ha ha. ... This morning Mother, Laura and I went over to [[Lis's?]] [[illegible]] Bro Goodman preached [[illegible]] a literary [[illegible]] discourse. ... They have now [[illegible]] at [[illegible]] somewhere near Cedar Hill."
event,Steel[e]; Kentuckey Town; [[Chisol?]]; the Guardian,Rumour of whipping Steele in Arkansas and capturing two hundred wagons; seven men hung near Kentucky Town,[spring 1864],1864,06-117-P01,It is rumour / [[lost: torn edge]] here that we have whipt Steel / in Ars and captured two hundd / waggons. Seven men were recent / ly hung near Kentuckey Town / [[lost: torn edge]] one of these named [[Chisol?]]
event,Robertson; Z. [[Tackett?]]; [[Old?]] man [[Crum?]]; Jeff Davis,Teamsters keeping out of the army: 'got to drive his waggons! getting biger pay than any of us',,,06-118-P01,"[[illegible]] has succeeded in / getting in as a teamster [[illegible]] Z. / [[Tackett?]] has got in to drive one of / R's teams. ... so you see good luck / for Robertson. ... to see Jeff Davis! got to drive / his waggons! getting biger pay / than any of us""!"
