page_id	source_pdf	scan_page	kind	transcript_blocks	unresolved_items	review_level	editorial_note
01-001	ACU CRS MS5 - 01 - Finding Aid, George Douglas Papers 1830-1939.pdf	1	repository cover	8	0	initial_image_reading	
01-002	ACU CRS MS5 - 01 - Finding Aid, George Douglas Papers 1830-1939.pdf	2	printed finding aid	4	0	initial_image_reading	
01-003	ACU CRS MS5 - 01 - Finding Aid, George Douglas Papers 1830-1939.pdf	3	printed finding aid	11	0	initial_image_reading	
01-004	ACU CRS MS5 - 01 - Finding Aid, George Douglas Papers 1830-1939.pdf	4	printed finding aid	8	0	initial_image_reading	
01-005	ACU CRS MS5 - 01 - Finding Aid, George Douglas Papers 1830-1939.pdf	5	printed finding aid	6	0	initial_image_reading	
01-006	ACU CRS MS5 - 01 - Finding Aid, George Douglas Papers 1830-1939.pdf	6	printed finding aid	5	0	initial_image_reading	The repository describes folders 4–7 here; their manuscript scans are not included among the supplied PDFs.
02-001	ACU CRS MS5 - 02 - L. Douglas Sermon Notes, 16 Feb 1883.pdf	1	repository cover	6	0	initial_image_reading	
02-002	ACU CRS MS5 - 02 - L. Douglas Sermon Notes, 16 Feb 1883.pdf	2	identifying slip	1	0	initial_image_reading	The parenthetical question mark follows the initial in the identifying slip.
02-003	ACU CRS MS5 - 02 - L. Douglas Sermon Notes, 16 Feb 1883.pdf	3	manuscript	2	3	selected_passages_image_adjudicated_2026_09	First word and left edge of the second line are damaged. The terminal word is torn; it has not been completed from context. Text continues on scan page 4.
02-004	ACU CRS MS5 - 02 - L. Douglas Sermon Notes, 16 Feb 1883.pdf	4	manuscript	4	0	initial_image_reading	Continues the damaged sentence at the end of scan page 3. The final four lines are verse.
03-001	ACU CRS MS5 - 03 - Sylvana Church Endorsement for George Douglas, Sept 1888.pdf	1	repository cover	6	0	initial_image_reading	
03-002	ACU CRS MS5 - 03 - Sylvana Church Endorsement for George Douglas, Sept 1888.pdf	2	identifying slip	1	0	initial_image_reading	
03-003	ACU CRS MS5 - 03 - Sylvana Church Endorsement for George Douglas, Sept 1888.pdf	3	manuscript	1	0	initial_image_reading	Several letters fade at the right edge. Hyphenation in Gospel at the line break is joined. The final abbreviation is read as &c.
03-004	ACU CRS MS5 - 03 - Sylvana Church Endorsement for George Douglas, Sept 1888.pdf	4	document endorsement	1	0	initial_image_reading	The docket is faint; the title can be read across the folded sheet.
03-005	ACU CRS MS5 - 03 - Sylvana Church Endorsement for George Douglas, Sept 1888.pdf	5	manuscript	2	0	initial_image_reading	A brace groups the two names under Elders. The manuscript year reads 1888; the printed finding aid lists 1883.
04-001	ACU CRS MS5 - 04 - Folder 1, Correspondence and Loan Papers.pdf	1	repository cover	6	0	initial_image_reading	
04-002	ACU CRS MS5 - 04 - Folder 1, Correspondence and Loan Papers.pdf	2	manuscript	5	12	selected_passages_image_adjudicated_2026_09	The scan is upside down; read after rotation through 180 degrees. Fading affects many lines, especially the closing. The place after Alexandria and the signature need review. No destination is inferred from context.
04-003	ACU CRS MS5 - 04 - Folder 1, Correspondence and Loan Papers.pdf	3	address panel	2	1	initial_image_reading	The address block and carrier notation run at right angles. Read after rotation. The initial line of the regiment designation is faint.
04-004	ACU CRS MS5 - 04 - Folder 1, Correspondence and Loan Papers.pdf	4	manuscript	5	20	initial_image_reading	Friday Jan 29th 1864 is the reading of the heading. Extensive dark photocopy interference obscures words; the social comparison in the lower half particularly needs review. The text continues in the upper upright block of scan page 5.
04-005	ACU CRS MS5 - 04 - Folder 1, Correspondence and Loan Papers.pdf	5	manuscript	7	62	initial_image_reading	The top upright lines continue scan page 4. The large lower block contains the letter conclusion; the inverted strip across the top is a later addition. These blocks are kept separate. Heavy photocopy interference leaves substantial gaps and tentative readings.
04-006	ACU CRS MS5 - 04 - Folder 1, Correspondence and Loan Papers.pdf	6	manuscript	6	38	initial_image_reading	Continuation of the Henry Douglas letter on scans 4–7. The heavy reversed writing visible through the paper cannot always be separated from the face text. Several lines and marginal writing remain unread. The sequence of the letter appears to continue here from scan 7; scan order is retained for reference.
04-007	ACU CRS MS5 - 04 - Folder 1, Correspondence and Loan Papers.pdf	7	manuscript	2	18	initial_image_reading	Continuation of the Henry Douglas letter on scans 4–7. Reversed show-through and dark folds obscure some words. The first line appears to continue the upper text block of scan 5; the final sentence continues on scan 6.
04-008	ACU CRS MS5 - 04 - Folder 1, Correspondence and Loan Papers.pdf	8	fragments	6	21	initial_image_reading	Two small fragments are reproduced on the scan; each also carries text in an opposing orientation. Line endings are retained here because substantial text is missing at the edges. The relationship of the fragments is uncertain.
04-009	ACU CRS MS5 - 04 - Folder 1, Correspondence and Loan Papers.pdf	9	fragments	6	24	initial_image_reading	Two fragments with broken text. Text on the longer fragment is written in opposing orientations. Dark reproduction obscures most of the smaller fragment. Text has not been supplied from another letter.
04-010	ACU CRS MS5 - 04 - Folder 1, Correspondence and Loan Papers.pdf	10	manuscript	4	4	initial_image_reading	Camp name and some wording in the latter part of the paragraph are uncertain in the dark scan. The date reads March 13/65. Continues on scan 11.
04-011	ACU CRS MS5 - 04 - Folder 1, Correspondence and Loan Papers.pdf	11	manuscript	4	8	initial_image_reading	Continuation of scan 10. Several personal names and a unit name remain tentative; the manuscript is retained without expanding initials or abbreviations.
04-012	ACU CRS MS5 - 04 - Folder 1, Correspondence and Loan Papers.pdf	12	verse	4	0	initial_image_reading	Manuscript copy of a poem. The title and verse lineation are retained. Continues on scan 13.
04-013	ACU CRS MS5 - 04 - Folder 1, Correspondence and Loan Papers.pdf	13	verse and letter	10	1	initial_image_reading	Two manuscript panels on one scan, read down the left panel and then down the right. The last stanza is followed by the dated letter. The closing sentence and a word before “folly” remain uncertain.
04-014	ACU CRS MS5 - 04 - Folder 1, Correspondence and Loan Papers.pdf	14	endorsement	1	0	initial_image_reading	Outer or title panel associated with the poem on scans 12–13. Most of the page is blank.
04-015	ACU CRS MS5 - 04 - Folder 1, Correspondence and Loan Papers.pdf	15	address fragment	1	3	initial_image_reading	Torn fragment. The name appears to read Henry Seale; the beginning of the first line is damaged.
04-016	ACU CRS MS5 - 04 - Folder 1, Correspondence and Loan Papers.pdf	16	address fragment	1	1	initial_image_reading	Torn address fragment. A possible postal abbreviation is retained as written; the date is incomplete.
04-017	ACU CRS MS5 - 04 - Folder 1, Correspondence and Loan Papers.pdf	17	manuscript	4	5	selected_passages_image_adjudicated_2026_09	Letter in a small, closely written hand with a fold and scattered reproduction damage. The first word of the place-name and several clauses remain uncertain. Continues on scan 18.
04-018	ACU CRS MS5 - 04 - Folder 1, Correspondence and Loan Papers.pdf	18	manuscript	4	29	initial_image_reading	Continuation of scan 17. The crowded lower lines and right margin are particularly difficult. Their sequence is provisional. Canceled text near the center is marked, and uncertain names and numerical readings should be checked against the scan.
04-019	ACU CRS MS5 - 04 - Folder 1, Correspondence and Loan Papers.pdf	19	manuscript	5	4	uncertainty_annotation	Letter continues on scan 20. Original informal spelling is retained. “as wet foots” and the wording before “is A” are difficult and may warrant revision.
04-020	ACU CRS MS5 - 04 - Folder 1, Correspondence and Loan Papers.pdf	20	manuscript	5	0	initial_image_reading	Continuation and closing of scan 19. Signature initials appear to read R D G; the postscript is signed Bob.
04-021	ACU CRS MS5 - 04 - Folder 1, Correspondence and Loan Papers.pdf	21	manuscript	3	2	initial_image_reading	The repeated “the” and repeated “for … months” are in the manuscript and are retained. The last two lines are crowded and partially obscured. Continues on scan 22.
04-022	ACU CRS MS5 - 04 - Folder 1, Correspondence and Loan Papers.pdf	22	manuscript	4	0	initial_image_reading	Continuation of scan 21. “deceased Bone” is retained as the writer appears to have written it; no medical correction is substituted.
04-023	ACU CRS MS5 - 04 - Folder 1, Correspondence and Loan Papers.pdf	23	manuscript	5	3	selected_passages_image_adjudicated_2026_09	The top of the scan repeats the heading and opening of scan 21. The main body continues scan 22. The word before “Stays” and portions of the crowded bottom line are uncertain. Image review September 2026. 04-023-P02: the clipped opening continues in 04-021-P03, beginning with the rest of furlough and I will write you a few lines. The loss marker describes scan 23 and remains.
04-024	ACU CRS MS5 - 04 - Folder 1, Correspondence and Loan Papers.pdf	24	manuscript	4	3	selected_passages_image_adjudicated_2026_09	The top strip repeats part of scan 22. The remaining text concludes the letter. The surname or initials after James cannot be read confidently. Image review September 2026. 04-024-P02: the clipped upper passage continues in 04-022-P02 with to the Command. Scan 22 preserves the rest of the account; retain the scan-24 loss marker.
04-025	ACU CRS MS5 - 04 - Folder 1, Correspondence and Loan Papers.pdf	25	envelope	4	1	initial_image_reading	Envelope read after rotation. The day and year of the postmark are not recoverable in this reproduction.
04-026	ACU CRS MS5 - 04 - Folder 1, Correspondence and Loan Papers.pdf	26	envelope annotation	1	0	initial_image_reading	Handwritten note on the reverse of the envelope on scan 25.
04-027	ACU CRS MS5 - 04 - Folder 1, Correspondence and Loan Papers.pdf	27	manuscript	4	1	initial_image_reading	Continuation on scan 28. Personal names are transcribed as read; no attempt has been made to identify these visitors from outside records.
04-028	ACU CRS MS5 - 04 - Folder 1, Correspondence and Loan Papers.pdf	28	manuscript	5	0	initial_image_reading	Continuation of scan 27.
04-029	ACU CRS MS5 - 04 - Folder 1, Correspondence and Loan Papers.pdf	29	manuscript	4	1	initial_image_reading	Continuation of scan 28. The pencil postscript is much fainter than the ink text. One word or phrase after “same as” remains unread.
04-030	ACU CRS MS5 - 04 - Folder 1, Correspondence and Loan Papers.pdf	30	manuscript	6	2	uncertainty_annotation	Closing continuation of scans 27–29. The inverted line at the foot appears to be an incidental partial reproduction rather than part of the closing postscript; it is recorded separately. The reading “Bros” and some pencil words should be checked against the scan.
04-031	ACU CRS MS5 - 04 - Folder 1, Correspondence and Loan Papers.pdf	31	envelope	4	1	initial_image_reading	A further envelope image. Similar to scan 25, but reproduced separately here as supplied. Day and year of the postmark are unclear.
04-032	ACU CRS MS5 - 04 - Folder 1, Correspondence and Loan Papers.pdf	32	manuscript	3	0	initial_image_reading	Letter continues on scan 33.
04-033	ACU CRS MS5 - 04 - Folder 1, Correspondence and Loan Papers.pdf	33	manuscript	5	0	initial_image_reading	Closing continuation of scan 32. “get all of the Cow” is retained as written; the wording has not been expanded into an inferred meaning.
04-034	ACU CRS MS5 - 04 - Folder 1, Correspondence and Loan Papers.pdf	34	manuscript	4	0	initial_image_reading	The weekday was corrected above the original “Monday.” Continuation on scan 35.
04-035	ACU CRS MS5 - 04 - Folder 1, Correspondence and Loan Papers.pdf	35	manuscript	5	0	initial_image_reading	Closing continuation of scan 34. A repeated canceled word and an insertion in the pencil postscript are recorded.
04-036	ACU CRS MS5 - 04 - Folder 1, Correspondence and Loan Papers.pdf	36	manuscript	5	0	initial_image_reading	Letter continues on scan 37. The partial canceled start of “blood” is recorded.
04-037	ACU CRS MS5 - 04 - Folder 1, Correspondence and Loan Papers.pdf	37	manuscript	3	0	initial_image_reading	Closing continuation of scan 36. The name spelled “Olaf” on scan 36 appears as “Olof” here; the difference is retained.
04-038	ACU CRS MS5 - 04 - Folder 1, Correspondence and Loan Papers.pdf	38	manuscript	6	0	initial_image_reading	The name in the salutation has a flourished initial, read here as Zella, as in adjacent letters. No date other than the weekday is supplied in this entry.
04-039	ACU CRS MS5 - 04 - Folder 1, Correspondence and Loan Papers.pdf	39	envelope	4	0	initial_image_reading	Printed and typed envelope. Read after rotation. Postmark year 1941 is retained even though the collection title ends in 1939.
04-040	ACU CRS MS5 - 04 - Folder 1, Correspondence and Loan Papers.pdf	40	printed form	9	0	initial_image_reading	Printed form with typed entries. Table columns are separated by vertical bars; empty ruled fields are marked [[blank]]. The loan number is close to the right edge of the scan.
04-041	ACU CRS MS5 - 04 - Folder 1, Correspondence and Loan Papers.pdf	41	printed form	9	1	uncertainty_annotation	Printed form with typed entries and handwritten correction of the first-payment date. Blank fields are represented explicitly. The small notation near the bottom left is difficult; “$ com” is provisional. Amount and date readings require checking against the source before financial or historical use.
04-042	ACU CRS MS5 - 04 - Folder 1, Correspondence and Loan Papers.pdf	42	manuscript	7	0	initial_image_reading	The quitclaim identifies Mary Douglas as “our mother” and the signatories as heirs of N. L. Douglas. This does not itself identify N. L. Douglas’s father or birthplace. The faint signatures and the first date need further scrutiny. Acknowledgment continues in the overlapping scan 43.
04-043	ACU CRS MS5 - 04 - Folder 1, Correspondence and Loan Papers.pdf	43	manuscript	8	4	selected_passages_image_adjudicated_2026_09	Overlapping reproduction of the acknowledgment begun on scan 42. The lower acknowledgment continues on scan 44. Portions hidden by the fold have not been silently supplied from that other image. Image review September 2026. 04-043-P03: hearing of their said Husbands they the said Laura Robinson and Susanna Bell acknowledged. The fold in 04-043 hides this span. Scan 04-044 shows the same handwriting before and after it and exposes the intervening words. Retain the obstruction marker on 04-043 and supply a cited witness note; these words were not recovered from the fold itself. 04-043-P08: Continuation includes March A. D. 1875. Matching handwriting and the same date line establish the overlap. The later scan exposes March A. D. 1875 below the cropped ending. Keep the loss marker and link 04-044-P06; do not invent the connector still at the torn edge.
04-044	ACU CRS MS5 - 04 - Folder 1, Correspondence and Loan Papers.pdf	44	manuscript	7	7	selected_passages_image_adjudicated_2026_09	Further overlapping scan of the acknowledgments. This image reveals wording concealed by the fold on scan 43. The lower county, place, and notary’s name remain unresolved. Image review September 2026. 04-044-P01: Opening is preserved in 04-043-P03. The names, clause order and repeated lower lines identify this as the same acknowledgment. The preceding image preserves At the Same time and Place Personally appeared Laura Robinson ... wife of the said J. M. Bell. Preserve the crop boundary and cite that witness instead of implying the words are visible on scan 44.
04-045	ACU CRS MS5 - 04 - Folder 1, Correspondence and Loan Papers.pdf	45	recording endorsements	5	1	selected_passages_image_adjudicated_2026_09	The upper filing panel is rotated relative to the printed certificate. The manuscript book letter is read as O, not the numeral zero.
04-046	ACU CRS MS5 - 04 - Folder 1, Correspondence and Loan Papers.pdf	46	typescript	7	0	initial_image_reading	Survey bearings, fractions, and distances are reproduced as typed, without converting units or reconciling them to other deeds.
04-047	ACU CRS MS5 - 04 - Folder 1, Correspondence and Loan Papers.pdf	47	envelope fragment	2	0	initial_image_reading	Most of the envelope reverse is blank; a large portion is torn away.
04-048	ACU CRS MS5 - 04 - Folder 1, Correspondence and Loan Papers.pdf	48	manuscript	5	0	initial_image_reading	Letter begins here and continues on scans 49–51. Read after rotation. Year reads 1923.
04-049	ACU CRS MS5 - 04 - Folder 1, Correspondence and Loan Papers.pdf	49	manuscript	7	0	initial_image_reading	Original page number 2 retained. The account is the writer’s own description; no retrospective diagnosis is added.
04-050	ACU CRS MS5 - 04 - Folder 1, Correspondence and Loan Papers.pdf	50	manuscript	5	0	initial_image_reading	Original page number 3 retained. The deleted word is overwritten; read here as an abandoned first attempt at “cheek.”
04-051	ACU CRS MS5 - 04 - Folder 1, Correspondence and Loan Papers.pdf	51	manuscript	5	0	initial_image_reading	Original page number 4. Continues the letter beginning on scan 48.
04-052	ACU CRS MS5 - 04 - Folder 1, Correspondence and Loan Papers.pdf	52	manuscript	4	0	initial_image_reading	Original page number 5. Signed closing, followed by additional writing on scans 53–54.
04-053	ACU CRS MS5 - 04 - Folder 1, Correspondence and Loan Papers.pdf	53	manuscript	1	0	initial_image_reading	Additional page associated with the September 3 letter. No page number is visible.
04-054	ACU CRS MS5 - 04 - Folder 1, Correspondence and Loan Papers.pdf	54	manuscript	2	0	selected_passages_image_adjudicated_2026_09	Additional closing page. Image review supports Gunter as the destination.
04-055	ACU CRS MS5 - 04 - Folder 1, Correspondence and Loan Papers.pdf	55	envelope	3	0	initial_image_reading	Envelope read after rotation. The time is small and may require confirmation from a higher resolution source.
04-056	ACU CRS MS5 - 04 - Folder 1, Correspondence and Loan Papers.pdf	56	manuscript	3	0	initial_image_reading	Letter continues on scan 57. The first sentence refers to the legibility of a letter received; “That will learn you” is retained.
04-057	ACU CRS MS5 - 04 - Folder 1, Correspondence and Loan Papers.pdf	57	manuscript	3	0	initial_image_reading	Continuation of scan 56.
04-058	ACU CRS MS5 - 04 - Folder 1, Correspondence and Loan Papers.pdf	58	manuscript	3	0	initial_image_reading	Original page number 3.
04-059	ACU CRS MS5 - 04 - Folder 1, Correspondence and Loan Papers.pdf	59	manuscript	2	0	initial_image_reading	Original page number 4. Prices are copied as expressed, including the final figures.
04-060	ACU CRS MS5 - 04 - Folder 1, Correspondence and Loan Papers.pdf	60	manuscript	3	0	initial_image_reading	Original page number 5. Closing of the letter beginning on scan 56.
04-061	ACU CRS MS5 - 04 - Folder 1, Correspondence and Loan Papers.pdf	61	manuscript	4	0	initial_image_reading	Postscript or continuation in the same series of letters. This is the writer’s historical account of treatment, reproduced without endorsing its explanation.
04-062	ACU CRS MS5 - 04 - Folder 1, Correspondence and Loan Papers.pdf	62	manuscript	3	0	initial_image_reading	Continues scan 61.
04-063	ACU CRS MS5 - 04 - Folder 1, Correspondence and Loan Papers.pdf	63	manuscript	3	0	initial_image_reading	Continuation of scans 61–62. No signature visible on this page.
04-064	ACU CRS MS5 - 04 - Folder 1, Correspondence and Loan Papers.pdf	64	envelope	3	1	initial_image_reading	Envelope read after rotation. The year in the cancellation is too faint to read confidently.
04-065	ACU CRS MS5 - 04 - Folder 1, Correspondence and Loan Papers.pdf	65	manuscript	1	0	initial_image_reading	The heading is transcribed without supplying a month.
04-066	ACU CRS MS5 - 04 - Folder 1, Correspondence and Loan Papers.pdf	66	manuscript	1	0	initial_image_reading	
04-067	ACU CRS MS5 - 04 - Folder 1, Correspondence and Loan Papers.pdf	67	manuscript	1	1	initial_image_reading	
04-068	ACU CRS MS5 - 04 - Folder 1, Correspondence and Loan Papers.pdf	68	manuscript	1	0	initial_image_reading	
04-069	ACU CRS MS5 - 04 - Folder 1, Correspondence and Loan Papers.pdf	69	manuscript	1	0	initial_image_reading	The last word is written at the right edge. Historical racial language is retained as documentary text.
04-070	ACU CRS MS5 - 04 - Folder 1, Correspondence and Loan Papers.pdf	70	manuscript	1	0	initial_image_reading	
04-071	ACU CRS MS5 - 04 - Folder 1, Correspondence and Loan Papers.pdf	71	envelope	2	0	initial_image_reading	
04-072	ACU CRS MS5 - 04 - Folder 1, Correspondence and Loan Papers.pdf	72	manuscript	1	0	initial_image_reading	
04-073	ACU CRS MS5 - 04 - Folder 1, Correspondence and Loan Papers.pdf	73	manuscript	1	0	initial_image_reading	
04-074	ACU CRS MS5 - 04 - Folder 1, Correspondence and Loan Papers.pdf	74	manuscript	1	1	initial_image_reading	
04-075	ACU CRS MS5 - 04 - Folder 1, Correspondence and Loan Papers.pdf	75	manuscript	1	0	initial_image_reading	
04-076	ACU CRS MS5 - 04 - Folder 1, Correspondence and Loan Papers.pdf	76	manuscript	1	0	initial_image_reading	
04-077	ACU CRS MS5 - 04 - Folder 1, Correspondence and Loan Papers.pdf	77	manuscript	1	0	initial_image_reading	
04-078	ACU CRS MS5 - 04 - Folder 1, Correspondence and Loan Papers.pdf	78	identifying slips	2	0	initial_image_reading	
04-079	ACU CRS MS5 - 04 - Folder 1, Correspondence and Loan Papers.pdf	79	manuscript	1	2	selected_passages_image_adjudicated_2026_09	Heavy show-through from the reverse interferes with several readings. The place name following “enjoyed in” reads Brushy after image review.
04-080	ACU CRS MS5 - 04 - Folder 1, Correspondence and Loan Papers.pdf	80	manuscript	1	0	selected_passages_image_adjudicated_2026_09	Image review reads the verb build before “a large Livery Stable”; the earlier proposed surname has been withdrawn. Show-through is visible throughout.
04-081	ACU CRS MS5 - 04 - Folder 1, Correspondence and Loan Papers.pdf	81	manuscript	1	3	initial_image_reading	A fold and heavy show-through obscure portions of this page, especially the clause about Susannah.
04-082	ACU CRS MS5 - 04 - Folder 1, Correspondence and Loan Papers.pdf	82	identifying slip	1	0	initial_image_reading	
04-083	ACU CRS MS5 - 04 - Folder 1, Correspondence and Loan Papers.pdf	83	manuscript	1	2	uncertainty_annotation	Personal names and the colloquial expression before “as heath calls it” should be checked against the original.
04-084	ACU CRS MS5 - 04 - Folder 1, Correspondence and Loan Papers.pdf	84	manuscript	1	0	initial_image_reading	
04-085	ACU CRS MS5 - 04 - Folder 1, Correspondence and Loan Papers.pdf	85	manuscript	1	2	uncertainty_annotation	The opening geographical phrase and wording before “and all write” remain unresolved.
04-086	ACU CRS MS5 - 04 - Folder 1, Correspondence and Loan Papers.pdf	86	manuscript	3	2	initial_image_reading	The three differently oriented blocks are transcribed separately. The sentence about the land certificate is partly obscured and its syntax remains unresolved. The wool weight is tentative.
04-087	ACU CRS MS5 - 04 - Folder 1, Correspondence and Loan Papers.pdf	87	identifying slip	1	0	initial_image_reading	
04-088	ACU CRS MS5 - 04 - Folder 1, Correspondence and Loan Papers.pdf	88	manuscript	1	0	initial_image_reading	
04-089	ACU CRS MS5 - 04 - Folder 1, Correspondence and Loan Papers.pdf	89	manuscript	1	0	initial_image_reading	The short canceled word in the parenthesis is read as “God”; the resulting wording is retained without repair.
04-090	ACU CRS MS5 - 04 - Folder 1, Correspondence and Loan Papers.pdf	90	manuscript	1	7	uncertainty_annotation	The opening list of names lacks clear separators; “Or.” and several surnames remain open to revision. “son in law” and the following names are retained without supplying relationships or punctuation.
04-091	ACU CRS MS5 - 04 - Folder 1, Correspondence and Loan Papers.pdf	91	manuscript	1	8	selected_passages_image_adjudicated_2026_09	Dark stains and folds obscure several clauses, including the accident report and the sentence about seeing the family. No cause of death or relationship is supplied where it cannot be read.
04-092	ACU CRS MS5 - 04 - Folder 1, Correspondence and Loan Papers.pdf	92	identifying slip	1	0	initial_image_reading	The identifying slip reads December 30; the manuscript heading on scan page 93 reads December 3d.
04-093	ACU CRS MS5 - 04 - Folder 1, Correspondence and Loan Papers.pdf	93	manuscript	1	0	initial_image_reading	The date is read as “3d,” not the “30” on the preceding identifying slip. The given name near the end appears “Jepse” and is retained as read.
04-094	ACU CRS MS5 - 04 - Folder 1, Correspondence and Loan Papers.pdf	94	manuscript	1	0	initial_image_reading	
04-095	ACU CRS MS5 - 04 - Folder 1, Correspondence and Loan Papers.pdf	95	manuscript	1	1	initial_image_reading	The baptism count is blotted. Fragments of another sheet visible behind the right edge are not a continuous readable passage.
04-096	ACU CRS MS5 - 04 - Folder 1, Correspondence and Loan Papers.pdf	96	manuscript	3	2	initial_image_reading	The continuation and closing are followed by the separately oriented address panel. The postmark is not sufficiently legible for a reliable date.
05-001	ACU CRS MS5 - 05 - Folder 2, Correspondence and Legal Papers.pdf	1	repository cover	6	0	initial_image_reading	
05-002	ACU CRS MS5 - 05 - Folder 2, Correspondence and Legal Papers.pdf	2	identifying slip	1	0	initial_image_reading	
05-003	ACU CRS MS5 - 05 - Folder 2, Correspondence and Legal Papers.pdf	3	manuscript	1	3	initial_image_reading	Abrasion or fading at the folds interrupts the opening paragraph. The shares are read as one-third; the second is faint.
05-004	ACU CRS MS5 - 05 - Folder 2, Correspondence and Legal Papers.pdf	4	manuscript	1	3	initial_image_reading	Two faded phrases near the top remain unresolved. Medical claims are transcribed as the writer’s historical statements.
05-005	ACU CRS MS5 - 05 - Folder 2, Correspondence and Legal Papers.pdf	5	identifying slip	1	0	initial_image_reading	
05-006	ACU CRS MS5 - 05 - Folder 2, Correspondence and Legal Papers.pdf	6	manuscript	1	0	initial_image_reading	
05-007	ACU CRS MS5 - 05 - Folder 2, Correspondence and Legal Papers.pdf	7	manuscript	2	1	initial_image_reading	The postscript is inverted at the top of the image. The abbreviation before “& aunt Cynthia” is uncertain.
05-008	ACU CRS MS5 - 05 - Folder 2, Correspondence and Legal Papers.pdf	8	identifying slip	1	0	initial_image_reading	
05-009	ACU CRS MS5 - 05 - Folder 2, Correspondence and Legal Papers.pdf	9	manuscript	1	0	initial_image_reading	
05-010	ACU CRS MS5 - 05 - Folder 2, Correspondence and Legal Papers.pdf	10	manuscript	1	0	initial_image_reading	
05-011	ACU CRS MS5 - 05 - Folder 2, Correspondence and Legal Papers.pdf	11	manuscript	1	0	initial_image_reading	
05-012	ACU CRS MS5 - 05 - Folder 2, Correspondence and Legal Papers.pdf	12	note and identifying slip	2	0	initial_image_reading	
05-013	ACU CRS MS5 - 05 - Folder 2, Correspondence and Legal Papers.pdf	13	identifying slip	1	0	initial_image_reading	The initials on this identifying slip are L. N.; they are not silently reordered.
05-014	ACU CRS MS5 - 05 - Folder 2, Correspondence and Legal Papers.pdf	14	manuscript	1	1	initial_image_reading	The deleted word after “five mile” is read tentatively as “branch”; “creek” is inserted above it.
05-015	ACU CRS MS5 - 05 - Folder 2, Correspondence and Legal Papers.pdf	15	manuscript	3	1	initial_image_reading	The faint lower panel appears to contain postal or offset marks; no reliable extended wording can be recovered.
05-016	ACU CRS MS5 - 05 - Folder 2, Correspondence and Legal Papers.pdf	16	identifying slip	2	0	initial_image_reading	The superscript cents are rendered after a decimal point. The amount is fifteen dollars, consistent with the receipt on scan page 18.
05-017	ACU CRS MS5 - 05 - Folder 2, Correspondence and Legal Papers.pdf	17	promissory note	1	1	initial_image_reading	The first signature’s initials are difficult. The words “witness my and Seal” are transcribed without silently supplying “hand.” Faint reversed writing appears to be show-through.
05-018	ACU CRS MS5 - 05 - Folder 2, Correspondence and Legal Papers.pdf	18	note endorsements	3	2	initial_image_reading	The receipt reads “Fifteen dollars.” The payee in the endorsement is tentative; canceled and overwritten text is partly unreadable.
05-019	ACU CRS MS5 - 05 - Folder 2, Correspondence and Legal Papers.pdf	19	identifying slip	1	0	initial_image_reading	
05-020	ACU CRS MS5 - 05 - Folder 2, Correspondence and Legal Papers.pdf	20	docket	2	0	initial_image_reading	“Rit of Revocation” is retained as written; the heading is not modernized to a legal term.
05-021	ACU CRS MS5 - 05 - Folder 2, Correspondence and Legal Papers.pdf	21	land tax instrument	2	3	initial_image_reading	Several words in the release clause are unclear. The final day is read as 31st; the first written day is 23d.
05-022	ACU CRS MS5 - 05 - Folder 2, Correspondence and Legal Papers.pdf	22	due bill and identifying slip	2	1	initial_image_reading	The first signature initial resembles S; the later identifying slip gives L. W. Both are preserved separately.
05-023	ACU CRS MS5 - 05 - Folder 2, Correspondence and Legal Papers.pdf	23	identifying slip	1	0	initial_image_reading	
05-024	ACU CRS MS5 - 05 - Folder 2, Correspondence and Legal Papers.pdf	24	docket	3	1	selected_passages_image_adjudicated_2026_09	The initial before Hawkins reads F. The preceding abbreviation is uncertain and may be Benj; it is not silently expanded.
05-025	ACU CRS MS5 - 05 - Folder 2, Correspondence and Legal Papers.pdf	25	power of attorney	1	0	initial_image_reading	
05-026	ACU CRS MS5 - 05 - Folder 2, Correspondence and Legal Papers.pdf	26	acknowledgment and recording	2	0	initial_image_reading	“duly duly” is retained. The identification here supports F. Hawkins, but no earlier initials are silently expanded.
05-027	ACU CRS MS5 - 05 - Folder 2, Correspondence and Legal Papers.pdf	27	typed verse	2	0	initial_image_reading	This is a typescript, not handwriting. “lonliness,” “sunrless,” and “forelorn” are retained as printed; lines follow the typescript.
05-028	ACU CRS MS5 - 05 - Folder 2, Correspondence and Legal Papers.pdf	28	identifying slip	1	0	initial_image_reading	
05-029	ACU CRS MS5 - 05 - Folder 2, Correspondence and Legal Papers.pdf	29	land conveyance	1	0	initial_image_reading	
05-030	ACU CRS MS5 - 05 - Folder 2, Correspondence and Legal Papers.pdf	30	acknowledgment	2	0	initial_image_reading	Heavy reversed show-through has not been treated as additional writing on this side.
05-031	ACU CRS MS5 - 05 - Folder 2, Correspondence and Legal Papers.pdf	31	manuscript	3	2	initial_image_reading	Docket rotated for reading. The clerk’s middle initial is uncertain.
05-032	ACU CRS MS5 - 05 - Folder 2, Correspondence and Legal Papers.pdf	32	identifying slip	1	1	selected_passages_image_adjudicated_2026_09	
05-033	ACU CRS MS5 - 05 - Folder 2, Correspondence and Legal Papers.pdf	33	manuscript	5	1	initial_image_reading	The date on the instrument is 3 February 1851, differing from the preceding label. Some right-hand line ends meet the scan boundary; the incomplete word before “in me” is not reconstructed.
05-034	ACU CRS MS5 - 05 - Folder 2, Correspondence and Legal Papers.pdf	34	manuscript	5	5	initial_image_reading	The docket runs at right angles to the acknowledgment. “to to” is retained as written. The clerk’s middle initial is uncertain.
05-035	ACU CRS MS5 - 05 - Folder 2, Correspondence and Legal Papers.pdf	35	label and envelope	3	1	selected_passages_image_adjudicated_2026_09	The later label, the envelope postmark, and the date of the following letter are transcribed independently; their apparent dates do not all agree.
05-036	ACU CRS MS5 - 05 - Folder 2, Correspondence and Legal Papers.pdf	36	manuscript	5	1	initial_image_reading	The top-margin addition is inverted in the scan and is transcribed after the main text. Image review September 2026. The heading reads Sat literally. The earlier Sep and its expansion to September have been withdrawn; the month is not established by this heading.
05-037	ACU CRS MS5 - 05 - Folder 2, Correspondence and Legal Papers.pdf	37	manuscript	1	2	selected_passages_image_adjudicated_2026_09	The last line is faint and cut by the lower scan boundary. The quoted child’s pronunciation is retained.
05-038	ACU CRS MS5 - 05 - Folder 2, Correspondence and Legal Papers.pdf	38	manuscript	1	1	selected_passages_image_adjudicated_2026_09	A dark blot obscures parts of several right-hand line ends. The uncle’s name is tentative.
05-039	ACU CRS MS5 - 05 - Folder 2, Correspondence and Legal Papers.pdf	39	manuscript	1	4	initial_image_reading	Blotting affects the upper right-hand text. The final “test” reading is uncertain.
05-040	ACU CRS MS5 - 05 - Folder 2, Correspondence and Legal Papers.pdf	40	manuscript	1	4	initial_image_reading	The article title, surname, and meeting place are uncertain; blotting affects the passage about another child.
05-041	ACU CRS MS5 - 05 - Folder 2, Correspondence and Legal Papers.pdf	41	manuscript	1	1	initial_image_reading	The opening does not continue the preceding scanned page’s final sentence; source scan order is retained.
05-042	ACU CRS MS5 - 05 - Folder 2, Correspondence and Legal Papers.pdf	42	manuscript	1	0	initial_image_reading	
05-043	ACU CRS MS5 - 05 - Folder 2, Correspondence and Legal Papers.pdf	43	manuscript	1	0	initial_image_reading	
05-044	ACU CRS MS5 - 05 - Folder 2, Correspondence and Legal Papers.pdf	44	manuscript	2	0	selected_passages_image_adjudicated_2026_09	The opening appears to continue a different leaf from the preceding scan. Source order is retained. Image review supports Chadsey’s as the surname.
05-045	ACU CRS MS5 - 05 - Folder 2, Correspondence and Legal Papers.pdf	45	manuscript	2	0	initial_image_reading	
05-046	ACU CRS MS5 - 05 - Folder 2, Correspondence and Legal Papers.pdf	46	later label	1	1	initial_image_reading	
05-047	ACU CRS MS5 - 05 - Folder 2, Correspondence and Legal Papers.pdf	47	manuscript	2	2	initial_image_reading	No year is supplied in this page’s heading. Several personal names have uncertain letter forms.
05-048	ACU CRS MS5 - 05 - Folder 2, Correspondence and Legal Papers.pdf	48	manuscript	2	6	focused_image_review	The phrase before “of the pleasure” appears to read “no part”; it is marked as tentative. Personal names remain uncertain. The earnings are for pitting fruit.
05-049	ACU CRS MS5 - 05 - Folder 2, Correspondence and Legal Papers.pdf	49	envelope and later label	3	1	initial_image_reading	The envelope is transcribed separately from the attribution on the later label. The postmark’s place name is incomplete.
05-050	ACU CRS MS5 - 05 - Folder 2, Correspondence and Legal Papers.pdf	50	manuscript	1	2	initial_image_reading	An incomplete letter begins mid-sentence. The quoted joke and names are not modernized.
05-051	ACU CRS MS5 - 05 - Folder 2, Correspondence and Legal Papers.pdf	51	manuscript	1	2	initial_image_reading	Page is inverted in the supplied scan. A name or phrase following “sermon from” is obscured at the fold.
05-052	ACU CRS MS5 - 05 - Folder 2, Correspondence and Legal Papers.pdf	52	manuscript	1	1	selected_passages_image_adjudicated_2026_09	Page is inverted and begins mid-sentence; its opening does not continue the preceding scan. Timmons is supported by image review; the other marked name remains uncertain.
05-053	ACU CRS MS5 - 05 - Folder 2, Correspondence and Legal Papers.pdf	53	manuscript	1	1	selected_passages_image_adjudicated_2026_09	This page’s final words appear to continue into scan page 52. The supplied page order is retained.
05-054	ACU CRS MS5 - 05 - Folder 2, Correspondence and Legal Papers.pdf	54	later label	1	0	initial_image_reading	
05-055	ACU CRS MS5 - 05 - Folder 2, Correspondence and Legal Papers.pdf	55	manuscript	5	28	initial_image_reading	The page is heavily darkened, with low contrast and interference from the reverse. Only recoverable text and tentative readings are given. The printed page number is not supplied; the manuscript has “3”. Several continuous passages require renewed examination of the original or a better scan.
05-056	ACU CRS MS5 - 05 - Folder 2, Correspondence and Legal Papers.pdf	56	manuscript	5	23	uncertainty_annotation	Manuscript page numbered 4. Severe darkening and the fold prevent a continuous reading. The signature is tentative in this image; the later identifying slip supplies Fannie separately.
05-057	ACU CRS MS5 - 05 - Folder 2, Correspondence and Legal Papers.pdf	57	envelope and labels	3	1	initial_image_reading	One postmark is readable after rotation; the other impressions are incomplete.
05-058	ACU CRS MS5 - 05 - Folder 2, Correspondence and Legal Papers.pdf	58	manuscript	5	2	initial_image_reading	The song is transcribed from this manuscript, preserving its wording. A cancellation and blot make the end of the “traitors” line uncertain.
05-059	ACU CRS MS5 - 05 - Folder 2, Correspondence and Legal Papers.pdf	59	manuscript	5	17	initial_image_reading	The song ends above a group of much less legible household or shopping notes. The latter are included separately rather than omitted.
05-060	ACU CRS MS5 - 05 - Folder 2, Correspondence and Legal Papers.pdf	60	later label	1	0	initial_image_reading	
05-061	ACU CRS MS5 - 05 - Folder 2, Correspondence and Legal Papers.pdf	61	manuscript	2	0	initial_image_reading	This fragment appears to continue scan page 62. The phrase about leadership is interlinear; its intended insertion point is not entirely clear.
05-062	ACU CRS MS5 - 05 - Folder 2, Correspondence and Legal Papers.pdf	62	manuscript	1	0	initial_image_reading	The closing “and” appears to continue into scan page 61, which precedes this page in the supplied PDF. The reference to “My father” does not by itself identify the writer.
05-063	ACU CRS MS5 - 05 - Folder 2, Correspondence and Legal Papers.pdf	63	later label	1	0	initial_image_reading	
05-064	ACU CRS MS5 - 05 - Folder 2, Correspondence and Legal Papers.pdf	64	manuscript	3	1	selected_passages_image_adjudicated_2026_09	Lineation follows the manuscript verse. Image review supports door in the second stanza; the preceding marked word remains tentative.
05-065	ACU CRS MS5 - 05 - Folder 2, Correspondence and Legal Papers.pdf	65	manuscript	1	0	initial_image_reading	
05-066	ACU CRS MS5 - 05 - Folder 2, Correspondence and Legal Papers.pdf	66	manuscript	4	1	focused_image_review	The sixth line remains a tentative reading. No substitute has been imported from another version of the poem. The closing quotation after “shore” is not visible.
05-067	ACU CRS MS5 - 05 - Folder 2, Correspondence and Legal Papers.pdf	67	manuscript	1	0	initial_image_reading	
05-068	ACU CRS MS5 - 05 - Folder 2, Correspondence and Legal Papers.pdf	68	later label	1	0	initial_image_reading	
05-069	ACU CRS MS5 - 05 - Folder 2, Correspondence and Legal Papers.pdf	69	manuscript	5	0	initial_image_reading	Sheet rotated for reading. Verse is on the right half; docket is on the left.
05-070	ACU CRS MS5 - 05 - Folder 2, Correspondence and Legal Papers.pdf	70	manuscript	3	0	initial_image_reading	Rotated for reading; continues the song on scan page 69.
05-071	ACU CRS MS5 - 05 - Folder 2, Correspondence and Legal Papers.pdf	71	manuscript	6	4	initial_image_reading	Three separate paper fragments are arranged vertically. Several lines are faded. The spatial gaps and fragment boundaries are preserved by labels, without supplying missing verse.
05-072	ACU CRS MS5 - 05 - Folder 2, Correspondence and Legal Papers.pdf	72	manuscript	4	5	initial_image_reading	Three paper fragments; pale ink leaves several uncertain readings. “tallents” is retained.
05-073	ACU CRS MS5 - 05 - Folder 2, Correspondence and Legal Papers.pdf	73	printed form with handwriting and later label	3	4	selected_passages_image_adjudicated_2026_09	The receipt is faded. Its date, rate and balance are less clear than the date on the later label; the label has not been substituted into the uncertain fields.
05-074	ACU CRS MS5 - 05 - Folder 2, Correspondence and Legal Papers.pdf	74	later label	1	0	initial_image_reading	Identifying slip also reproduced in source 03, scan page 2.
05-075	ACU CRS MS5 - 05 - Folder 2, Correspondence and Legal Papers.pdf	75	manuscript	2	0	initial_image_reading	Main text and inverted docket share this scan. They are also reproduced separately in source 03, scan pages 3–4. Right-hand line ends are close to the scan boundary.
05-076	ACU CRS MS5 - 05 - Folder 2, Correspondence and Legal Papers.pdf	76	manuscript	2	0	initial_image_reading	Also reproduced in source 03, scan page 5. A brace groups the names under “Elders”.
05-077	ACU CRS MS5 - 05 - Folder 2, Correspondence and Legal Papers.pdf	77	later label	1	0	initial_image_reading	Identifying slip also reproduced in source 02, scan page 2. The question mark is on the slip.
05-078	ACU CRS MS5 - 05 - Folder 2, Correspondence and Legal Papers.pdf	78	manuscript	2	3	selected_passages_image_adjudicated_2026_09	Also reproduced in source 02, scan page 3. Damaged line beginnings and the torn final word remain unresolved. Continues on scan page 79.
05-079	ACU CRS MS5 - 05 - Folder 2, Correspondence and Legal Papers.pdf	79	manuscript	4	0	initial_image_reading	Duplicate appearance of the sermon continuation in 02-004. Read against this scan; “simple truth” corrects the first reading of 02-004.
05-080	ACU CRS MS5 - 05 - Folder 2, Correspondence and Legal Papers.pdf	80	label	1	0	initial_image_reading	
05-081	ACU CRS MS5 - 05 - Folder 2, Correspondence and Legal Papers.pdf	81	manuscript	6	2	initial_image_reading	Essay. Date is faint; no year is visible.
05-082	ACU CRS MS5 - 05 - Folder 2, Correspondence and Legal Papers.pdf	82	manuscript	1	40	initial_image_reading	Severely faded and stained writing, apparently prose and verse about friendship. Surviving line divisions are retained here to help locate the extensive unreadable passages. Several entire lines cannot be recovered from this scan. This page requires further reading from a better image or the original.
05-083	ACU CRS MS5 - 05 - Folder 2, Correspondence and Legal Papers.pdf	83	label	1	0	initial_image_reading	
05-084	ACU CRS MS5 - 05 - Folder 2, Correspondence and Legal Papers.pdf	84	manuscript	2	1	initial_image_reading	The correction above “sad” is not securely readable. “Very good” appears below the essay in a different-looking hand.
05-085	ACU CRS MS5 - 05 - Folder 2, Correspondence and Legal Papers.pdf	85	manuscript	2	4	initial_image_reading	Docket runs sideways. The final lines are faded; the sentence cannot be completed securely.
05-086	ACU CRS MS5 - 05 - Folder 2, Correspondence and Legal Papers.pdf	86	label and envelope	2	0	initial_image_reading	The bracketed summary is written on the scanned label; it is not an editorial addition to this edition. Relationship statements in the label should be distinguished from the original letter.
05-087	ACU CRS MS5 - 05 - Folder 2, Correspondence and Legal Papers.pdf	87	manuscript	2	0	initial_image_reading	Continues on the following scan. The tract acreage appears as 230 and later 235 on this page; both readings are retained.
05-088	ACU CRS MS5 - 05 - Folder 2, Correspondence and Legal Papers.pdf	88	manuscript	2	0	initial_image_reading	Continuation of 05-087. Final note and signature are in a different hand from the body, which is marked “Per Ida.”
05-089	ACU CRS MS5 - 05 - Folder 2, Correspondence and Legal Papers.pdf	89	label	1	0	initial_image_reading	
05-090	ACU CRS MS5 - 05 - Folder 2, Correspondence and Legal Papers.pdf	90	manuscript	1	0	initial_image_reading	Unsigned power-of-attorney text. Day and month are unfilled; no witness names appear.
05-091	ACU CRS MS5 - 05 - Folder 2, Correspondence and Legal Papers.pdf	91	label	1	0	initial_image_reading	
05-092	ACU CRS MS5 - 05 - Folder 2, Correspondence and Legal Papers.pdf	92	manuscript	1	0	initial_image_reading	Continues on the following scan.
05-093	ACU CRS MS5 - 05 - Folder 2, Correspondence and Legal Papers.pdf	93	manuscript	2	0	initial_image_reading	Continuation of 05-092.
05-094	ACU CRS MS5 - 05 - Folder 2, Correspondence and Legal Papers.pdf	94	label	1	0	initial_image_reading	
05-095	ACU CRS MS5 - 05 - Folder 2, Correspondence and Legal Papers.pdf	95	manuscript	1	0	initial_image_reading	Insertion near the lower right runs into the margin. Original address Ennis is corrected to Ferris; the explanation appears on 05-096.
05-096	ACU CRS MS5 - 05 - Folder 2, Correspondence and Legal Papers.pdf	96	manuscript	5	0	initial_image_reading	Continuation of 05-095, with a later dated addition and an inverted postscript across the top margin. The legal assertions are those of the letter writer.
05-097	ACU CRS MS5 - 05 - Folder 2, Correspondence and Legal Papers.pdf	97	label	1	0	initial_image_reading	
05-098	ACU CRS MS5 - 05 - Folder 2, Correspondence and Legal Papers.pdf	98	manuscript	1	1	initial_image_reading	Continues on 05-099. Several small revisions are recorded. “your first” is retained as written.
05-099	ACU CRS MS5 - 05 - Folder 2, Correspondence and Legal Papers.pdf	99	manuscript	1	2	initial_image_reading	Continuation of 05-098. This same page appears again, inverted and at smaller scale, in 05-101. The doubled “that” at the page boundary is in the scans. The word tentatively read “lawing” is unusual and needs further review.
05-100	ACU CRS MS5 - 05 - Folder 2, Correspondence and Legal Papers.pdf	100	manuscript	1	1	initial_image_reading	Continues on 05-102; 05-101 repeats the preceding sheet. Clerk’s initials are read N. D.; the first may warrant further comparison.
05-101	ACU CRS MS5 - 05 - Folder 2, Correspondence and Legal Papers.pdf	101	manuscript	1	2	initial_image_reading	Duplicate appearance of 05-099, inverted and reduced in size. The writing was inspected upright and corresponds to that page; see its notes for the uncertain word.
05-102	ACU CRS MS5 - 05 - Folder 2, Correspondence and Legal Papers.pdf	102	manuscript	2	0	initial_image_reading	Continues 05-100. Scan is inverted. Small annotation above the first line appears to explain the rheumatism.
05-103	ACU CRS MS5 - 05 - Folder 2, Correspondence and Legal Papers.pdf	103	manuscript	1	0	initial_image_reading	Postscript continues on 05-104. Scan is inverted.
05-104	ACU CRS MS5 - 05 - Folder 2, Correspondence and Legal Papers.pdf	104	manuscript	1	1	initial_image_reading	Continuation of 05-103. The client’s abbreviated name is uncertain. Scan is inverted.
05-105	ACU CRS MS5 - 05 - Folder 2, Correspondence and Legal Papers.pdf	105	label and envelope	2	1	initial_image_reading	Scan is inverted. The parenthesis on the label is left incomplete. The town at the start of the postmark is not securely legible.
05-106	ACU CRS MS5 - 05 - Folder 2, Correspondence and Legal Papers.pdf	106	label and envelope	2	1	initial_image_reading	Scan is inverted. The postmark is too degraded to read securely.
05-107	ACU CRS MS5 - 05 - Folder 2, Correspondence and Legal Papers.pdf	107	manuscript	2	0	initial_image_reading	Continues on 05-108. Scan is inverted. Historical legal argument transcribed as the writer’s claim.
05-108	ACU CRS MS5 - 05 - Folder 2, Correspondence and Legal Papers.pdf	108	manuscript	3	0	initial_image_reading	Continuation of 05-107. Main text is inverted in the scan; the separate top note is in the opposite orientation.
05-109	ACU CRS MS5 - 05 - Folder 2, Correspondence and Legal Papers.pdf	109	label and envelope	2	1	initial_image_reading	Another appearance of the label and envelope in 05-105, with their positions exchanged. Scan is inverted.
05-110	ACU CRS MS5 - 05 - Folder 2, Correspondence and Legal Papers.pdf	110	manuscript	1	0	initial_image_reading	Letter of recommendation; scan runs sideways. “buisness” is retained.
05-111	ACU CRS MS5 - 05 - Folder 2, Correspondence and Legal Papers.pdf	111	manuscript	2	4	initial_image_reading	Continues on 05-112. Scan is inverted. The first sister’s name and the word before “is that” are uncertain.
05-112	ACU CRS MS5 - 05 - Folder 2, Correspondence and Legal Papers.pdf	112	manuscript	5	3	initial_image_reading	Continuation of 05-111. Small writing at the foot is faint and incomplete; its relation to the main letter is unclear. Spelling and double negative retained.
05-113	ACU CRS MS5 - 05 - Folder 2, Correspondence and Legal Papers.pdf	113	manuscript	1	0	initial_image_reading	Brief additional statement following the Jetton letter. Scan is inverted. “Cleaver” is the apparent spelling.
05-114	ACU CRS MS5 - 05 - Folder 2, Correspondence and Legal Papers.pdf	114	label and envelope	2	1	initial_image_reading	Scan is inverted. Most of the postmark is unreadable.
05-115	ACU CRS MS5 - 05 - Folder 2, Correspondence and Legal Papers.pdf	115	manuscript	2	0	focused_image_review	Postscript appears before the main opening of this letter in the scan order. Continues mid-word on 05-116. The reported deathbed conversation is a secondhand account.
05-116	ACU CRS MS5 - 05 - Folder 2, Correspondence and Legal Papers.pdf	116	manuscript	1	0	initial_image_reading	Continues the word “Examination” split at the boundary from 05-115. The legal claims are attributed to the writer. Scan is inverted.
05-117	ACU CRS MS5 - 05 - Folder 2, Correspondence and Legal Papers.pdf	117	label and manuscript	2	1	initial_image_reading	Scan is inverted. Left edge of the brief note is torn.
05-118	ACU CRS MS5 - 05 - Folder 2, Correspondence and Legal Papers.pdf	118	label	1	0	initial_image_reading	The parenthetical “Lewis?” is written on the scanned label. It is not a new identification by the transcriber.
05-119	ACU CRS MS5 - 05 - Folder 2, Correspondence and Legal Papers.pdf	119	manuscript	2	1	initial_image_reading	Continues on 05-120. Several nonstandard spellings retained. Small number near the upper left is uncertain.
05-120	ACU CRS MS5 - 05 - Folder 2, Correspondence and Legal Papers.pdf	120	manuscript	2	9	initial_image_reading	Two columns, read left then right. Family names, several words, and the small final line of the left column are uncertain. “She has had Three” is clear but the following word needs confirmation. The death of Aunt Polly Wright is reported here as about two weeks before the letter date.
05-121	ACU CRS MS5 - 05 - Folder 2, Correspondence and Legal Papers.pdf	121	manuscript	1	5	initial_image_reading	Continuation of the right column of 05-120. Several personal names and the work mentioned near the end are uncertain. Scan is inverted.
05-122	ACU CRS MS5 - 05 - Folder 2, Correspondence and Legal Papers.pdf	122	label	1	0	initial_image_reading	Scan is inverted.
05-123	ACU CRS MS5 - 05 - Folder 2, Correspondence and Legal Papers.pdf	123	manuscript	4	0	initial_image_reading	Letter continues on 05-124–125. Image rotated for reading.
05-124	ACU CRS MS5 - 05 - Folder 2, Correspondence and Legal Papers.pdf	124	manuscript	3	2	initial_image_reading	Continuation of 05-123. The manuscript reads Stewart; the later identifying slip 05-122 reads Stuart. “300 hundred” is retained as written. Continues on 05-125.
05-125	ACU CRS MS5 - 05 - Folder 2, Correspondence and Legal Papers.pdf	125	manuscript	6	0	initial_image_reading	Conclusion of 05-123–124.
05-126	ACU CRS MS5 - 05 - Folder 2, Correspondence and Legal Papers.pdf	126	identifying slip	1	0	initial_image_reading	Later identifying slip, distinct from the letter.
05-127	ACU CRS MS5 - 05 - Folder 2, Correspondence and Legal Papers.pdf	127	manuscript	2	2	initial_image_reading	The line through “from Washington” appears to be a fold in the reproduced sheet; cancellation is not certain. Continues on 05-128.
05-128	ACU CRS MS5 - 05 - Folder 2, Correspondence and Legal Papers.pdf	128	manuscript	5	1	initial_image_reading	Conclusion of 05-127. The phrase following “look for you” is uncertain.
05-129	ACU CRS MS5 - 05 - Folder 2, Correspondence and Legal Papers.pdf	129	identifying slip	1	0	initial_image_reading	
05-130	ACU CRS MS5 - 05 - Folder 2, Correspondence and Legal Papers.pdf	130	manuscript	5	9	selected_passages_image_adjudicated_2026_09	Damaged left edge: missing letters and words are not reconstructed. Continues on 05-131.
05-131	ACU CRS MS5 - 05 - Folder 2, Correspondence and Legal Papers.pdf	131	manuscript	3	6	initial_image_reading	Continuation of 05-130. Damage affects the right edge and a central line; the elderly Stewart appears to be the mother-in-law discussed in 05-123, an inference rather than a name supplied by this page.
05-132	ACU CRS MS5 - 05 - Folder 2, Correspondence and Legal Papers.pdf	132	manuscript	5	7	initial_image_reading	Continuation of 05-131. Fragment of that preceding page is visible at the left edge; it is not a separate text.
05-133	ACU CRS MS5 - 05 - Folder 2, Correspondence and Legal Papers.pdf	133	manuscript	6	5	initial_image_reading	Conclusion of 05-130–132. The horizontal line through the hogs sentence appears to follow a fold; not encoded as a deletion.
05-134	ACU CRS MS5 - 05 - Folder 2, Correspondence and Legal Papers.pdf	134	identifying slip	1	0	initial_image_reading	
05-135	ACU CRS MS5 - 05 - Folder 2, Correspondence and Legal Papers.pdf	135	manuscript	3	2	initial_image_reading	Continuation of the deed opening scanned on 05-136: the source page order is reversed. The added name H Douglas is near the Stanford signatures; placement does not establish its legal function. The bottom signature is very faint.
05-136	ACU CRS MS5 - 05 - Folder 2, Correspondence and Legal Papers.pdf	136	manuscript	3	0	initial_image_reading	Opening of the deed dated 8 October 1886; its continuation and signatures are scanned immediately before it on 05-135. Bearing numerals should be checked against the original instrument before cadastral use.
05-137	ACU CRS MS5 - 05 - Folder 2, Correspondence and Legal Papers.pdf	137	legal form	4	2	selected_passages_image_adjudicated_2026_09	Acknowledgment attached over the earlier deed. Its 1893 date is distinct from the 1886 date in the deed. Image review September 2026. 05-137-P01: the clipped acreage wording is preserved on the same deed in 05-135-P01 as thirty acres more or less. 05-137-P01: the deed text hidden by the separate acknowledgment continues in 05-135-P02, beginning unto the Said Lizzie Douglas her heirs and assigns forever. The obstruction remains marked in scan 137.
05-138	ACU CRS MS5 - 05 - Folder 2, Correspondence and Legal Papers.pdf	138	envelope and identifying slip	2	0	initial_image_reading	Envelope and later identifying slip are oppositely oriented in the scan. Stamp wording is partly canceled.
05-139	ACU CRS MS5 - 05 - Folder 2, Correspondence and Legal Papers.pdf	139	legal acknowledgments and docket	3	2	initial_image_reading	Upper acknowledgment canceled with diagonal strokes. Lower acknowledgment concerns E. L. Winiford. Clerk/deputy names and dates in the faint docket require source checking.
05-140	ACU CRS MS5 - 05 - Folder 2, Correspondence and Legal Papers.pdf	140	legal form	4	0	initial_image_reading	Deed continues on 05-141; acknowledgments on 05-142. Spelling and form language, including “one DOLLARS” and “presence,” retained.
05-141	ACU CRS MS5 - 05 - Folder 2, Correspondence and Legal Papers.pdf	141	legal form	4	2	initial_image_reading	Continuation of 05-140. The boundary description here says S line, while 05-135 says North line. The bottom signature is cut by the source scan boundary. The deed date is June 4, 1891; subsequent acknowledgments bear other dates.
05-142	ACU CRS MS5 - 05 - Folder 2, Correspondence and Legal Papers.pdf	142	legal acknowledgments and certificate	3	11	selected_passages_image_adjudicated_2026_09	Printed singular pronouns are amended to plural by hand. They are rendered in their amended reading. The recording certificate is unusually faint; uncertain entries remain bracketed. Separate sheets overlap.
05-143	ACU CRS MS5 - 05 - Folder 2, Correspondence and Legal Papers.pdf	143	identifying slip	1	0	initial_image_reading	“etal” appears at the right of the first two lines.
05-144	ACU CRS MS5 - 05 - Folder 2, Correspondence and Legal Papers.pdf	144	legal docket and certificate	3	0	initial_image_reading	
05-145	ACU CRS MS5 - 05 - Folder 2, Correspondence and Legal Papers.pdf	145	manuscript	3	0	initial_image_reading	Continues on 05-146. Initial I in Lucy I is the apparent reading; the name is not expanded. Fractions in the land description are retained as written, including 65/10.
05-146	ACU CRS MS5 - 05 - Folder 2, Correspondence and Legal Papers.pdf	146	manuscript	4	8	selected_passages_image_adjudicated_2026_09	Continuation of 05-145 with an overlapping repeat at the top. Several signatures and acknowledgment text are in deep shadow. The acknowledgments are more fully visible on 05-147–149; they are transcribed from those scans rather than silently filling this image’s gaps. Image review September 2026. 05-146-P01: Survey description continues from 05-145-P03. The same lines beginning 18 varas an Elm recur on both scans. The preceding image exposes the survey text above that point, including the cedar bearing. Retain the cropped-top marker and link the earlier scan; this does not count as newly reading the same survey twice. 05-146-P03: 2nd, verified on 05-147-P01. The shaded date on scan 146 is consistent with 2nd; scan 147 exposes the same dated line and clearly reads 2nd. Record the witness explicitly rather than claiming all three characters are clear in the shaded scan. 05-146-P03: Jany, verified on 05-147-P01. The date line, seal and A. O. Walker signature align across the scans. The clearer copy shows the abbreviation Jany. Preserve that abbreviation in a supplied witness note, not the expanded January. 05-146-P04: Remainder of Mary Roper’s acknowledgment is visible on 05-147-P02. The printed and inserted handwritten names align exactly. The clearer scan exposes the remainder beginning been examined by me privily and apart from her husband and its dated signature. The shadow/crop marker remains on scan 146, with a reference to the complete acknowledgment.
05-147	ACU CRS MS5 - 05 - Folder 2, Correspondence and Legal Papers.pdf	147	legal acknowledgments	4	4	selected_passages_image_adjudicated_2026_09	Several attached acknowledgments overlap. The last fragment is the lower part of 05-149. The first fragment does not reveal the acknowledging party in this scan. Image review September 2026. 05-147-P04: Covered opening appears on 05-149-P02. The exposed continuation of the Said E L Winniford matches the uncovered acknowledgment in scan 149. The name of the notary remains partly unresolved there; do not import the earlier Raept Sudris guess as certain text. 05-147-P04: Continuation and closing visible on 05-149-P02–P03. The text ending consideration therein Expressed is followed in the uncovered scan by and that She did not wish to retract it and the dated closing. Retain the crop marker and cite the fuller witness.
05-148	ACU CRS MS5 - 05 - Folder 2, Correspondence and Legal Papers.pdf	148	legal acknowledgments	3	4	selected_passages_image_adjudicated_2026_09	The Alice E. McCrary acknowledgment repeats 05-147. Underlying handwritten text is shown without the overlying sheets on 05-149. Image review September 2026. 05-148-P03: Covered opening appears on 05-149-P02. The lower exposed words and their line breaks match the same underlying sheet shown fully in 05-149. Keep the obstruction marker and link that witness; this duplicates the finding for 05-147-U002. 05-148-P03: and Seal this Fourth, verified on 05-149-P03. The obscured closing aligns with the uncovered scan. Brightening scan 148 does not independently recover every letter; scan 149 visibly supplies and Seal this Fourth. 05-148-P03: Closing signature and commission note continue on 05-149-P03. The complete underlying sheet carries the date, notary’s signature, office and commission-expiry note. Preserve uncertainties in those elements, including the given name and expiry reading, rather than filling the cropped area with confident guesses.
05-149	ACU CRS MS5 - 05 - Folder 2, Correspondence and Legal Papers.pdf	149	manuscript	3	4	selected_passages_image_adjudicated_2026_09	Notary’s name and commission-expiration notation remain uncertain. Millie and Milly are retained as they appear. The expiration notation should not be reconciled silently with the acknowledgment date. Image review September 2026. 05-149-P02: Guthrie is legible; the notary given name remains unread. 05-149-P03: Guthrie is legible; the notary given name remains unread.
05-150	ACU CRS MS5 - 05 - Folder 2, Correspondence and Legal Papers.pdf	150	identifying slip	1	0	initial_image_reading	Later slip appears to read October 3; the oath on 05-151 reads October 5.
05-151	ACU CRS MS5 - 05 - Folder 2, Correspondence and Legal Papers.pdf	151	manuscript	4	1	initial_image_reading	Amounts are transcribed individually, without editorial recalculation. The hog value may read 73 or 43. “Relict” identifies Mary as the widow. No father of N. L. Douglas is named here.
05-152	ACU CRS MS5 - 05 - Folder 2, Correspondence and Legal Papers.pdf	152	identifying slip	1	0	initial_image_reading	
05-153	ACU CRS MS5 - 05 - Folder 2, Correspondence and Legal Papers.pdf	153	manuscript	2	2	initial_image_reading	A second estate inventory, related to 05-151 but not an identical copy. Periods separating groups of digits are retained. The value of the hogs is difficult to distinguish between 73 and 43. The land patent date is given here as 18 June 1849.
05-154	ACU CRS MS5 - 05 - Folder 2, Correspondence and Legal Papers.pdf	154	legal acknowledgments	4	1	initial_image_reading	Acknowledgments for the 1886 deed transcribed at 05-135–136. Deputy’s name remains uncertain.
05-155	ACU CRS MS5 - 05 - Folder 2, Correspondence and Legal Papers.pdf	155	legal acknowledgment and recording certificate	4	1	selected_passages_image_adjudicated_2026_09	The acknowledgment is dated April 15, 1891; filing and recording dates are May 28 and 29, 1896. These dates are not harmonized. The later identifying slip 05-152 belongs with this recording docket, despite intervening inventory pages.
05-156	ACU CRS MS5 - 05 - Folder 2, Correspondence and Legal Papers.pdf	156	identifying slip	1	0	initial_image_reading	
05-157	ACU CRS MS5 - 05 - Folder 2, Correspondence and Legal Papers.pdf	157	legal acknowledgment and docket	4	0	selected_passages_image_adjudicated_2026_09	Conclusion of the deed whose opening is scanned next, at 05-158. Docket and printed certificate give differing page references and times; both are retained as read. Image review supports the deputy signature H. C. Wise.
05-158	ACU CRS MS5 - 05 - Folder 2, Correspondence and Legal Papers.pdf	158	manuscript	3	2	selected_passages_image_adjudicated_2026_09	Deed opening; conclusion and Mary Douglas signature are on 05-157. Faded heading and initial boundary bearing are tentative. Historical land-description language is transcribed, not interpreted as current title evidence.
06-001	ACU CRS MS5 - 06 - Folder 3, Correspondence and Legal Papers.pdf	1	repository cover	6	0	initial_image_reading	
06-002	ACU CRS MS5 - 06 - Folder 3, Correspondence and Legal Papers.pdf	2	identifying slip	1	1	initial_image_reading	
06-003	ACU CRS MS5 - 06 - Folder 3, Correspondence and Legal Papers.pdf	3	manuscript	2	0	initial_image_reading	Deed continues on scans 4–5; acknowledgment and record certificate on scan 6.
06-004	ACU CRS MS5 - 06 - Folder 3, Correspondence and Legal Papers.pdf	4	manuscript	2	0	initial_image_reading	Continues scan 3 and continues on scan 5.
06-005	ACU CRS MS5 - 06 - Folder 3, Correspondence and Legal Papers.pdf	5	manuscript	1	0	initial_image_reading	
06-006	ACU CRS MS5 - 06 - Folder 3, Correspondence and Legal Papers.pdf	6	legal document	3	0	initial_image_reading	Notarial text and certificate followed by the sideways docket.
06-007	ACU CRS MS5 - 06 - Folder 3, Correspondence and Legal Papers.pdf	7	identifying slip	1	0	initial_image_reading	The opening parenthesis is not closed on the slip.
06-008	ACU CRS MS5 - 06 - Folder 3, Correspondence and Legal Papers.pdf	8	legal document	2	3	selected_passages_image_adjudicated_2026_09	The acknowledgment and sideways docket precede the opening deed in the scan sequence. The docket’s record-book number reads 91 after image review. Image review September 2026. The docket reads volume 91; the separate recording certificate on 06-011 reads 92. Both readings are preserved.
06-009	ACU CRS MS5 - 06 - Folder 3, Correspondence and Legal Papers.pdf	9	legal document	3	0	initial_image_reading	Large blank areas in the printed form separate the first clauses. Continues on scan 10.
06-010	ACU CRS MS5 - 06 - Folder 3, Correspondence and Legal Papers.pdf	10	legal document	2	0	initial_image_reading	Continues scan 9. The final signature continues at the top of scan 11. The two printed witness lines are blank.
06-011	ACU CRS MS5 - 06 - Folder 3, Correspondence and Legal Papers.pdf	11	legal document	4	1	initial_image_reading	The first line is the remaining deed signature. The record certificate reads Volume 92; the corresponding docket on scan 8 appears to read 91, with the last digit uncertain.
06-012	ACU CRS MS5 - 06 - Folder 3, Correspondence and Legal Papers.pdf	12	envelope and identifying slip	2	0	initial_image_reading	
06-013	ACU CRS MS5 - 06 - Folder 3, Correspondence and Legal Papers.pdf	13	manuscript	1	0	initial_image_reading	Letter continues on scans 14–15. The year is positioned above the date.
06-014	ACU CRS MS5 - 06 - Folder 3, Correspondence and Legal Papers.pdf	14	manuscript	2	0	initial_image_reading	Two facing pages, transcribed left then right. The account of Rebecca Alexander’s illness and death is the writer’s report, not a medical determination.
06-015	ACU CRS MS5 - 06 - Folder 3, Correspondence and Legal Papers.pdf	15	manuscript	2	1	initial_image_reading	Concludes the letter begun on scan 13. The postscript is inverted above the main text. The story about the will is expressly reported through Charlie and Pap in the letter; it is not independently established by this transcript.
06-016	ACU CRS MS5 - 06 - Folder 3, Correspondence and Legal Papers.pdf	16	identifying slip	1	0	initial_image_reading	The bracketed question mark after “death” appears on the original slip.
06-017	ACU CRS MS5 - 06 - Folder 3, Correspondence and Legal Papers.pdf	17	manuscript	2	0	initial_image_reading	Continues on scan 18. The postscript is inverted above the opening date.
06-018	ACU CRS MS5 - 06 - Folder 3, Correspondence and Legal Papers.pdf	18	manuscript	1	2	focused_image_review	Concludes scan 17. The words before “good days” and the crowded message after “Adele says” are uncertain and marked in the text.
06-019	ACU CRS MS5 - 06 - Folder 3, Correspondence and Legal Papers.pdf	19	identifying slip	1	0	initial_image_reading	The question mark after Maybel appears on the original label.
06-020	ACU CRS MS5 - 06 - Folder 3, Correspondence and Legal Papers.pdf	20	manuscript	1	0	initial_image_reading	Continues on scans 21–22.
06-021	ACU CRS MS5 - 06 - Folder 3, Correspondence and Legal Papers.pdf	21	manuscript	2	1	initial_image_reading	Two facing pages, left then right.
06-022	ACU CRS MS5 - 06 - Folder 3, Correspondence and Legal Papers.pdf	22	manuscript	1	1	initial_image_reading	The form of the given name in the signature is uncertain. The later label on scan 19 reads “Maybel ?”.
06-023	ACU CRS MS5 - 06 - Folder 3, Correspondence and Legal Papers.pdf	23	identifying slip	1	0	initial_image_reading	“(Lewis ?)” is the wording of the later label, not an editorial identification.
06-024	ACU CRS MS5 - 06 - Folder 3, Correspondence and Legal Papers.pdf	24	manuscript	1	0	initial_image_reading	Continues on scan 25.
06-025	ACU CRS MS5 - 06 - Folder 3, Correspondence and Legal Papers.pdf	25	manuscript	2	2	initial_image_reading	The postscript is inverted above the main text; a smudged word before “you” remains unread.
06-026	ACU CRS MS5 - 06 - Folder 3, Correspondence and Legal Papers.pdf	26	identifying slip	1	0	initial_image_reading	The question mark and genealogical identifications appear on the later slip and are not independent conclusions of this edition.
06-027	ACU CRS MS5 - 06 - Folder 3, Correspondence and Legal Papers.pdf	27	manuscript	1	0	initial_image_reading	Continues on scans 28–29.
06-028	ACU CRS MS5 - 06 - Folder 3, Correspondence and Legal Papers.pdf	28	manuscript	1	1	focused_image_review	Several words in the sequence after the boys’ names are uncertain; no relationship is inferred from that phrase.
06-029	ACU CRS MS5 - 06 - Folder 3, Correspondence and Legal Papers.pdf	29	manuscript	1	2	uncertainty_annotation	Concludes the letter begun on scan 27; the damaged phrase before the closing cannot be fully resolved.
06-030	ACU CRS MS5 - 06 - Folder 3, Correspondence and Legal Papers.pdf	30	identifying slip	1	0	initial_image_reading	
06-031	ACU CRS MS5 - 06 - Folder 3, Correspondence and Legal Papers.pdf	31	manuscript	4	5	focused_image_review	This is the later page of an incomplete letter: scan 32 ends “We have …” and this page begins “three hundred acres”. Several lines at the horizontal fold are damaged. Marginal text follows the main letter, left edge then right edge. The matching text at the end of scan 38 suggests this belongs to the March 10, 1867 letter. Proposed reading order: 37, 38, 32, 31; scan order is retained.
06-032	ACU CRS MS5 - 06 - Folder 3, Correspondence and Legal Papers.pdf	32	manuscript	2	7	selected_passages_image_adjudicated_2026_09	The opening “it all my self” appears to continue the end of scan 38. Proposed reading order: 37, 38, 32, 31. Marginal passages are recorded separately rather than forced into the body text.
06-033	ACU CRS MS5 - 06 - Folder 3, Correspondence and Legal Papers.pdf	33	identifying slips	2	0	initial_image_reading	Place and date annotations in single brackets or parentheses occur in the source.
06-034	ACU CRS MS5 - 06 - Folder 3, Correspondence and Legal Papers.pdf	34	manuscript	1	0	initial_image_reading	Continues on scan 35. The month and year are not given in the opening date.
06-035	ACU CRS MS5 - 06 - Folder 3, Correspondence and Legal Papers.pdf	35	manuscript	1	2	focused_image_review	Concludes scan 34. The sentence before “I dread next Spring” reads “Pas eyes are getting worse.”
06-036	ACU CRS MS5 - 06 - Folder 3, Correspondence and Legal Papers.pdf	36	identifying slip	1	0	initial_image_reading	The spelling of the place in the letter opening is transcribed separately on scan 37.
06-037	ACU CRS MS5 - 06 - Folder 3, Correspondence and Legal Papers.pdf	37	manuscript	2	2	initial_image_reading	Continues on scan 38, then apparently on scans 32 and 31. The letters’ matching sentence breaks support this reconstructed reading order. Marginal blocks are transcribed separately; faded writing at the top is unresolved.
06-038	ACU CRS MS5 - 06 - Folder 3, Correspondence and Legal Papers.pdf	38	manuscript	2	5	focused_image_review	Continues scan 37 and appears to continue on scan 32 (“it all my self”). The reference to living in Texas is preserved as written. Faded marginal endings remain unread.
06-039	ACU CRS MS5 - 06 - Folder 3, Correspondence and Legal Papers.pdf	39	identifying slip	1	0	initial_image_reading	The date on the manuscript opening (scan 40) reads Sept 15th, unlike this label.
06-040	ACU CRS MS5 - 06 - Folder 3, Correspondence and Legal Papers.pdf	40	manuscript	2	2	initial_image_reading	Continues on scan 41. Marginal wording is fragmentary in sense and may continue a passage elsewhere on the letter.
06-041	ACU CRS MS5 - 06 - Folder 3, Correspondence and Legal Papers.pdf	41	manuscript	1	3	initial_image_reading	Continues scan 40 and continues on scan 42. The final line is faint and partly blotted.
06-042	ACU CRS MS5 - 06 - Folder 3, Correspondence and Legal Papers.pdf	42	manuscript	1	3	initial_image_reading	Continues scans 40–41. An obscured phrase concerning the death of the mother remains unresolved; no words have been reconstructed from context.
06-043	ACU CRS MS5 - 06 - Folder 3, Correspondence and Legal Papers.pdf	43	manuscript	2	2	initial_image_reading	Continues scans 40–42. The marginal sentence appears to continue with the margin on scan 40 (“Each form …”). The supplied sequence does not show a conventional closing for this letter.
06-044	ACU CRS MS5 - 06 - Folder 3, Correspondence and Legal Papers.pdf	44	identifying slip	1	0	initial_image_reading	
06-045	ACU CRS MS5 - 06 - Folder 3, Correspondence and Legal Papers.pdf	45	manuscript	2	2	focused_image_review	Continues on scans 46–48. The illness passage identifies Frank; the subsequent masculine pronouns refer to him. The faded opening of that paragraph remains partly unread.
06-046	ACU CRS MS5 - 06 - Folder 3, Correspondence and Legal Papers.pdf	46	manuscript	2	9	focused_image_review	Continues scan 45. The lower paragraph and inverted marginal closing are faded; several uncertain phrases need a clearer scan or inspection of the physical letter.
06-047	ACU CRS MS5 - 06 - Folder 3, Correspondence and Legal Papers.pdf	47	manuscript	2	8	initial_image_reading	Continues scans 45–46 and continues on scan 48. Pale marginal text remains partly illegible.
06-048	ACU CRS MS5 - 06 - Folder 3, Correspondence and Legal Papers.pdf	48	manuscript	3	6	focused_image_review	Concludes the letter begun on scan 45. Several phrases in the account of the ride are read tentatively from pale writing and should be checked against a clearer scan.
06-049	ACU CRS MS5 - 06 - Folder 3, Correspondence and Legal Papers.pdf	49	identifying slip	1	0	initial_image_reading	
06-050	ACU CRS MS5 - 06 - Folder 3, Correspondence and Legal Papers.pdf	50	manuscript	2	3	initial_image_reading	Two facing pages. The opening is on the right and continues on scan 51, left. Scan 51, right, continues onto the left-hand concluding page transcribed here. The concluding request to pass along a letter is historical source text, not an action requested of the reader.
06-051	ACU CRS MS5 - 06 - Folder 3, Correspondence and Legal Papers.pdf	51	manuscript	3	4	initial_image_reading	Two facing pages, left then right. The left page continues the right-hand opening of scan 50; the right page continues onto scan 50, left. Holes remove portions of a sentence about examinations.
06-052	ACU CRS MS5 - 06 - Folder 3, Correspondence and Legal Papers.pdf	52	identifying slip	1	1	initial_image_reading	The question mark after the place and the parentheses are on the later identifying slip. The place spelling is uncertain.
06-053	ACU CRS MS5 - 06 - Folder 3, Correspondence and Legal Papers.pdf	53	manuscript	1	1	initial_image_reading	Continues on scan 54. The final word is faint; the description of the remedy is historical wording, not advice.
06-054	ACU CRS MS5 - 06 - Folder 3, Correspondence and Legal Papers.pdf	54	manuscript	2	7	focused_image_review	Two facing pages, left then right. The date and event details are the writer’s report. Several faded words remain uncertain.
06-055	ACU CRS MS5 - 06 - Folder 3, Correspondence and Legal Papers.pdf	55	identifying slip	1	0	initial_image_reading	The question mark and parentheses occur on the later identifying slip.
06-056	ACU CRS MS5 - 06 - Folder 3, Correspondence and Legal Papers.pdf	56	manuscript	2	3	initial_image_reading	Continues on scans 57–58. The marginal postscript occupies the top and left edges when the main text is upright; its final clause runs into the page corner.
06-057	ACU CRS MS5 - 06 - Folder 3, Correspondence and Legal Papers.pdf	57	manuscript	2	1	focused_image_review	Two facing pages, left then right; continues scan 56 and continues on scan 58. The writer’s report of earthquakes and California travel is retained without assigning an event date beyond the letter’s date.
06-058	ACU CRS MS5 - 06 - Folder 3, Correspondence and Legal Papers.pdf	58	manuscript	1	3	focused_image_review	Concludes the main text of the letter begun on scan 56; the marginal postscript is on scan 56. Text lost in the horizontal crease has not been reconstructed.
06-059	ACU CRS MS5 - 06 - Folder 3, Correspondence and Legal Papers.pdf	59	identifying slip	1	0	initial_image_reading	
06-060	ACU CRS MS5 - 06 - Folder 3, Correspondence and Legal Papers.pdf	60	manuscript	1	0	initial_image_reading	Continues on scan 61. Spelling is retained, including “Dear Niece”.
06-061	ACU CRS MS5 - 06 - Folder 3, Correspondence and Legal Papers.pdf	61	manuscript	2	2	initial_image_reading	Two facing pages, left then right. The closing at the lower edge is crowded and partly illegible. This concludes scan 60.
06-062	ACU CRS MS5 - 06 - Folder 3, Correspondence and Legal Papers.pdf	62	identifying slip	1	0	initial_image_reading	The period identification is on the later slip; the following text has month and day notations but no visible year.
06-063	ACU CRS MS5 - 06 - Folder 3, Correspondence and Legal Papers.pdf	63	manuscript	1	27	selected_passages_image_adjudicated_2026_09	A very pale, incomplete account of an alleged killing. Names, the witness account, and much of the lower half are not securely legible. This is a writer’s report; the transcript does not establish the allegation as fact. A clearer scan or the physical original is needed to resolve the many gaps. Image review September 2026. Whole-line review also questions previously unbracketed wording around the first location clause. The remaining narrative requires further image or human review; this revision does not certify all surrounding words.
06-064	ACU CRS MS5 - 06 - Folder 3, Correspondence and Legal Papers.pdf	64	manuscript	2	59	focused_image_review	Severely darkened page. The letter changes from Laura’s text to another hand at “Saturday evening 20th”. The apparent day/date discrepancy is retained. Large portions remain unread and should be prioritized for comparison with the physical original. The lower numbers are embedded among the handwriting and are only partly legible.
06-065	ACU CRS MS5 - 06 - Folder 3, Correspondence and Legal Papers.pdf	65	later label	1	0	initial_image_reading	Later descriptive slip. The attributions and question marks belong to the slip. The letter fragment follows on scan pages 66–67; its apparent reading order is 67, then 66.
06-066	ACU CRS MS5 - 06 - Folder 3, Correspondence and Legal Papers.pdf	66	manuscript	3	5	focused_image_review	Continuation apparently follows scan page 67. Faded text and a faint vertical margin remain uncertain. The allegations concerning Magruder and flour speculation are the correspondent’s reports, not independently verified editorial findings.
06-067	ACU CRS MS5 - 06 - Folder 3, Correspondence and Legal Papers.pdf	67	manuscript	1	27	focused_image_review	Very pale writing; partial transcription. The ending “I dont” appears to continue with “have any doubt” on scan page 66. Faded text has been re-examined but substantial gaps remain.
06-068	ACU CRS MS5 - 06 - Folder 3, Correspondence and Legal Papers.pdf	68	later label	1	0	initial_image_reading	
06-069	ACU CRS MS5 - 06 - Folder 3, Correspondence and Legal Papers.pdf	69	manuscript	2	0	initial_image_reading	
06-070	ACU CRS MS5 - 06 - Folder 3, Correspondence and Legal Papers.pdf	70	manuscript	2	0	initial_image_reading	The account of violence explicitly includes hearsay (“so we have heard”) and alternative stories. These are the writer’s reports; no independent verification is implied. Text continues on scan page 71.
06-071	ACU CRS MS5 - 06 - Folder 3, Correspondence and Legal Papers.pdf	71	manuscript	2	1	selected_passages_image_adjudicated_2026_09	Continuation of the letter begun on scan page 69. The writer distinguishes belief from knowledge in her account of the suspected hanging.
06-072	ACU CRS MS5 - 06 - Folder 3, Correspondence and Legal Papers.pdf	72	manuscript	4	1	initial_image_reading	Final page of the letter begun on scan page 69.
06-073	ACU CRS MS5 - 06 - Folder 3, Correspondence and Legal Papers.pdf	73	later label	1	0	initial_image_reading	The question mark after the date is on the later descriptive slip.
06-074	ACU CRS MS5 - 06 - Folder 3, Correspondence and Legal Papers.pdf	74	manuscript	6	1	initial_image_reading	This page follows the sentence “Well our” at the end of scan page 75. The March 20 postscript supplies no year. The writer’s comments about legibility are part of the original letter.
06-075	ACU CRS MS5 - 06 - Folder 3, Correspondence and Legal Papers.pdf	75	manuscript	3	0	initial_image_reading	The manuscript numbers this page “5th.” It continues on scan page 74. The opening is a fragment; the preceding pages have not been identified here.
06-076	ACU CRS MS5 - 06 - Folder 3, Correspondence and Legal Papers.pdf	76	later label	1	0	initial_image_reading	
06-077	ACU CRS MS5 - 06 - Folder 3, Correspondence and Legal Papers.pdf	77	manuscript	1	4	initial_image_reading	Small, heavily speckled fragment. Partial reading; much of its middle is obscured. The later slip on scan page 76 supplies “Apr.”; no month or year is readable on this side itself.
06-078	ACU CRS MS5 - 06 - Folder 3, Correspondence and Legal Papers.pdf	78	manuscript	2	2	focused_image_review	Reverse of the small fragment. The question following “mashed off” remains an uncertain reading; no interpretation of its meaning is supplied.
06-079	ACU CRS MS5 - 06 - Folder 3, Correspondence and Legal Papers.pdf	79	later label	1	0	initial_image_reading	The descriptive slip supplies the place and number. The text of the fragment itself is transcribed separately on scan page 80.
06-080	ACU CRS MS5 - 06 - Folder 3, Correspondence and Legal Papers.pdf	80	manuscript	1	9	initial_image_reading	Very faint fragment. The report is incomplete; the manuscript’s uncertain words have not been filled from the later label.
06-081	ACU CRS MS5 - 06 - Folder 3, Correspondence and Legal Papers.pdf	81	manuscript	2	0	initial_image_reading	
06-082	ACU CRS MS5 - 06 - Folder 3, Correspondence and Legal Papers.pdf	82	later label	1	0	initial_image_reading	Attribution revised on the later slip; both visible name forms appear to read “Laura.” The year on the letter itself (scan page 83) reads 1865.
06-083	ACU CRS MS5 - 06 - Folder 3, Correspondence and Legal Papers.pdf	83	manuscript	2	5	initial_image_reading	The date appears to be “Feb 1st,” whereas the later label reads “Feb. 11.” The introductory line, personal names, and word after “to” remain uncertain.
06-084	ACU CRS MS5 - 06 - Folder 3, Correspondence and Legal Papers.pdf	84	manuscript	1	1	focused_image_review	The last two words remain uncertain after enlargement; the final form may be a nickname. No expanded personal name is supplied.
06-085	ACU CRS MS5 - 06 - Folder 3, Correspondence and Legal Papers.pdf	85	later label	1	0	initial_image_reading	
06-086	ACU CRS MS5 - 06 - Folder 3, Correspondence and Legal Papers.pdf	86	manuscript	3	41	focused_image_review	Dense writing over a dark, uneven reproduction; this is a partial transcription. Much of the upper and middle page needs examination of a better scan or the original. The quotation at the end is tentative, not silently restored from a published text.
06-087	ACU CRS MS5 - 06 - Folder 3, Correspondence and Legal Papers.pdf	87	manuscript	2	8	focused_image_review	The weekday is tentative; it has not been changed to agree with the preceding page’s Thursday heading. Several personal names remain unresolved. The writer reports McCullough’s actions without independent verification.
06-088	ACU CRS MS5 - 06 - Folder 3, Correspondence and Legal Papers.pdf	88	later label	1	0	initial_image_reading	“Plastic surgery” is the later label’s description, not terminology supplied by the transcriber.
06-089	ACU CRS MS5 - 06 - Folder 3, Correspondence and Legal Papers.pdf	89	manuscript	2	0	initial_image_reading	
06-090	ACU CRS MS5 - 06 - Folder 3, Correspondence and Legal Papers.pdf	90	manuscript	2	5	focused_image_review	The wording before “coming back” and the night-owl phrase remain tentative after review. The correspondent’s name appears to read Childsy; comparison with the physical original would help resolve its spelling.
06-091	ACU CRS MS5 - 06 - Folder 3, Correspondence and Legal Papers.pdf	91	manuscript	2	3	uncertainty_annotation	The personal names Childsy and Wyrman remain tentative and are marked in the transcript.
06-092	ACU CRS MS5 - 06 - Folder 3, Correspondence and Legal Papers.pdf	92	manuscript	4	4	initial_image_reading	Margin notes have been rotated and transcribed separately. The report of reconstruction of a nose and lip is historical correspondence, not medical advice or an independently verified case history.
06-093	ACU CRS MS5 - 06 - Folder 3, Correspondence and Legal Papers.pdf	93	later label	1	0	initial_image_reading	
06-094	ACU CRS MS5 - 06 - Folder 3, Correspondence and Legal Papers.pdf	94	manuscript	3	4	initial_image_reading	Two short pale passages around the family-confidential remark remain unresolved. Names are preserved as read rather than expanded to a standardized historical identification. Text continues on scan page 95.
06-095	ACU CRS MS5 - 06 - Folder 3, Correspondence and Legal Papers.pdf	95	manuscript	4	23	uncertainty_annotation	Continuation of scan page 94, with substantial fading and several incomplete sentences. The passages about killing recount alleged statements and the writer’s suspicions, not verified events. The surname read “Sherrol” is uncertain.
06-096	ACU CRS MS5 - 06 - Folder 3, Correspondence and Legal Papers.pdf	96	later label	1	0	initial_image_reading	The manuscript itself is numbered 13 (scan page 97), while the later descriptive slip reads 18.
06-097	ACU CRS MS5 - 06 - Folder 3, Correspondence and Legal Papers.pdf	97	manuscript	3	0	initial_image_reading	
06-098	ACU CRS MS5 - 06 - Folder 3, Correspondence and Legal Papers.pdf	98	manuscript	4	5	focused_image_review	Two facing pages, read left then right. The left leaf ends with “you” in the inner margin. The right leaf continues on scan page 99 at “Technical terms.” The visit is by Bob and his lady; the uncertain surname is marked. Historical racial terminology is retained.
06-099	ACU CRS MS5 - 06 - Folder 3, Correspondence and Legal Papers.pdf	99	manuscript	5	4	initial_image_reading	Continuation of scan page 98. The closing runs up the right edge and across the top; part remains unresolved. There is no secure signature reading here.
06-100	ACU CRS MS5 - 06 - Folder 3, Correspondence and Legal Papers.pdf	100	later label	1	0	initial_image_reading	Date on the following letter’s heading appears to read August 18th rather than the 19th on this descriptive slip.
06-101	ACU CRS MS5 - 06 - Folder 3, Correspondence and Legal Papers.pdf	101	manuscript	3	10	focused_image_review	Faded letter opening; several names and clauses remain unresolved. The heading’s day is uncertain and differs from the later descriptive slip. Margin writing is fragmentary. Continues on scan page 102.
06-102	ACU CRS MS5 - 06 - Folder 3, Correspondence and Legal Papers.pdf	102	manuscript	2	10	selected_passages_image_adjudicated_2026_09	Continuation of scan page 101. Some wording in the pale upper section is uncertain; no names have been expanded. Continued on scan page 103.
06-103	ACU CRS MS5 - 06 - Folder 3, Correspondence and Legal Papers.pdf	103	manuscript	3	2	selected_passages_image_adjudicated_2026_09	Signature reads Sue. Margin partly uncertain. The letter reports the child as dying and then gives a retrospective age statement; both are retained. The word before “it with white rock” remains tentative.
06-104	ACU CRS MS5 - 06 - Folder 3, Correspondence and Legal Papers.pdf	104	manuscript	3	3	focused_image_review	Change of correspondent from Sue on scan page 103 to Lizzie. Uncertain personal names in the opening sentence are marked. The expression “same old Seven and six” is retained as read.
06-105	ACU CRS MS5 - 06 - Folder 3, Correspondence and Legal Papers.pdf	105	later label	2	0	initial_image_reading	Two later descriptive slips. Their family identifications are transcribed as annotations in the source, not as newly verified genealogical conclusions.
06-106	ACU CRS MS5 - 06 - Folder 3, Correspondence and Legal Papers.pdf	106	manuscript	3	3	initial_image_reading	Dark reproduced band across the middle obscures several lines. The surviving prose resumes as an incomplete sentence. Two forms of the deceased’s given name occur in the later labels; “Gail” is the reading here.
06-107	ACU CRS MS5 - 06 - Folder 3, Correspondence and Legal Papers.pdf	107	manuscript	3	8	focused_image_review	Continues scan 106. A dark horizontal band obscures part of the transport account. The opening report of Austin’s remarks and the sentence about Jones meeting the soldiers remain partly unresolved. The final marginal continuation is unread.
06-108	ACU CRS MS5 - 06 - Folder 3, Correspondence and Legal Papers.pdf	108	later label	1	0	initial_image_reading	
06-109	ACU CRS MS5 - 06 - Folder 3, Correspondence and Legal Papers.pdf	109	manuscript	5	1	initial_image_reading	
06-110	ACU CRS MS5 - 06 - Folder 3, Correspondence and Legal Papers.pdf	110	manuscript	5	5	initial_image_reading	Small marginal writing is incomplete. Nancy’s surname is uncertain. Medical descriptions and opinions are reproduced as historical statements by the correspondent.
06-111	ACU CRS MS5 - 06 - Folder 3, Correspondence and Legal Papers.pdf	111	manuscript	2	3	uncertainty_annotation	Sectarian opinions are the writer’s own. Uncertain personal names remain marked in the text.
06-112	ACU CRS MS5 - 06 - Folder 3, Correspondence and Legal Papers.pdf	112	manuscript	3	4	selected_passages_image_adjudicated_2026_09	End of the letter begun on scan page 109. The word before “Saturday night” remains tentative. Capture or death of Fayette and Jim is reported without confirmation of either outcome.
06-113	ACU CRS MS5 - 06 - Folder 3, Correspondence and Legal Papers.pdf	113	later label	1	0	focused_image_review	Later descriptive slip; the surname is read as Winneford. The slip’s description is kept distinct from the letter.
06-114	ACU CRS MS5 - 06 - Folder 3, Correspondence and Legal Papers.pdf	114	manuscript	3	26	initial_image_reading	Opening page of a letter continuing on scan pages 115–116. Large faded areas and ink spots prevent a continuous reading. The separate top-margin addition is inverted relative to the main letter. The wording of the courtship discussion remains especially uncertain; no fluent reconstruction is supplied.
06-115	ACU CRS MS5 - 06 - Folder 3, Correspondence and Legal Papers.pdf	115	manuscript	3	49	initial_image_reading	Two facing leaves; left leaf followed by right. The right leaf continues on scan page 116 with “been here”. Very faint passages, names, and election details require comparison with the original. A narrow inverted marginal passage is unread.
06-116	ACU CRS MS5 - 06 - Folder 3, Correspondence and Legal Papers.pdf	116	manuscript	3	68	selected_passages_image_adjudicated_2026_09	Closing page of the letter begun on scan page 114. The opening paragraph is comparatively clear; much of the Saturday continuation is extremely faded. This is a partial transcription. Adjacent unread spans have not been assigned word counts. A new photograph of this leaf or consultation of the physical original is a priority. Image review September 2026. Whole-line inspection raises doubts about the surrounding sentence framework in P02, including the earlier literary discourse wording. P02 and P03 remain provisional as whole passages; the marked gaps are not the only potential errors.
06-117	ACU CRS MS5 - 06 - Folder 3, Correspondence and Legal Papers.pdf	117	manuscript	1	15	initial_image_reading	Irregularly torn fragment. Surviving lines are retained separately to show interrupted text. Initial words in several lines are faint as well as physically incomplete. No date is supplied here. The military news and executions are reported by the writer, not independently established by this edition.
06-118	ACU CRS MS5 - 06 - Folder 3, Correspondence and Legal Papers.pdf	118	manuscript	1	16	initial_image_reading	Reverse or companion fragment to scan page 117. The surviving line breaks are retained. The missing beginnings and endings have not been supplied. Names and the short quoted exclamation are tentative.
07-001	George Douglas Papers Folder 4- Correspondence.pdf	1	repository cover	1	0	initial AI visual reading of supplied scan	Modern repository cover, not manuscript text.
07-002	George Douglas Papers Folder 4- Correspondence.pdf	2	identifying slip and envelope	2	0	initial AI visual reading of supplied scan	A later catalog note is distinct from the original envelope. The envelope’s April 18 date does not alter the April 15 letter date.
07-003	George Douglas Papers Folder 4- Correspondence.pdf	3	letter	2	0	initial AI visual reading of supplied scan	Continues on 07-004. Deleted wording in the inland-place sentence is partly awkward and is reproduced rather than silently repaired. Post prisoners is the writer’s phrase; the event is not identified on this page.
07-004	George Douglas Papers Folder 4- Correspondence.pdf	4	letter continuation	4	0	initial AI visual reading of supplied scan	Main text continues on 07-005. Closing is copied where it appears physically, above the main text. The content of the allegedly treasonous ideas is not specified here.
07-005	George Douglas Papers Folder 4- Correspondence.pdf	5	letter continuation	4	3	initial AI visual reading of supplied scan	Main text continues on 07-006. The upper-margin remark is fragmentary and is not interpreted beyond what can be read. Gran is written without a surname.
07-006	George Douglas Papers Folder 4- Correspondence.pdf	6	letter continuation	6	16	initial AI visual reading of supplied scan	Cross-writing and a damaged upper margin obscure several words. Both directions have been read independently; unresolved words remain explicit. Some repeated or awkward wording in the religious reflection is retained.
07-007	George Douglas Papers Folder 4- Correspondence.pdf	7	later identifying slip	1	0	initial AI visual reading of supplied scan	This later note supplies a tentative year. It is not a contemporaneous letter date.
07-008	George Douglas Papers Folder 4- Correspondence.pdf	8	letter	1	0	initial AI visual reading of supplied scan	Continues on 07-009. Year not written; the later slip suggests 1863.
07-009	George Douglas Papers Folder 4- Correspondence.pdf	9	letter continuation	1	1	initial AI visual reading of supplied scan	Concludes the letter on 07-008. The first comb appears crossed out and repeated.
07-010	George Douglas Papers Folder 4- Correspondence.pdf	10	envelope and identifying slip	2	0	initial AI visual reading of supplied scan	The original envelope is distinct from the later identifying slip. The endorsement January 31 does not change the letter’s January 22 date.
07-011	George Douglas Papers Folder 4- Correspondence.pdf	11	letter	3	2	initial AI visual reading of supplied scan	Main text continues on 07-012. The marginal remark’s ending is cramped and uncertain. Andrews is a tentative reading.
07-012	George Douglas Papers Folder 4- Correspondence.pdf	12	letter continuation	3	4	initial AI visual reading of supplied scan	Concludes 07-011. Several names and the parenthetical phrase are unclear. The report about Galveston is explicitly hearsay, and its named figure is not silently substituted with a historical commander.
07-013	George Douglas Papers Folder 4- Correspondence.pdf	13	later identifying slip	1	0	initial AI visual reading of supplied scan	Later catalog summary, not part of Lizzie’s original letter. Jim and Cynthia as the recipients of Henry’s letter are the annotator’s identification.
07-014	George Douglas Papers Folder 4- Correspondence.pdf	14	later typescript of letter	3	0	initial AI visual reading of supplied scan	Later typescript included among the university’s scans, not an autograph manuscript. This is an independent reading of that typescript. Typewriter correction strokes and visibly cancelled miskeys are omitted when the replacement is clear; substantive wording and remaining typographical errors are retained. Continues on 07-015. The question mark after Ft. Donaldson is in the typescript. Handwritten counterparts are preserved in reading order at 07-024, 026, 027, 028, 029, 025; differences remain visible in the separate records.
07-015	George Douglas Papers Folder 4- Correspondence.pdf	15	later typescript of letter	3	0	initial AI visual reading of supplied scan	Later typescript included among the university’s scans, not an autograph manuscript. This is an independent reading of that typescript. Typewriter correction strokes and visibly cancelled miskeys are omitted when the replacement is clear; substantive wording and remaining typographical errors are retained. Continuation of 07-014; continues on 07-016. Mark and get out cloth are retained as typed, not silently changed to textile terms. Handwritten counterparts are preserved in reading order at 07-024, 026, 027, 028, 029, 025; differences remain visible in the separate records.
07-016	George Douglas Papers Folder 4- Correspondence.pdf	16	later typescript of letter	4	0	initial AI visual reading of supplied scan	Later typescript included among the university’s scans, not an autograph manuscript. This is an independent reading of that typescript. Typewriter correction strokes and visibly cancelled miskeys are omitted when the replacement is clear; substantive wording and remaining typographical errors are retained. Continues 07-015. The leader is not named here. A separate loom paragraph at 07-018 may belong with this text, but scan sequence alone does not prove it. Handwritten counterparts are preserved in reading order at 07-024, 026, 027, 028, 029, 025; differences remain visible in the separate records.
07-017	George Douglas Papers Folder 4- Correspondence.pdf	17	later typescript of letter	1	0	initial AI visual reading of supplied scan	Later typescript included among the university’s scans, not an autograph manuscript. This is an independent reading of that typescript. Typewriter correction strokes and visibly cancelled miskeys are omitted when the replacement is clear; substantive wording and remaining typographical errors are retained. A whole row of question marks is already present in the typescript; it is not a new omission introduced here. Some faint letters are read from the visible type. The autograph counterpart is 07-031; the damaged line remains unreadable in the manuscript as well.
07-018	George Douglas Papers Folder 4- Correspondence.pdf	18	later typescript fragment	1	0	initial AI visual reading of supplied scan	Later typescript included among the university’s scans, not an autograph manuscript. This is an independent reading of that typescript. Typewriter correction strokes and visibly cancelled miskeys are omitted when the replacement is clear; substantive wording and remaining typographical errors are retained. The handwritten counterpart is 07-025, the final leaf of the February 10–14 letter. This typed fragment is undated but can now be associated with that letter.
07-019	George Douglas Papers Folder 4- Correspondence.pdf	19	later typescript fragment	1	0	initial AI visual reading of supplied scan	A later typed page, independently read as supplied. Obvious cancelled typewriter miskeys omitted; anout is retained. The handwritten counterpart is the end of 07-031 and beginning of 07-032, part of the May 7–8 letter. The manuscript reads Jeffie and Buck Creek where this typescript reads Jessie and Brick Creek.
07-020	George Douglas Papers Folder 4- Correspondence.pdf	20	later identifying slip	1	0	initial AI visual reading of supplied scan	Susanne Douglas Bell is proposed by the annotator with a question mark and possibly. It is not a confirmed authorship attribution.
07-021	George Douglas Papers Folder 4- Correspondence.pdf	21	letter fragment	1	3	initial AI visual reading of supplied scan	Opening is a continuation; compare 07-023. Final names are cramped. The sequence 28th then 26th is retained. Fayette and Jim’s capture is expressed as a possibility.
07-022	George Douglas Papers Folder 4- Correspondence.pdf	22	later identifying slip	1	0	initial AI visual reading of supplied scan	Question mark and possibly are in the identifying note.
07-023	George Douglas Papers Folder 4- Correspondence.pdf	23	letter	3	3	initial AI visual reading of supplied scan	Year not written on this page; the later note suggests 1863. Continuation appears earlier in the scan at 07-021. The opening to Mrs. Swann’s troubles is torn and uncertain.
07-024	George Douglas Papers Folder 4- Correspondence.pdf	24	manuscript letter	2	2	initial AI visual reading of supplied scan	Autograph counterpart to the opening of typescript 07-014. Jeffie, rather than the typescript’s Jessie, is the manuscript reading. Aunt Rebecca’s surname is partly crossed by a fold. The letter continues at 07-026; 07-025 belongs later in its text.
07-025	George Douglas Papers Folder 4- Correspondence.pdf	25	manuscript	2	1	initial AI visual reading of supplied scan	Final leaf of the February 10–14 letter. Reading order: 07-024, 026, 027, 028, 029, 025. The corresponding later typescript is divided between 07-016 and 07-018; the loom fragment belongs to this letter.
07-026	George Douglas Papers Folder 4- Correspondence.pdf	26	manuscript	3	1	initial AI visual reading of supplied scan	Continues 07-024 and is followed by 07-027. A place name before Bluff is cancelled and Pine is inserted above. Henry’s report is secondhand news of Fayette and Jim, not confirmation of their later fate.
07-027	George Douglas Papers Folder 4- Correspondence.pdf	27	manuscript	1	1	initial AI visual reading of supplied scan	Continues 07-026, followed by 07-028. Opening given name is uncertain. The manuscript reads warp it; the later typescript’s differing word should not replace it.
07-028	George Douglas Papers Folder 4- Correspondence.pdf	28	manuscript	1	0	initial AI visual reading of supplied scan	Continues 07-027, followed by 07-029. The Leader is unnamed on this page; do not assign a specific officer without corroboration.
07-029	George Douglas Papers Folder 4- Correspondence.pdf	29	manuscript	2	0	initial AI visual reading of supplied scan	Continues 07-028, followed by 07-025. “utencils” and the phrase “lowest high privates” are retained. Receipt annotation is in the upper margin.
07-030	George Douglas Papers Folder 4- Correspondence.pdf	30	later identifying slip	1	0	initial AI visual reading of supplied scan	The racial descriptor is the later annotator’s wording, reproduced for documentary accuracy.
07-031	George Douglas Papers Folder 4- Correspondence.pdf	31	manuscript	1	1	initial AI visual reading of supplied scan	First autograph leaf of the May 7–8 letter; continues through 07-034. One line at the horizontal fold remains unreadable. The typed counterpart at 07-017 also leaves a gap. The claim about four hundred men is explicitly unverified by the writer.
07-032	George Douglas Papers Folder 4- Correspondence.pdf	32	manuscript	2	2	initial AI visual reading of supplied scan	Continues 07-031, followed by 07-033. Manuscript reads Jeffie and Buck Creek where typescript 07-019 has Jessie and Brick Creek. A word describing the pump’s motion is uncertain. Lost text concerning preparation of wool is not supplied.
07-033	George Douglas Papers Folder 4- Correspondence.pdf	33	manuscript	2	0	initial AI visual reading of supplied scan	Continues 07-032, followed by 07-034. This page was inverted in the scan. Cousin’s name reads Robert Jetton, not Jackson. The writer distinguishes reported information from her doubts about the number captured. The racist and proslavery arguments are preserved as her historical views, not editorial assertions. Uncle Louis’s identity and precise kinship are not independently established by this leaf.
07-034	George Douglas Papers Folder 4- Correspondence.pdf	34	manuscript	2	0	initial AI visual reading of supplied scan	Final page of the May 7–8 letter. Lizzie signs the main letter; Susanna Bell signs the added note. Livinia is the spelling read here. The place name Alexandria is divided across lines. Local marriage and property news is introduced as report or gossip. The unsigned later attribution at 07-020 should not override these signatures.
07-035	George Douglas Papers Folder 4- Correspondence.pdf	35	later identifying slip	1	0	initial AI visual reading of supplied scan	
07-036	George Douglas Papers Folder 4- Correspondence.pdf	36	manuscript	1	5	initial AI visual reading of supplied scan	First leaf of the April 2–3 letter, continuing 07-037–039. A few letters are clipped at the right edge. Letter No. 9 is written here as well as on the February letter; the source’s numbering is retained, not silently renumbered.
07-037	George Douglas Papers Folder 4- Correspondence.pdf	37	manuscript	1	0	initial AI visual reading of supplied scan	Continues 07-036, followed by 07-038. Statements about conscription, Lincoln’s intentions and prospects for peace are the writer’s contemporary understanding and opinion.
07-038	George Douglas Papers Folder 4- Correspondence.pdf	38	manuscript	2	0	initial AI visual reading of supplied scan	Continues 07-037, followed by 07-039. Land allocations are described as cultivation arrangements; this page alone does not establish legal ownership. Penee is the name as read and may be a short form.
07-039	George Douglas Papers Folder 4- Correspondence.pdf	39	manuscript	2	1	initial AI visual reading of supplied scan	Final leaf of April 2–3 letter. In the sentence about Graves, “can deny” is retained as read although “cannot deny” might be expected. The joke uses a difficult phrase read tentatively as counchie shoulder; no exact meaning or corrected wording is supplied. The next sentence names Evans in connection with the joke. The quotation runs along the lower and side margins.
07-040	George Douglas Papers Folder 4- Correspondence.pdf	40	later identifying slip	1	0	initial AI visual reading of supplied scan	
07-041	George Douglas Papers Folder 4- Correspondence.pdf	41	manuscript	1	5	initial AI visual reading of supplied scan	Beginning of Laura’s letter (signature at 07-047), physically inverted in scan. The lower portion is repeated and extended at 07-042. Reports about Lincoln and military movements are explicitly contemporary hearsay; the supposed killing of Lincoln in this January 1863 letter is a false rumor, not the later assassination. Names and the small numeral before Lancaster remain uncertain.
07-042	George Douglas Papers Folder 4- Correspondence.pdf	42	overlapping manuscript view	1	5	initial AI visual reading of supplied scan	Repeats the lower portion of 07-041 and adds the sentences about the horses. This is one letter, not a second report or independent witness. The sentence continues at 07-043.
07-043	George Douglas Papers Folder 4- Correspondence.pdf	43	manuscript	1	6	initial AI visual reading of supplied scan	Continues 07-042, with lower section repeated and extended at 07-044. Names at the parties and of one conscription resister are uncertain. The source reads tow life, likely intended as low life, but is preserved. Statements about enrollment and a proposed age limit are the writer’s reports, not a checked account of law.
07-044	George Douglas Papers Folder 4- Correspondence.pdf	44	overlapping manuscript view	1	2	initial AI visual reading of supplied scan	Repeats and extends the bottom of 07-043. “There will bread the” is the apparent wording at the edge; the syntax is incomplete, and the next scan starts “The country”. It is not silently repaired in the direct transcript.
07-045	George Douglas Papers Folder 4- Correspondence.pdf	45	manuscript	2	3	initial AI visual reading of supplied scan	Continues 07-044. Lower section repeated and extended at 07-046. Friday 30 replaces Thursday 30 in the date. The phrase “nothing way to get it” is retained as read; likely omitted wording is not supplied. Statements about Squire Orr’s sons are contemporary reports. “Cards” here are tools for preparing fibers for spinning.
07-046	George Douglas Papers Folder 4- Correspondence.pdf	46	overlapping manuscript view	1	1	initial AI visual reading of supplied scan	Repeats the lower section of 07-045 and supplies the end of this paragraph. The main letter’s closing is at 07-047.
07-047	George Douglas Papers Folder 4- Correspondence.pdf	47	manuscript	5	4	initial AI visual reading of supplied scan	Closing of Laura’s January 28–30 letter, followed by notes from Sue and Lizzie. The last note’s lower portion is repeated and extended at 07-048. Its final sentence then continues around this page’s margins. The names Phony and Phrony are both retained as written; no separate identity is inferred. Some initials and names remain tentative.
07-048	George Douglas Papers Folder 4- Correspondence.pdf	48	overlapping manuscript view	3	2	initial AI visual reading of supplied scan	Repeats the lower note from 07-047 and extends it. The line “O for his hopes were all vain” is the apparent wording but is syntactically awkward; no emendation is made. Marginal continuation is visible more fully at 07-047.
07-049	George Douglas Papers Folder 4- Correspondence.pdf	49	later identifying slip	1	1	initial AI visual reading of supplied scan	The final year digit on this later note resembles 9. The companion letter at 07-052 is dated January 26, 1863; the apparent disagreement is preserved, not silently corrected.
07-050	George Douglas Papers Folder 4- Correspondence.pdf	50	manuscript	1	2	initial AI visual reading of supplied scan	First leaf of Joda’s note, signed on 07-051, accompanying George’s January 26, 1863 letter. The cotton-work verb is faded. Yardage is read tentatively as 54 per bolt; compare George’s statement of over 100 yards of each material at 07-053. The sentence concerning washing out the stain is awkward and retained rather than repaired in the direct transcript.
07-051	George Douglas Papers Folder 4- Correspondence.pdf	51	manuscript	1	2	initial AI visual reading of supplied scan	Continuation and signature of 07-050. “Upwards of Sixty yds” does not explicitly say per bolt here; it is left as written. Prices are cents in the source, without specifying currency. “Stock” refers to the jointly purchased cloth in this context.
07-052	George Douglas Papers Folder 4- Correspondence.pdf	52	manuscript	1	1	initial AI visual reading of supplied scan	First leaf of George’s companion letter, signed on 07-053. “That” and “No. one” are the writer’s expressions and not identified here. The soap factory name is uncertain.
07-053	George Douglas Papers Folder 4- Correspondence.pdf	53	manuscript	1	4	initial AI visual reading of supplied scan	Concludes 07-052. Opening is faded and continues the question about military unit. The short phrase after Wax is uncertain. The text says over 100 yards of each material, while Joda’s account at 07-050–051 gives details whose exact quantities are uncertain; these are preserved separately. N. L. D. is a shipping mark, not expanded to an ownership claim.
07-054	George Douglas Papers Folder 4- Correspondence.pdf	54	later identifying slip	1	0	initial AI visual reading of supplied scan	
07-055	George Douglas Papers Folder 4- Correspondence.pdf	55	manuscript	1	3	initial AI visual reading of supplied scan	First page of a homecoming letter, continued and signed on 07-056. One travel stop is abbreviated or incomplete, and the unit/name in the last sentence is uncertain. The recipient and date agree with identifying slip 07-054.
07-056	George Douglas Papers Folder 4- Correspondence.pdf	56	manuscript	3	16	initial AI visual reading of supplied scan	Continuation of 07-055. Lower lines are heavily faded; an original embedded image and increased-contrast view were inspected, but several passages remain unreadable. Tentative phrases are not presented as secure readings. Later slip 07-054 identifies G. M. Beall. The Bible citation appears corrected from Romans to First Corinthians, chapter 3; no verse is supplied.
07-057	George Douglas Papers Folder 4- Correspondence.pdf	57	later identifying slip	1	0	initial AI visual reading of supplied scan	
07-058	George Douglas Papers Folder 4- Correspondence.pdf	58	manuscript	3	1	initial AI visual reading of supplied scan	Contains the end of Lizzie’s note and an added note signed Sue. The date February 15 is supplied by the identifying slip; the year 1863 appears as a corner annotation, and the connected receipt at 07-059 reads February 26, 1863. The statement that Father is sixty-two could support a February 15, 1801 birth date if this dating and the father’s identity are confirmed. It does not by itself identify his father or birthplace. The quoted sister Jane phrase is retained as read.
07-059	George Douglas Papers Folder 4- Correspondence.pdf	59	manuscript	2	0	initial AI visual reading of supplied scan	Marked Page 7th, continuing on 07-060. It belongs before the concluding notes at 07-058 in reading order; source scan order is retained in the page IDs. “Consumption” is explained by the continuation as a joke about eating, not a diagnosis.
07-060	George Douglas Papers Folder 4- Correspondence.pdf	60	manuscript	1	1	initial AI visual reading of supplied scan	Continues 07-059; followed in reading order by the concluding notes on 07-058. Harman/Harmon are retained as written. The account of his death is relayed through Mr. Crum’s letter from Charly, and the writer closes with an explicit qualification. Neither the money nor the journal is described as recovered.
07-061	George Douglas Papers Folder 4- Correspondence.pdf	61	later identifying slip	1	0	initial AI visual reading of supplied scan	The manuscript heading at 07-062 is tentatively read March 30th, whereas this later identifying slip says March 20. The two witnesses are not silently reconciled.
07-062	George Douglas Papers Folder 4- Correspondence.pdf	62	manuscript	1	7	initial AI visual reading of supplied scan	Letter No. 64, continued on 07-063. The autograph date appears to be March 30, while later slip 07-061 says March 20; the reading remains tentative. The opening cold-related sentences are faded. Military reports and the digest of Confederate measures are George’s account, not independently verified legal text. The phrase field hands refers here to enslaved laborers counted for an owner’s exemption. The final quantity and wording are uncertain.
07-063	George Douglas Papers Folder 4- Correspondence.pdf	63	manuscript	1	5	initial AI visual reading of supplied scan	Continuation of 07-062. The currency tax percentage is tentative in this faded handwriting. Commentary on civil liberties and government power is the writer’s opinion. Prisoners’ names and the correction from three to two men wearing large balls are preserved. “Old Mag” is not expanded to a specific person here. Final line is too faded for a reliable reading.
07-064	George Douglas Papers Folder 4- Correspondence.pdf	64	later identifying slip	1	0	initial AI visual reading of supplied scan	
07-065	George Douglas Papers Folder 4- Correspondence.pdf	65	manuscript	2	2	initial AI visual reading of supplied scan	Letter continues on 07-066–068. The final line is too faded to recover. “Tel” is the writer’s abbreviated newspaper reference. Military news and reported promises are his account, not independently verified facts.
07-066	George Douglas Papers Folder 4- Correspondence.pdf	66	manuscript	2	2	initial AI visual reading of supplied scan	Continuation of 07-065; sentence continues on 07-067. The first phrase appears to read “one or three”; it is not regularized to “two or three.” Duration of the barrel punishment and the final word/name are uncertain. “Paddies” is the writer’s derogatory term for Irish soldiers. All incidents are narrated from his perspective.
07-067	George Douglas Papers Folder 4- Correspondence.pdf	67	manuscript	2	1	initial AI visual reading of supplied scan	Continuation of 07-066. Opening syntax and the reading “carried” are uncertain; the family version flags this rather than silently repairing it. The comparison with an overseer explicitly invokes slavery. “Hard shell Baptist” is the writer’s religious comparison; no denominational identity is inferred for Warren.
07-068	George Douglas Papers Folder 4- Correspondence.pdf	68	manuscript	4	2	initial AI visual reading of supplied scan	Conclusion of January 11, 1864 letter, 07-065–068. Criticism of impressment, military losses, oaths, and newspaper reporting are George’s opinions. The name or pseudonym near the end and the phrase describing the proclamation remain uncertain. The letter does not establish the predicted casualty total as historical fact.
07-069	George Douglas Papers Folder 4- Correspondence.pdf	69	filing slip	1	0	initial AI visual reading of supplied scan	Later identifying slip; the letter follows on 07-070–073.
07-070	George Douglas Papers Folder 4- Correspondence.pdf	70	manuscript	2	13	initial AI visual reading of supplied scan	Main letter continues through 07-073. Heavy reversed show-through crosses the writing; several clauses remain unreadable even in enlarged native scan crops. Place name of the bay, some marching details, and letter number are uncertain. The letter is dated at Manhassett but describes a march to Calcasieu and a subsequent engagement; it does not place the whole battle at Manhassett.
07-071	George Douglas Papers Folder 4- Correspondence.pdf	71	manuscript	2	5	initial AI visual reading of supplied scan	Continuation of 07-070. Artillery commander’s spelling and some company designations are tentative. The tactical division and strength are reported by the writer. “Beeves” means cattle; “grape” means grapeshot.
07-072	George Douglas Papers Folder 4- Correspondence.pdf	72	manuscript	3	6	initial AI visual reading of supplied scan	Continuation of 07-071; main text continues on 07-073. Several phrases are awkward or obscured; they are not silently reconstructed. “Minny,” “minnie,” and “minies” refer here to rifle ammunition. Inverted upper-margin text concludes the letter after the inverted margin on 07-073. Casualty numbers are the writer’s provisional figures, not independently established totals.
07-073	George Douglas Papers Folder 4- Correspondence.pdf	73	manuscript	3	9	initial AI visual reading of supplied scan	Continuation of 07-072. The inverted upper margin precedes the inverted margin on 07-072, where George signs. This eyewitness account includes graphic descriptions of casualties. Names Sprinkle, Iglehart, Burrell, and one company designation are tentative. George explicitly distinguishes what he saw from what he thinks happened after a death. Gun and prisoner counts are his reported figures.
07-074	George Douglas Papers Folder 4- Correspondence.pdf	74	filing slip	1	0	initial AI visual reading of supplied scan	Later filing slip; letter follows.
07-075	George Douglas Papers Folder 4- Correspondence.pdf	75	manuscript	2	2	initial AI visual reading of supplied scan	Letter continues on 07-076. Letter number appears to be 77, matching the slip 07-074, but the final digit is not fully clear. The awkward sentence about vegetables and the writer’s technical description are preserved as read; neither is independently verified. Bottom line remains difficult.
07-076	George Douglas Papers Folder 4- Correspondence.pdf	76	manuscript	2	5	initial AI visual reading of supplied scan	Continuation of 07-075. Opening legal-business passage, the Lo Co label, and one reported army commander’s name are uncertain. “Belle Lettres” is the wording as read. The writer’s views of compulsory service and reports about military movements are retained as his statements.
07-077	George Douglas Papers Folder 4- Correspondence.pdf	77	filing slip	1	0	initial AI visual reading of supplied scan	Later filing slip. The question mark is on the slip; no year is supplied. The following letter mentions the captured Calcasieu vessels but is not given a certain year solely from this slip.
07-078	George Douglas Papers Folder 4- Correspondence.pdf	78	manuscript	2	8	initial AI visual reading of supplied scan	Continues on 07-079. Paper loss and ink interference obscure part of the clothing request. The year is unstated. Names and several phrases are tentative; the family text does not reconstruct them. “Drawers” means undergarments.
07-079	George Douglas Papers Folder 4- Correspondence.pdf	79	manuscript	2	1	initial AI visual reading of supplied scan	Conclusion of 07-078. The boats’ status, firing, and charges against Griffin are Bell’s reports. No year is written on these two pages. The phrase after “a few days” is obscured.
07-080	George Douglas Papers Folder 4- Correspondence.pdf	80	filing slip	1	1	initial AI visual reading of supplied scan	Later filing slip. The compressed surname appears to be Winniford; compare the clearer filing slip 07-085. The following letter signs only Rebecca.
07-081	George Douglas Papers Folder 4- Correspondence.pdf	81	manuscript	1	1	initial AI visual reading of supplied scan	Letter continues on 07-082–084 and is signed Rebecca. The reference to a reception or welcome is uncertain; the event and people involved are not identified on this page.
07-082	George Douglas Papers Folder 4- Correspondence.pdf	82	manuscript	2	1	initial AI visual reading of supplied scan	Continuation of 07-081. “United” and the hope that Norvell avoids military service are explicit; no additional political affiliation is inferred.
07-083	George Douglas Papers Folder 4- Correspondence.pdf	83	manuscript	2	2	initial AI visual reading of supplied scan	Continuation of 07-082. The name Fanny and following pronoun are faint. Roberson Rocket is transcribed as written without adding a second t or inferring kinship. The crop discussion continues on 07-084 and explicitly concerns enslaved people forcibly moved into the area.
07-084	George Douglas Papers Folder 4- Correspondence.pdf	84	manuscript	2	1	initial AI visual reading of supplied scan	Conclusion of 07-081–083. The reading “three hundred” is tentative and its referent is not established. The hiring out of enslaved people is described from the enslavers’ perspective in the manuscript; the family reading makes that status explicit.
07-085	George Douglas Papers Folder 4- Correspondence.pdf	85	filing slip	1	0	initial AI visual reading of supplied scan	Later filing slip; damaged letter follows on 07-086 onward.
07-086	George Douglas Papers Folder 4- Correspondence.pdf	86	manuscript	1	18	initial AI visual reading of supplied scan	Severely darkened and damaged sheet. Read from original and enlarged, contrast-adjusted/native scan views; gaps remain. Bracketed spans are not reconstructed from context. The letter begins 07-086, continues through 07-089, and is attributed to Rebecca by its signature and filing slip 07-085. The damaged date agrees in part with the slip’s February 21, 1864. The concluding criticism is legible, but several intervening clauses cannot be recovered.
07-087	George Douglas Papers Folder 4- Correspondence.pdf	87	manuscript	1	9	initial AI visual reading of supplied scan	Severely darkened and damaged sheet. Read from original and enlarged, contrast-adjusted/native scan views; gaps remain. Bracketed spans are not reconstructed from context. The letter begins 07-086, continues through 07-089, and is attributed to Rebecca by its signature and filing slip 07-085. Bill Walker and George Winniford are named as correspondents. “French furloughs” is tentative; in this context it refers to leaving without permission. Desertion and troop-location reports are secondhand.
07-088	George Douglas Papers Folder 4- Correspondence.pdf	88	manuscript	2	15	initial AI visual reading of supplied scan	Severely darkened and damaged sheet. Read from original and enlarged, contrast-adjusted/native scan views; gaps remain. Bracketed spans are not reconstructed from context. The letter begins 07-086, continues through 07-089, and is attributed to Rebecca by its signature and filing slip 07-085. These are Rebecca’s reports, not independently corroborated events. The murder account includes torture; the victim’s name is not readable or supplied. The mill passage is too damaged to interpret fully.
07-089	George Douglas Papers Folder 4- Correspondence.pdf	89	manuscript	2	11	initial AI visual reading of supplied scan	Severely darkened and damaged sheet. Read from original and enlarged, contrast-adjusted/native scan views; gaps remain. Bracketed spans are not reconstructed from context. The letter begins 07-086, continues through 07-089, and is attributed to Rebecca by its signature and filing slip 07-085. The opening gives competing attributions for the reported murder, one naming “Quantrels” men. It does not establish responsibility. “Grass widower” is the source’s description of Josh Pruitt and does not itself establish his legal marital history. The description of the three girls and affectionate closing are partly unreadable.
07-090	George Douglas Papers Folder 4- Correspondence.pdf	90	filing slip	1	0	initial AI visual reading of supplied scan	Later filing slip. The letter follows on 07-091 onward.
07-091	George Douglas Papers Folder 4- Correspondence.pdf	91	manuscript	1	0	initial AI visual reading of supplied scan	Letter continues on 07-092–094. The “sentiments” are praised but not spelled out here; do not infer a complete political position from this passage alone.
07-092	George Douglas Papers Folder 4- Correspondence.pdf	92	manuscript	2	0	initial AI visual reading of supplied scan	Continuation of 07-091. “Conquer” is left in its moral and personal context, rather than treated as a specific military victory.
07-093	George Douglas Papers Folder 4- Correspondence.pdf	93	manuscript	2	2	initial AI visual reading of supplied scan	Continuation of 07-092. Day of the added May entry is tentative. Dollar amounts are transcribed as written, not adjusted to modern purchasing power. “Broke” describes a trained animal.
07-094	George Douglas Papers Folder 4- Correspondence.pdf	94	manuscript	1	0	initial AI visual reading of supplied scan	Conclusion of 07-091–093. The reported deaths among Arkansas Post prisoners are expressly hearsay that Rebecca hopes is exaggerated; they are not established totals. “Gurlys” is retained as written.
07-095	George Douglas Papers Folder 4- Correspondence.pdf	95	envelope	2	1	initial AI visual reading of supplied scan	Unit abbreviation at lower left is uncertain. Adjacent to Rebecca’s May 1863 letter but no separate date is visible on this face.
07-096	George Douglas Papers Folder 4- Correspondence.pdf	96	filing slip	1	0	initial AI visual reading of supplied scan	Later filing slip. Letter follows.
07-097	George Douglas Papers Folder 4- Correspondence.pdf	97	manuscript	1	1	initial AI visual reading of supplied scan	Letter continues through 07-100. “Coz” may mean cousin, but the abbreviation is uncertain and does not establish a precise relationship.
07-098	George Douglas Papers Folder 4- Correspondence.pdf	98	manuscript	1	0	initial AI visual reading of supplied scan	Continuation of 07-097. The letter reports Brother Robinson’s religious interpretation; its historical and prophetic claims are not editorial conclusions.
07-099	George Douglas Papers Folder 4- Correspondence.pdf	99	manuscript	1	0	initial AI visual reading of supplied scan	Continuation of 07-098. Parentheses are in the source. Claims about the Pope, conscription and 1866 belong to the preacher’s reported interpretation and require independent historical evaluation.
07-100	George Douglas Papers Folder 4- Correspondence.pdf	100	manuscript	1	1	initial AI visual reading of supplied scan	Conclusion of 07-097–099. The quotation echoes Revelation 11:15. “Popery” is the writer’s derogatory term for Roman Catholicism, retained to represent the source’s religious prejudice. Final line is too faint for a secure reading.
07-101	George Douglas Papers Folder 4- Correspondence.pdf	101	filing slip	1	0	initial AI visual reading of supplied scan	Later filing slip; letter follows.
07-102	George Douglas Papers Folder 4- Correspondence.pdf	102	manuscript	1	0	initial AI visual reading of supplied scan	Letter continues on the following scans. “Make the eddy” is retained as written; in context she is considering whether she can manage the move, not announcing that it has occurred.
07-103	George Douglas Papers Folder 4- Correspondence.pdf	103	manuscript	1	0	initial AI visual reading of supplied scan	Continuation of 07-102. The source spells the place “Ft. Ewel.” “Dutchman” is the source’s term; a precise nationality is not established. The sentence about Rob and another man does not state their employment or legal status explicitly. The sum is copied, not valued in modern money.
07-104	George Douglas Papers Folder 4- Correspondence.pdf	104	manuscript	1	0	initial AI visual reading of supplied scan	Continuation of 07-103. These are Rebecca’s contemporary opinions and questions, not an editor’s account of military prospects.
07-105	George Douglas Papers Folder 4- Correspondence.pdf	105	manuscript	2	0	initial AI visual reading of supplied scan	Conclusion of 07-102–104. Reports of Price’s army and requisitions are attributed to what Rebecca hears. Her invitation concerns an anticipated adobe house; the letter does not establish that it was built.
07-106	George Douglas Papers Folder 4- Correspondence.pdf	106	filing slip	1	1	initial AI visual reading of supplied scan	Later slip. Writer’s initials are unclear here; the question mark after an initial appears on the slip. Manuscript follows. Place spelling is retained.
07-107	George Douglas Papers Folder 4- Correspondence.pdf	107	manuscript	1	2	initial AI visual reading of supplied scan	Continues on 07-108. Strong reversed show-through and dark areas obstruct some words. Original spelling retained. “Jeff Davis & Co.” is the writer’s colloquial reference; do not infer a private firm. Rates are per hundredweight as written, with Confederate money, specie and gold distinguished.
07-108	George Douglas Papers Folder 4- Correspondence.pdf	108	manuscript	1	1	initial AI visual reading of supplied scan	Conclusion of 07-107. Signature initials remain tentative. “Tweleve or ten” is retained in its original order. Danville is the visible place name; no location beyond the letter is inferred.
07-109	George Douglas Papers Folder 4- Correspondence.pdf	109	envelope and filing slip	2	3	initial AI visual reading of supplied scan	Large dark areas conceal portions of the address. The envelope annotation names Rebecca and Lizzie, while the later slip names Rebecca alone. Preserve this difference rather than assigning all following text exclusively to Rebecca.
07-110	George Douglas Papers Folder 4- Correspondence.pdf	110	manuscript	1	41	initial AI visual reading of supplied scan	Extensively darkened and damaged. Reading checked against full scan, native-resolution crops and contrast-flattened copies. Numerous line beginnings cannot be recovered. The writer of this part is not securely signed in the visible text; envelope names both Rebecca and Lizzie. Numerical and military reports are the letter’s statements, not independently verified totals.
07-111	George Douglas Papers Folder 4- Correspondence.pdf	111	manuscript	2	41	initial AI visual reading of supplied scan	Continuation of 07-110, with a second hand or distinct closing passage. Damage conceals many names and qualifications. These are contemporary allegations and reported rumors about theft, troops and cotton; they are not established facts. “Feds” is explained within the source as Union citizens. The final lines and any signature are not securely recoverable.
08-001	George Douglas Papers Folder 5 - Daybook of N.L. Douglas.pdf	1	repository cover	3	0	initial AI visual reading of supplied scan	Modern repository cover, not an original manuscript page.
08-002	George Douglas Papers Folder 5 - Daybook of N.L. Douglas.pdf	2	later identifying slip	2	0	initial AI visual reading of supplied scan	Later typed identification. These place associations do not establish a birthplace or the identity of his parents.
08-003	George Douglas Papers Folder 5 - Daybook of N.L. Douglas.pdf	3	inscribed cover and later note	4	5	initial AI visual reading of supplied scan	Several different later annotations are present. Their author and dates are not established. The lower lines are crowded and the last surname is not sufficiently clear to reconcile with the upper note. Do not use this cover alone to establish a full descent chain.
08-004	George Douglas Papers Folder 5 - Daybook of N.L. Douglas.pdf	4	account ledger	3	2	initial AI visual reading of supplied scan	Ledger amounts are copied as placed in the right column. The quantity in the first line is tentative; Ten Wine is the manuscript abbreviation and is not silently expanded. Some left-margin posting marks are omitted as nonverbal bookkeeping marks. No store ownership is established by these entries.
08-005	George Douglas Papers Folder 5 - Daybook of N.L. Douglas.pdf	5	account ledger	3	8	initial AI visual reading of supplied scan	Right and lower edges are torn; missing figures are not supplied by arithmetic. The small annotation on the Kennedy line is not confidently readable. Blank amount fields are distinguished from lost ones.
08-006	George Douglas Papers Folder 5 - Daybook of N.L. Douglas.pdf	6	account ledger	3	0	initial AI visual reading of supplied scan	The name Sera is reproduced as read, not identified. Apparent discrepancies between quantities, prices and totals are retained; no arithmetic correction is made.
08-007	George Douglas Papers Folder 5 - Daybook of N.L. Douglas.pdf	7	account ledger	3	3	initial AI visual reading of supplied scan	Amounts remain as written. The torn lower-right corner may have removed the final amount. Casinet is retained as written; the surname on the gloves entry is tentative.
08-008	George Douglas Papers Folder 5 - Daybook of N.L. Douglas.pdf	8	account ledger	4	3	initial AI visual reading of supplied scan	The first given name in the blankets entry and the name and commodity in the Black entry are uncertain. Some dates occur in the left margin; the succession is transcribed without inventing a date for every entry.
08-009	George Douglas Papers Folder 5 - Daybook of N.L. Douglas.pdf	9	account ledger	2	8	initial AI visual reading of supplied scan	The manuscript is pale in places. The first amount is overwritten. Some small explanatory words and the last commodity are uncertain; missing bottom-right amounts are not supplied. The Lovelace quantity and total are retained without arithmetic harmonization.
08-010	George Douglas Papers Folder 5 - Daybook of N.L. Douglas.pdf	10	account ledger	3	3	initial AI visual reading of supplied scan	Two hauling rates and the initials in the Dickinson line are unclear. The manuscript abbreviations Ten Wine and Qt are retained in the direct transcript. The name Sera is not independently identified.
08-011	George Douglas Papers Folder 5 - Daybook of N.L. Douglas.pdf	11	account ledger	3	9	initial AI visual reading of supplied scan	Numerals in several cloth entries are difficult to distinguish and do not consistently agree arithmetically with the totals. They are not corrected by calculation. The damaged right edge removes several figures. The word after Domestic is abbreviated and uncertain.
08-012	George Douglas Papers Folder 5 - Daybook of N.L. Douglas.pdf	12	account ledger	4	21	initial AI visual reading of supplied scan	The upper-left part of this reproduction is entirely white, cutting off names and beginnings of entries. This is recorded as loss in the supplied image without assuming the original leaf itself is missing. Isolated surviving fragments are retained. The heading visibly says January 22 while a later marginal date is read as 24th; the leaf remains in scan order.
08-013	George Douglas Papers Folder 5 - Daybook of N.L. Douglas.pdf	13	account ledger	3	13	initial AI visual reading of supplied scan	A large white area obscures the upper right of this reproduction. Entries are fragments until the lower part of the page. Names at the lower left are damaged. Posting strokes are not individually represented.
08-014	George Douglas Papers Folder 5 - Daybook of N.L. Douglas.pdf	14	account ledger	3	1	initial AI visual reading of supplied scan	Amounts are transcribed as written, including the cheese and flour totals. No calculation has been substituted. Posting strokes are omitted.
08-015	George Douglas Papers Folder 5 - Daybook of N.L. Douglas.pdf	15	account ledger	5	9	initial AI visual reading of supplied scan	The lower-right corner is damaged, and some totals are absent or cut away. A narrow strip of the facing page is visible at right; it is not repeated here. Posting strokes are omitted. The flour recipient and one surname are uncertain.
08-016	George Douglas Papers Folder 5 - Daybook of N.L. Douglas.pdf	16	account ledger	5	4	initial AI visual reading of supplied scan	The heading gives January 29; the later marginal 1st and 2nd are interpreted in the title as February. “Mon. Wky.” and “Wky.” are retained abbreviations, probably whiskey descriptions. Posting strokes are omitted.
08-017	George Douglas Papers Folder 5 - Daybook of N.L. Douglas.pdf	17	account ledger	4	11	initial AI visual reading of supplied scan	Losses at the right edge remove several amounts. “Dom.” probably abbreviates domestic cloth; “Bap.” is left unexpanded. One product description and an overwritten amount are unresolved. Posting strokes are omitted.
08-018	George Douglas Papers Folder 5 - Daybook of N.L. Douglas.pdf	18	account ledger	3	2	initial AI visual reading of supplied scan	Damage partially obscures Gowen’s surname. The surname read provisionally as Beclow requires comparison with other records. Posting strokes are omitted.
08-019	George Douglas Papers Folder 5 - Daybook of N.L. Douglas.pdf	19	account ledger	5	5	initial AI visual reading of supplied scan	The lower-right corner is damaged. Amounts follow the visible notation; fractions are not supplied where absent. Posting strokes are omitted.
08-020	George Douglas Papers Folder 5 - Daybook of N.L. Douglas.pdf	20	account ledger	5	2	initial AI visual reading of supplied scan	“F Brandy” is retained without an unsupported expansion. Posting strokes are omitted.
08-021	George Douglas Papers Folder 5 - Daybook of N.L. Douglas.pdf	21	account ledger	3	4	initial AI visual reading of supplied scan	A corrected cash amount is uncertain. The lower-right edge is damaged. Posting strokes are omitted.
08-022	George Douglas Papers Folder 5 - Daybook of N.L. Douglas.pdf	22	account ledger	4	4	initial AI visual reading of supplied scan	The wine description in the second entry remains uncertain. “to be chd.” is retained, probably “to be charged.” Figures visible on the facing page are not duplicated. Posting strokes are omitted.
08-023	George Douglas Papers Folder 5 - Daybook of N.L. Douglas.pdf	23	account ledger	3	6	initial AI visual reading of supplied scan	“Madn” is an abbreviated name or term left unexpanded. The scan includes a thread across Dickinson’s amount and damage at the lower-right edge. A spider is a historical cooking vessel. Posting strokes are omitted.
08-024	George Douglas Papers Folder 5 - Daybook of N.L. Douglas.pdf	24	account ledger	5	5	initial AI visual reading of supplied scan	The right edge clips the first two amounts; missing fractions are not supplied from expectation. Several lower entries are faint. Posting strokes are omitted.
08-025	George Douglas Papers Folder 5 - Daybook of N.L. Douglas.pdf	25	account ledger	6	8	initial AI visual reading of supplied scan	The lowest entries are extremely faint and the bottom-right corner is damaged. “Bridle Lathers” follows the visible spelling. Posting strokes are omitted.
08-026	George Douglas Papers Folder 5 - Daybook of N.L. Douglas.pdf	26	account ledger	4	2	initial AI visual reading of supplied scan	The source page number and lower-left name are clipped or faint. The surname Scarey and spelling Thomisons are retained as read. The cash-advance entries do not by themselves identify the keeper or ownership of the daybook. Posting strokes are omitted.
08-027	George Douglas Papers Folder 5 - Daybook of N.L. Douglas.pdf	27	account ledger	3	4	initial AI visual reading of supplied scan	Several totals differ from the apparent quantity multiplied by the rate; they are not recalculated. The lower-right edge is damaged. Posting strokes are omitted.
08-028	George Douglas Papers Folder 5 - Daybook of N.L. Douglas.pdf	28	account ledger	7	0	initial AI visual reading of supplied scan	The struck-through leather amount is retained as cancelled text. “Soal” follows the apparent spelling. Posting strokes are omitted.
08-029	George Douglas Papers Folder 5 - Daybook of N.L. Douglas.pdf	29	account ledger	5	4	initial AI visual reading of supplied scan	The first quantity is partly inked over; its reading remains tentative. The last amount is lost at the damaged edge. “Thundermug” is the original term for a chamber pot. Posting strokes are omitted.
08-030	George Douglas Papers Folder 5 - Daybook of N.L. Douglas.pdf	30	account ledger	6	1	initial AI visual reading of supplied scan	Some commodity abbreviations are retained. The ginger amount is overwritten or ink-blotted. Posting strokes are omitted.
08-031	George Douglas Papers Folder 5 - Daybook of N.L. Douglas.pdf	31	account ledger	5	2	initial AI visual reading of supplied scan	The bottom-right amounts are damaged. “Market Woman” identifies an unnamed recipient in the account; no identity or relationship is inferred. Posting strokes are omitted.
08-032	George Douglas Papers Folder 5 - Daybook of N.L. Douglas.pdf	32	account ledger	6	1	initial AI visual reading of supplied scan	The heading reads April 15 although some marginal dates are 14; source order is retained. The first name in the last entry is partly damaged. Posting strokes are omitted.
08-033	George Douglas Papers Folder 5 - Daybook of N.L. Douglas.pdf	33	account ledger	7	1	initial AI visual reading of supplied scan	Entries remain in source order, including the marginal 18 after the heading 19. Paid cancellation strokes are distinguished from doubtful text. The last amount is lost. Posting ticks are omitted.
08-034	George Douglas Papers Folder 5 - Daybook of N.L. Douglas.pdf	34	account ledger	14	2	initial AI visual reading of supplied scan	The first item explicitly cites April 9, 1829. Entries and marginal dates are retained in source order rather than rearranged chronologically. One cancelled line is unreadable. “Whildress” is the name as read; it has not been silently changed to Childress. Posting ticks are omitted.
08-035	George Douglas Papers Folder 5 - Daybook of N.L. Douglas.pdf	35	account ledger	7	5	initial AI visual reading of supplied scan	The final amounts are lost at the torn lower-right corner. A cancelled transfer is transcribed only to the extent readable. Product initials are left unexpanded. Posting ticks are omitted.
08-036	George Douglas Papers Folder 5 - Daybook of N.L. Douglas.pdf	36	account ledger	6	1	initial AI visual reading of supplied scan	“Whisker” appears as written and is not silently changed to whiskey. The tallow quantity and amount are retained despite an apparent arithmetic discrepancy. Posting ticks are omitted.
08-037	George Douglas Papers Folder 5 - Daybook of N.L. Douglas.pdf	37	account ledger	7	4	initial AI visual reading of supplied scan	The page changes hand around the July entries. Dickerson’s first name is obscured by a heavy cancellation or blot; it is not supplied from the earlier Dickinson entries. The wording concerning oats and the marginal date by needles are uncertain. Posting ticks are omitted.
08-038	George Douglas Papers Folder 5 - Daybook of N.L. Douglas.pdf	38	account ledger	4	1	initial AI visual reading of supplied scan	An ink blot obscures part of the glass-item description. “Shavg” is an abbreviation, likely shaving. The salt figures appear to show gross weight, deduction, and net weight, but are retained as written. Posting ticks are omitted.
08-039	George Douglas Papers Folder 5 - Daybook of N.L. Douglas.pdf	39	account ledger	3	2	initial AI visual reading of supplied scan	No date is visible on this page. Huggins’s abbreviated given name is uncertain, though the firm name and N. L. Douglas are clear. These are business accounts, not statements of kinship. Figures and arithmetic are retained as written.
08-040	George Douglas Papers Folder 5 - Daybook of N.L. Douglas.pdf	40	account ledger	2	4	initial AI visual reading of supplied scan	Many lines have posting marks or crosses, not reproduced individually. Explicit “paid” notes are retained. Several lower-right amounts are damaged. The heading establishes an allocation of business receivables.
08-041	George Douglas Papers Folder 5 - Daybook of N.L. Douglas.pdf	41	account ledger	5	0	initial AI visual reading of supplied scan	The marginal due date is placed adjacent to the second group of notes. Several names may require external identification; spellings here follow the image. “Rept” is an abbreviated word, probably receipt. Posting marks are omitted; totals are not recalculated.
08-042	George Douglas Papers Folder 5 - Daybook of N.L. Douglas.pdf	42	account ledger	3	3	initial AI visual reading of supplied scan	The carried-forward amount is retained as written; continuity with the preceding groups is not mathematically reconstructed. Some names remain uncertain. Posting marks are omitted.
08-043	George Douglas Papers Folder 5 - Daybook of N.L. Douglas.pdf	43	account ledger	3	0	initial AI visual reading of supplied scan	The settlement statement and names are clear. The presence of the names on this page is described without a separate authentication of signatures. The rest of the page is blank.
08-044	George Douglas Papers Folder 5 - Daybook of N.L. Douglas.pdf	44	account ledger	6	0	initial AI visual reading of supplied scan	The marginal due date is adjacent to the second group. Spellings of names are retained as read, without assuming they are all relatives. “Rept” is probably receipt. Posting marks are omitted; figures are not recalculated.
08-045	George Douglas Papers Folder 5 - Daybook of N.L. Douglas.pdf	45	account ledger	2	7	initial AI visual reading of supplied scan	The bottom-right amounts and some paid or corrected figures are faded. Explicit payment annotations are retained; uncertain crossed-out totals are not silently resolved. The continuation carries forward 354.95, but that amount is not supplied into the damaged line here.
08-046	George Douglas Papers Folder 5 - Daybook of N.L. Douglas.pdf	46	account ledger	3	0	initial AI visual reading of supplied scan	Original spelling and amounts are retained. Posting strokes are omitted, but explicit paid notes are included. The settlement names have not been separately authenticated as signatures.
08-047	George Douglas Papers Folder 5 - Daybook of N.L. Douglas.pdf	47	account ledger	4	1	initial AI visual reading of supplied scan	The book jumps from the 1830 settlement to later entries. Two cancelled or crossing strokes over the earlier receipts are visible; the text is retained. The surname Lemon is provisional.
08-048	George Douglas Papers Folder 5 - Daybook of N.L. Douglas.pdf	48	account ledger	4	0	initial AI visual reading of supplied scan	The settlement sentence ends without a date on this scan. “Rept” and “assr” are retained abbreviations. The garnishment line is transcribed without inferring whose estate or judgment it concerned.
08-049	George Douglas Papers Folder 5 - Daybook of N.L. Douglas.pdf	49	receipts and calculations	3	7	initial AI visual reading of supplied scan	The right edge clips the date of the first receipt. Several top calculations are unclear and are represented only as readable sequences, without invented operators. The first amount, year, officer’s abbreviation, and second signature remain provisional.
08-050	George Douglas Papers Folder 5 - Daybook of N.L. Douglas.pdf	50	land and tax account	6	1	initial AI visual reading of supplied scan	The leading year is overwritten or unclear. Place names and acreage follow the manuscript, including McClellan and 4605; they have not been standardized or corrected from external geography. The final deposit line is a separate entry.
08-051	George Douglas Papers Folder 5 - Daybook of N.L. Douglas.pdf	51	tax receipts	2	1	initial AI visual reading of supplied scan	The upper receipt includes a half-cent; the lower receipt’s body gives 55/100 but the amount banner has a faint extra mark. These are retained without harmonizing them. “Robertson” fills the printed District field.
08-052	George Douglas Papers Folder 5 - Daybook of N.L. Douglas.pdf	52	tax receipts	3	2	initial AI visual reading of supplied scan	The principal named after “agent for” is faint and uncertain. A headright abbreviation, HR, is retained; no extra acreage is inferred. The three forms have different receipt numbers.
08-053	George Douglas Papers Folder 5 - Daybook of N.L. Douglas.pdf	53	tax receipts	4	17	initial AI visual reading of supplied scan	Four receipts occupy this scan. The first is clipped on the right; several signatures and a principal’s name are uncertain. On the Confederate receipt, the numeric banner appears to say 22.59 whereas the words appear to say Twenty one 59/100. This discrepancy is preserved.
08-054	George Douglas Papers Folder 5 - Daybook of N.L. Douglas.pdf	54	account ledger	4	7	initial AI visual reading of supplied scan	The pasted receipt conceals ledger descriptions; only their right-hand amounts survive. The receipt’s amount and several entries are very faint. Visible text is preserved without trying to reconstruct what lies underneath. Posting ticks are omitted.
08-055	George Douglas Papers Folder 5 - Daybook of N.L. Douglas.pdf	55	account ledger	3	13	initial AI visual reading of supplied scan	Two pasted receipts obscure much of the older ledger. The lower receipt’s payer and last handwritten date digit are uncertain; the printed tax year is 1868. It names N. L. Douglas in the assessor-and-collector signature area. Posting ticks are omitted.
08-056	George Douglas Papers Folder 5 - Daybook of N.L. Douglas.pdf	56	tax receipt	4	2	initial AI visual reading of supplied scan	The wide receipt is legible overall; one extra figure is placed in a column otherwise used for town-lot frontier-bond tax. It is transcribed by position, not reassigned to force agreement with the total. The signer’s first abbreviation is uncertain.
08-057	George Douglas Papers Folder 5 - Daybook of N.L. Douglas.pdf	57	account ledger	2	9	initial AI visual reading of supplied scan	A white inserted sheet covers the left margin and some initial letters. Recognizable names are not silently restored where letters are hidden. The year is not visible on this page. Posting strokes are omitted.
08-058	George Douglas Papers Folder 5 - Daybook of N.L. Douglas.pdf	58	tax receipts over ledger	3	7	initial AI visual reading of supplied scan	Both pasted forms obscure older ledger descriptions. The school-tax rate and month, and the estate abbreviation on the lower form, need checking. Printed statutory language is retained as part of the historical receipt, not as a current legal statement.
08-059	George Douglas Papers Folder 5 - Daybook of N.L. Douglas.pdf	59	tax receipts	2	4	initial AI visual reading of supplied scan	The left edge is damaged. Several cents figures may read 78 but require confirmation. Blank form fields are indicated where relevant; empty rows are not repeated. Printed legal references are historical form text.
08-060	George Douglas Papers Folder 5 - Daybook of N.L. Douglas.pdf	60	tax receipts	2	0	initial AI visual reading of supplied scan	The state-tax amount is written high in the column, beside the poll-tax heading rather than the ad-valorem line. Its position is preserved rather than treating it as proof of a poll-tax liability.
08-061	George Douglas Papers Folder 5 - Daybook of N.L. Douglas.pdf	61	tax receipts	2	5	initial AI visual reading of supplied scan	The upper payment date and both signatures are faint. The bracketed county-tax amounts are not assigned to individual printed subcategories. Blank tax fields and empty table rows are not repeated.
08-062	George Douglas Papers Folder 5 - Daybook of N.L. Douglas.pdf	62	tax receipts	2	2	initial AI visual reading of supplied scan	The collector’s signature is provisionally read. The named taxpayer and the person making payment are kept distinct. Empty table rows are not repeated.
08-063	George Douglas Papers Folder 5 - Daybook of N.L. Douglas.pdf	63	tax receipts	2	2	initial AI visual reading of supplied scan	Printed forms with handwritten entries. Table fields are presented as labeled text. Unfilled certificate, survey-number, town-lot and poll-tax fields are omitted; no amounts are supplied for them. Receipt-number slashes are preserved. Uncertain readings are explicitly marked.
08-064	George Douglas Papers Folder 5 - Daybook of N.L. Douglas.pdf	64	tax receipts	2	3	initial AI visual reading of supplied scan	Printed forms with handwritten entries. Table fields are presented as labeled text. Unfilled certificate, survey-number, town-lot and poll-tax fields are omitted; no amounts are supplied for them. Receipt-number slashes are preserved. Uncertain readings are explicitly marked.
08-065	George Douglas Papers Folder 5 - Daybook of N.L. Douglas.pdf	65	tax receipts	2	4	initial AI visual reading of supplied scan	Printed forms with handwritten entries. Table fields are presented as labeled text. Unfilled certificate, survey-number, town-lot and poll-tax fields are omitted; no amounts are supplied for them. Receipt-number slashes are preserved. Uncertain readings are explicitly marked.
08-066	George Douglas Papers Folder 5 - Daybook of N.L. Douglas.pdf	66	tax receipts	2	4	initial AI visual reading of supplied scan	Printed forms with handwritten entries. Table fields are presented as labeled text. Unfilled certificate, survey-number, town-lot and poll-tax fields are omitted; no amounts are supplied for them. Receipt-number slashes are preserved. Uncertain readings are explicitly marked.
08-067	George Douglas Papers Folder 5 - Daybook of N.L. Douglas.pdf	67	tax receipts	1	1	initial AI visual reading of supplied scan	Printed forms with handwritten entries. Table fields are presented as labeled text. Unfilled certificate, survey-number, town-lot and poll-tax fields are omitted; no amounts are supplied for them. Receipt-number slashes are preserved. Uncertain readings are explicitly marked.
08-068	George Douglas Papers Folder 5 - Daybook of N.L. Douglas.pdf	68	tax receipts	1	1	initial AI visual reading of supplied scan	Printed forms with handwritten entries. Table fields are presented as labeled text. Unfilled certificate, survey-number, town-lot and poll-tax fields are omitted; no amounts are supplied for them. Receipt-number slashes are preserved. Uncertain readings are explicitly marked.
08-069	George Douglas Papers Folder 5 - Daybook of N.L. Douglas.pdf	69	tax receipts	1	1	initial AI visual reading of supplied scan	Printed forms with handwritten entries. Table fields are presented as labeled text. Blank certificate, survey-number, town-lot and poll-tax fields are omitted. Slashes within receipt numbers are retained. 
08-070	George Douglas Papers Folder 5 - Daybook of N.L. Douglas.pdf	70	tax receipts	1	1	initial AI visual reading of supplied scan	Printed forms with handwritten entries. Table fields are presented as labeled text. Blank certificate, survey-number, town-lot and poll-tax fields are omitted. Slashes within receipt numbers are retained. 
08-071	George Douglas Papers Folder 5 - Daybook of N.L. Douglas.pdf	71	tax receipts	2	2	initial AI visual reading of supplied scan	Printed forms with handwritten entries. Table fields are presented as labeled text. Blank certificate, survey-number, town-lot and poll-tax fields are omitted. Slashes within receipt numbers are retained. 
08-072	George Douglas Papers Folder 5 - Daybook of N.L. Douglas.pdf	72	tax receipts	2	2	initial AI visual reading of supplied scan	Printed forms with handwritten entries. Table fields are presented as labeled text. Blank certificate, survey-number, town-lot and poll-tax fields are omitted. Slashes within receipt numbers are retained. Both receipts are headed Form 1. The county field is printed County ad Valorem.
08-073	George Douglas Papers Folder 5 - Daybook of N.L. Douglas.pdf	73	tax receipts	2	3	initial AI visual reading of supplied scan	Printed forms with handwritten entries. Table fields are presented as labeled text. Blank certificate, survey-number, town-lot and poll-tax fields are omitted. Slashes within receipt numbers are retained. Both receipts are headed FORM 1. The county field is printed County ad Valorem. The state tax on the upper receipt is overwritten and uncertain.
08-074	George Douglas Papers Folder 5 - Daybook of N.L. Douglas.pdf	74	tax receipts	2	2	initial AI visual reading of supplied scan	Printed forms with handwritten entries. Table fields are presented as labeled text. Blank certificate, survey-number, town-lot and poll-tax fields are omitted. Slashes within receipt numbers are retained. Both receipts are headed FORM 1. “Est of” is read as estate of; it is not an exact death date.
08-075	George Douglas Papers Folder 5 - Daybook of N.L. Douglas.pdf	75	tax receipts	2	4	initial AI visual reading of supplied scan	Printed forms with handwritten entries. Table fields are presented as labeled text. Blank certificate, survey-number, town-lot and poll-tax fields are omitted. Slashes within receipt numbers are retained. Both receipts are headed FORM 1. Upper total and lower receipt number are indistinct; both are preserved as uncertain. “Est” abbreviates estate.
08-076	George Douglas Papers Folder 5 - Daybook of N.L. Douglas.pdf	76	tax receipts	2	4	initial AI visual reading of supplied scan	Printed forms with handwritten entries. Table fields are presented as labeled text. Blank certificate, survey-number, town-lot and poll-tax fields are omitted. Slashes within receipt numbers are retained. Both receipts are headed FORM 1.
08-077	George Douglas Papers Folder 5 - Daybook of N.L. Douglas.pdf	77	tax receipts	2	2	initial AI visual reading of supplied scan	Printed forms with handwritten entries. Table fields are presented as labeled text. Blank certificate, survey-number, town-lot and poll-tax fields are omitted. Slashes within receipt numbers are retained. Both receipts are headed FORM 1. Upper assessed value is partly at the edge of the receipt.
08-078	George Douglas Papers Folder 5 - Daybook of N.L. Douglas.pdf	78	tax receipts	1	5	initial AI visual reading of supplied scan	Printed forms with handwritten entries. Table fields are presented as labeled text. Blank certificate, survey-number, town-lot and poll-tax fields are omitted. Slashes within receipt numbers are retained. Form 1. Two separate land rows show 100 and 30 acres, each under abstract 829, the second using ditto marks for A. J. Porter. The final tax-year digit is unfilled; the payment date is 1891. Tax components are faint and not reconstructed from the total.
08-079	George Douglas Papers Folder 5 - Daybook of N.L. Douglas.pdf	79	tax receipt	1	1	initial AI visual reading of supplied scan	Printed form with handwritten entries; unfilled table cells and tax categories omitted.
08-080	George Douglas Papers Folder 5 - Daybook of N.L. Douglas.pdf	80	tax receipts	2	4	initial AI visual reading of supplied scan	County heading is faint. Unfilled certificate, survey, town-lot and tax-category fields omitted. Lower payment date is a stamp; the manuscript date field is unfilled.
08-081	George Douglas Papers Folder 5 - Daybook of N.L. Douglas.pdf	81	tax receipts	2	3	initial AI visual reading of supplied scan	Printed forms with handwritten entries. Table fields are presented as labeled text; blank town-lot, survey-number, poll-tax and other tax-category fields omitted. Receipt-number slashes retained. Lower value and signature are faint.
08-082	George Douglas Papers Folder 5 - Daybook of N.L. Douglas.pdf	82	tax receipts	2	3	initial AI visual reading of supplied scan	Printed forms with handwritten entries. Table fields are presented as labeled text; blank town-lot, survey-number, poll-tax and other tax-category fields omitted. Receipt-number slashes retained. Upper county heading is unfilled and date is stamped; the lower county heading is stamped ELLIS. Ellis in the upper closing designation is faint.
08-083	George Douglas Papers Folder 5 - Daybook of N.L. Douglas.pdf	83	tax receipts	2	6	initial AI visual reading of supplied scan	Printed forms with handwritten entries. Table fields are presented as labeled text; blank town-lot, survey-number, poll-tax and other tax-category fields omitted. Receipt-number slashes retained. Edges of underlying receipts visible at left are covered and not retranscribed. Upper tax components are retained as read even where inconsistent. Lower collector county field is blank. Small 688 is a printed form number.
08-084	George Douglas Papers Folder 5 - Daybook of N.L. Douglas.pdf	84	tax receipts	2	3	initial AI visual reading of supplied scan	Printed forms with handwritten entries. Table fields are presented as labeled text; blank town-lot, survey-number, poll-tax and other tax-category fields omitted. Receipt-number slashes retained. Upper tax-year final digit is faint. Both signatures read Billie Bratcher tentatively. Parts of adjacent receipts visible at the left repeat the preceding scan and are not retranscribed.
08-085	George Douglas Papers Folder 5 - Daybook of N.L. Douglas.pdf	85	tax receipts	2	8	initial AI visual reading of supplied scan	Printed forms with handwritten entries. Table fields are presented as labeled text; blank town-lot, survey-number, poll-tax and other tax-category fields omitted. Receipt-number slashes retained. Tax dates are stamped; manuscript date lines are unfilled. Top year digit and stamped dates are partly indistinct. A faint pencil calculation under the lower receipt is retained without interpreting its purpose. The lower county field is stamped Ellis.
08-086	George Douglas Papers Folder 5 - Daybook of N.L. Douglas.pdf	86	tax receipts	2	3	initial AI visual reading of supplied scan	Printed forms with handwritten entries. Table fields are presented as labeled text; blank town-lot, survey-number, poll-tax and other tax-category fields omitted. Receipt-number slashes retained. Upper tax-year final digit is unfilled; 1905 comes from the payment stamp. Printed form identifiers are retained. “Pd.” means paid.
08-087	George Douglas Papers Folder 5 - Daybook of N.L. Douglas.pdf	87	tax receipts	2	6	initial AI visual reading of supplied scan	Printed forms with handwritten entries. Table fields are presented as labeled text; blank town-lot, survey-number, poll-tax and other tax-category fields omitted. Receipt-number slashes retained. Receipts under the pasted sheet are obscured; exposed edges repeat the preceding scan. Lower collector signature and date stamp are very faint.
08-088	George Douglas Papers Folder 5 - Daybook of N.L. Douglas.pdf	88	tax receipts	2	3	initial AI visual reading of supplied scan	Printed forms with handwritten entries. Table fields are presented as labeled text; blank town-lot, survey-number, poll-tax and other tax-category fields omitted. Receipt-number slashes retained. The 1910 receipt includes an additional County Special charge of 2.59 with an uncertain handwritten designation. The upper county heading is unfilled, but the collector designation says Ellis. The month/day notation of the upper receipt is incomplete.
08-089	George Douglas Papers Folder 5 - Daybook of N.L. Douglas.pdf	89	account of notes and livestock	3	0	initial AI visual reading of supplied scan	The writer is not named on this page. The statement concerns assets belonging to G. A. Sublett held or collected for him. Asterisks refer to the note “ballances due.” The canceled due date is incomplete.
08-090	George Douglas Papers Folder 5 - Daybook of N.L. Douglas.pdf	90	account ledger	2	1	initial AI visual reading of supplied scan	Counts at the top and weights below are separate blocks. “Buffaloe” is inserted over fish. B and cat likely distinguish buffalo fish and catfish, but the abbreviations are preserved. An entry number is canceled. The fraction after 142 is uncertain.
08-091	George Douglas Papers Folder 5 - Daybook of N.L. Douglas.pdf	91	travel memorandum and account	2	0	initial AI visual reading of supplied scan	The year is read as 1846; “Monday” and “Oct. 21st” are retained without calendar correction. The writer is unnamed. “Brother” and “your son” occur in the James Fleming account and are not assigned to the Douglas family.
08-092	George Douglas Papers Folder 5 - Daybook of N.L. Douglas.pdf	92	account and draft statement	2	1	initial AI visual reading of supplied scan	Page is torn at the top. The lower draft is faint; enhanced diagnostic crop was checked. The draft’s author, recipient and date are not identified here. “M. E.” is retained as written.
08-093	George Douglas Papers Folder 5 - Daybook of N.L. Douglas.pdf	93	account ledger	2	7	initial AI visual reading of supplied scan	The page is torn at the top. Lower text is independently oriented, very faint, and was examined after rotation and contrast adjustment. It is not confidently readable beyond the fragments given. Upper amounts lack an explicit currency label.
08-094	George Douglas Papers Folder 5 - Daybook of N.L. Douglas.pdf	94	letter, first page	3	5	initial AI visual reading of supplied scan	Continues on 08-095, signed Sarah E. Barr. Year and addressee initial are uncertain. The place written across two lines as Raugherford probably means Rutherford, but is not normalized in the direct transcript. “Douglap” represents the visible spelling/terminal letterform, likely intended as Douglass.
08-095	George Douglas Papers Folder 5 - Daybook of N.L. Douglas.pdf	95	letter, second page	4	3	initial AI visual reading of supplied scan	Continuation of 08-094. Marriage-news names and one clause are unclear; the ambiguous second Harriet reference is not silently reconciled. A repeated “tell” is retained.
08-096	George Douglas Papers Folder 5 - Daybook of N.L. Douglas.pdf	96	letter, first page	2	0	initial AI visual reading of supplied scan	Continues on 08-097 and 08-098, signed Hicks. Insertion is placed after the letter date. Reports of health, deaths and prices are the writer’s contemporary claims, not independently verified statistics.
08-097	George Douglas Papers Folder 5 - Daybook of N.L. Douglas.pdf	97	letter, second page	4	1	initial AI visual reading of supplied scan	Continuation of 08-096. Historical racial terminology is retained in the direct transcript. The inheritance dispute concerns enslaved people and their children; the family reading states this explicitly. Wm Harrison’s name is uncertain. The phrase around “Abate” is difficult and should be checked against the image before identifying the person. “Has not” is repeated in the source.
08-098	George Douglas Papers Folder 5 - Daybook of N.L. Douglas.pdf	98	letter, third page	2	1	initial AI visual reading of supplied scan	Continuation and conclusion of 08-096–097. Opening refers to the man discussed at the close of 08-097. “Kind folks” is retained; it appears to mean kinfolk. Signature initials are not fully secure.
08-099	George Douglas Papers Folder 5 - Daybook of N.L. Douglas.pdf	99	letter wrapper and postscripts	3	1	initial AI visual reading of supplied scan	Wrapper appears to belong with the following letter dated October 16, 1849. Sideways and upside-down text was checked in rotated crops. Signature is provisional. Bleed-through from the reverse is not duplicated. A closer crop and comparison with the independently read signature on 08-106 favor L. Jetton over the discarded initial guess J. Bass.
08-100	George Douglas Papers Folder 5 - Daybook of N.L. Douglas.pdf	100	letter, first page	2	2	initial AI visual reading of supplied scan	Continues on 08-101 and 08-102. Wrapper 08-099 may identify the writer, but signature remains provisional. A damaged exception clause is marked. Rebeca is the writer’s spelling. “Daughters” is plural as read; Mary is named later.
08-101	George Douglas Papers Folder 5 - Daybook of N.L. Douglas.pdf	101	letter, second page	3	1	initial AI visual reading of supplied scan	Continuation of 08-100. The account of a killing and claimed self-defense is attributed to the writer and Sam; it is not an adjudicated conclusion here. Initial/name before Orr and the phrase “family sicity” are uncertain. Last sentence continues on 08-102.
08-102	George Douglas Papers Folder 5 - Daybook of N.L. Douglas.pdf	102	letter, third page	3	6	initial AI visual reading of supplied scan	Continuation of 08-100–101. The opening continues the land-sale discussion; wording before “made for a division” is absent on the preceding page. A difficult remark concerning Geasling is left uncertain. Several names and the geographic abbreviation near death counts require review. Bottom line is cropped.
08-103	George Douglas Papers Folder 5 - Daybook of N.L. Douglas.pdf	103	letter wrapper	1	1	initial AI visual reading of supplied scan	Address panel must be rotated to read. Repeated address lines are distinct writing, not reverse-side bleed-through. Appears to accompany the January 26, 1854 letter beginning on 08-104; the year is not legible in this panel.
08-104	George Douglas Papers Folder 5 - Daybook of N.L. Douglas.pdf	104	letter, first page	2	0	initial AI visual reading of supplied scan	Continues on 08-105. The name Orlea and several initials may benefit from comparison with the continuation. “Jacks” is retained; it commonly denotes male donkeys in this context, but the page does not define the term.
08-105	George Douglas Papers Folder 5 - Daybook of N.L. Douglas.pdf	105	letter, second page	3	1	initial AI visual reading of supplied scan	Continuation of 08-104; signed Lewis Jetton on 08-106. “Sheep Skin” refers in context to a college diploma. The cousin’s name is uncertain. Commercial amounts are not reinterpreted as land ownership.
08-106	George Douglas Papers Folder 5 - Daybook of N.L. Douglas.pdf	106	letter, third page	3	0	initial AI visual reading of supplied scan	Concludes 08-104–105. Name Hally is read as written and may need further identification. “Purging himself” is the visible wording; the legal meaning is uncertain, possibly intended as perjuring himself. The reported defendant is called Rucker here and is not silently equated with Richardson in the Hicks letter.
08-107	George Douglas Papers Folder 5 - Daybook of N.L. Douglas.pdf	107	letter fragment, first side	1	0	initial AI visual reading of supplied scan	Sideways fragment rotated for reading. Continues on 08-108, signed Susan A. Naylor. “Hole” is retained as written, apparently intended as whole. Allegations are the writer’s report of what Sam Davis told her.
08-108	George Douglas Papers Folder 5 - Daybook of N.L. Douglas.pdf	108	letter fragment, second side	1	1	initial AI visual reading of supplied scan	Continuation of 08-107. Sideways writing rotated for reading. “Limitation law” is the writer’s wording; no legal conclusion is asserted by the edition.
08-109	George Douglas Papers Folder 5 - Daybook of N.L. Douglas.pdf	109	letter, first page	1	1	initial AI visual reading of supplied scan	Continues on 08-110. “Bro” may be a religious or social form of address and is not treated as proof of a biological sibling relationship. “Wid” expands to widow.
08-110	George Douglas Papers Folder 5 - Daybook of N.L. Douglas.pdf	110	letter, second page	1	0	initial AI visual reading of supplied scan	Continuation of 08-109. Fanny and Fannie both occur. The author asks for consultation and information; this is a proposed move, not proof it happened.
08-111	George Douglas Papers Folder 5 - Daybook of N.L. Douglas.pdf	111	letter, third page	2	4	initial AI visual reading of supplied scan	Continuation of 08-109–110, dated July 29, 1868. The faint top line cannot be securely read. County and initials remain provisional. The church place is abbreviated W Chester after Winchester earlier in the paragraph.
08-112	George Douglas Papers Folder 5 - Daybook of N.L. Douglas.pdf	112	letter postscript	2	3	initial AI visual reading of supplied scan	Concludes 08-109–111. The word “convalescents” appears clearly but its intended reference is not explained. The final enclosure note is difficult; its name, title and syntax are not reconstructed. Units for the quoted crop prices are not stated.
08-113	George Douglas Papers Folder 5 - Daybook of N.L. Douglas.pdf	113	letter, first page	2	1	initial AI visual reading of supplied scan	Continues 08-114–116; signature tentatively James H. C. McKinny, M.D. Date year written 51. Historical racial language is retained in this direct transcript. The possessive description of Rob indicates probable enslaved status, but gives no age or surname.
08-114	George Douglas Papers Folder 5 - Daybook of N.L. Douglas.pdf	114	letter, second page	3	3	initial AI visual reading of supplied scan	Continuation of 08-113. College spelling and the Senate candidate’s surname are uncertain; not silently corrected from historical expectations. The writer’s political opinions are transcribed as opinions.
08-115	George Douglas Papers Folder 5 - Daybook of N.L. Douglas.pdf	115	letter, third page	3	0	initial AI visual reading of supplied scan	Continuation of 08-113–114. Road and railway dates are expectations expressed in April 1851, not independently verified completion dates. “Internal improvement” concerns transport infrastructure here.
08-116	George Douglas Papers Folder 5 - Daybook of N.L. Douglas.pdf	116	letter, fourth page	4	4	initial AI visual reading of supplied scan	Concludes 08-113–115. The physician’s signature, married surname of Mary Baird and postscript wording are provisional. Family relationships of “Uncle Henry” and Hiram are not specified.
08-117	George Douglas Papers Folder 5 - Daybook of N.L. Douglas.pdf	117	letter, first page	4	8	initial AI visual reading of supplied scan	Continues on 08-118, which is upside down in the scan. The bottom and marginal wording are clipped. Battle description and casualty list are the correspondent’s recollections; the writer explicitly had not traversed the battlefield and says his list is incomplete. Names are not independently verified.
08-118	George Douglas Papers Folder 5 - Daybook of N.L. Douglas.pdf	118	letter, second page	2	0	initial AI visual reading of supplied scan	Continuation of 08-117, rotated 180 degrees. Some surnames remain in need of identification even where letterforms seem clear. “Wm Brick” appears both in the death list and as a promised correspondent; the inconsistency is preserved rather than resolved. The ending has no full signature on this side.
08-119	George Douglas Papers Folder 5 - Daybook of N.L. Douglas.pdf	119	letter, first page	2	1	initial AI visual reading of supplied scan	Continues on 08-120–122 and is signed Lewis Jetton. “Consumption” is historical terminology. Washie is a provisional personal-name reading; identity not established.
08-120	George Douglas Papers Folder 5 - Daybook of N.L. Douglas.pdf	120	letter, second page	1	0	initial AI visual reading of supplied scan	Continuation of 08-119. The page spells the surname Ledbetter; the earlier summary or OCR must not override it. Reported legal requirements are Jetton’s understanding, not modern legal advice or a verified statement of the statute.
08-121	George Douglas Papers Folder 5 - Daybook of N.L. Douglas.pdf	121	letter, third page	2	0	initial AI visual reading of supplied scan	Continuation of 08-119–120. The letter records a sale of enslaved people and a share of proceeds claimed for Polly. No names of those people or estate name appear on this page. Land share is written as one thirteenth and the third of a thirteenth; it is not silently simplified or reinterpreted.
08-122	George Douglas Papers Folder 5 - Daybook of N.L. Douglas.pdf	122	letter, fourth page	3	2	initial AI visual reading of supplied scan	Concludes 08-119–121. Julia’s and Hannah’s relationship or status is not stated. The description of Hannah’s mental and physical condition is Jetton’s, not a diagnosis. The name inserted above Charley is provisional.
08-123	George Douglas Papers Folder 5 - Daybook of N.L. Douglas.pdf	123	letter, first page	1	1	initial AI visual reading of supplied scan	Continues 08-124–126, signed Lewis Jetton. No day of January is supplied. “Bro” is not proof of a blood relationship. The statement that the couple were close kin does not specify the relationship.
08-124	George Douglas Papers Folder 5 - Daybook of N.L. Douglas.pdf	124	letter, second page	1	0	initial AI visual reading of supplied scan	Continuation of 08-123. Racial language and the writer’s opposition to Black voting are preserved as historical evidence. The claim that all white men stayed home or lacked voting rights is the writer’s broad assertion, not an editorial statement of the law or electorate.
08-125	George Douglas Papers Folder 5 - Daybook of N.L. Douglas.pdf	125	letter, third page	2	1	initial AI visual reading of supplied scan	Continuation of 08-123–124. “Brotherlaws” is a significant explicit relationship statement, evidently brothers-in-law, unlike the generic salutation “Bro.” It does not on its own identify the spouses or establish N. L.’s father. Racist generalizations are retained as the author’s views.
08-126	George Douglas Papers Folder 5 - Daybook of N.L. Douglas.pdf	126	letter, fourth page	3	2	initial AI visual reading of supplied scan	Concludes 08-123–125. The object to be settled in the first paragraph is unclear; “wealth” is tentative. The letter does not establish the merits or outcome of the dispute.
08-127	George Douglas Papers Folder 5 - Daybook of N.L. Douglas.pdf	127	letter, first page	1	3	initial AI visual reading of supplied scan	Continues on 08-128 and following. Year, surname Low, and attorney’s surname remain provisional; a heavy fold obscures part of the illness description. June 23 is clear, but the year is uncertain. The letter explicitly calls Julia Granville’s aunt without specifying the exact line of kinship. Reading the entire letter, including the reference to Bell and Everett on 08-130 and the continuing enslavement of a boy on 08-129, supports 1860 for the uncertain year; the date remains marked pending further checking.
08-128	George Douglas Papers Folder 5 - Daybook of N.L. Douglas.pdf	128	letter, second page	1	3	initial AI visual reading of supplied scan	Continuation of 08-127. A blot obscures part of the reported valuation: $3?00, not a confidently read $3,000. Abolition and drought are the writer’s explanation of lower land prices. Legal proposals are not evidence of completed court proceedings or sale. “Abolition” is the writer’s word and is not modernized as completed emancipation; the letter’s likely date is 1860.
08-129	George Douglas Papers Folder 5 - Daybook of N.L. Douglas.pdf	129	letter, third page	2	5	initial AI visual reading of supplied scan	Continuation of 08-127–128. Torn edges, folds and stains obscure several words. The page treats an unnamed enslaved boy as estate property and records seven years of hiring him out; those statements are preserved without endorsing them. The first attorney’s surname is uncertain.
08-130	George Douglas Papers Folder 5 - Daybook of N.L. Douglas.pdf	130	letter, fourth page	1	2	initial AI visual reading of supplied scan	Concludes 08-127–129. The political reference to Bell and Everett helps assess the uncertain date as 1860. Resort name and companion’s surname are uncertain. Crop yields and political prediction are reported by Jetton. Uncle Jake’s age is stated as 82; no surname or exact birth date is supplied.
08-131	George Douglas Papers Folder 5 - Daybook of N.L. Douglas.pdf	131	letter	1	0	initial AI visual reading of supplied scan	Single-page letter. The war names are retained as the writer spelled them in the direct transcript. Twenty dollars is enclosed and five promised; they are not conflated as money already received.
08-132	George Douglas Papers Folder 5 - Daybook of N.L. Douglas.pdf	132	address panel	2	0	initial AI visual reading of supplied scan	Rotated 90 degrees for reading. The pencil note appears to be an annotation on the wrapper and is distinguished from the original address. It corresponds in subject to 08-133–136 but is not substituted for the letter’s wording.
08-133	George Douglas Papers Folder 5 - Daybook of N.L. Douglas.pdf	133	letter, first page	1	1	initial AI visual reading of supplied scan	Continues on 08-134 and following. The salutation is rendered as written but not treated alone as proof of a biological relationship. The author’s description of older people’s mental condition is historical language, not a diagnosis.
08-134	George Douglas Papers Folder 5 - Daybook of N.L. Douglas.pdf	134	letter, second page	1	2	initial AI visual reading of supplied scan	Continuation of 08-133. The writer’s “White” is a personal name. “Father & law” and “sister & law” mean in-laws. December is abbreviated Decr. Information about Granville’s journey comes from a relative’s letter; arrival in Texas is not confirmed.
08-135	George Douglas Papers Folder 5 - Daybook of N.L. Douglas.pdf	135	letter, third page	1	2	initial AI visual reading of supplied scan	Continuation of 08-133–134. Robt Fletcher, settlement name and damaged receipt-of-letter clause need further checking. The page distinguishes Granville’s funds still held in Tennessee from cash he carried on the journey.
08-136	George Douglas Papers Folder 5 - Daybook of N.L. Douglas.pdf	136	letter, fourth page	2	2	initial AI visual reading of supplied scan	Concludes 08-133–135. Deaths are reported by Jetton, with November 22 referring to the previous year in this January 1859 letter. First name Jefro is read as written, not silently expanded. Some family relationships are mentioned without sufficient detail to reconstruct the pedigree.
08-137	George Douglas Papers Folder 5 - Daybook of N.L. Douglas.pdf	137	account slip	1	1	initial AI visual reading of supplied scan	Slip rotated for reading. The dates appear as 1856 and 1855 in that order. The first commodity is a plow, not flour. Weights, rates and amounts are retained; 43 at 16⅔ cents is not rounded to change the written 7.16. Final Dr-like mark is unclear.
08-138	George Douglas Papers Folder 5 - Daybook of N.L. Douglas.pdf	138	manuscript copy of legal provisions	4	1	initial AI visual reading of supplied scan	Continues on 08-139, which identifies the excerpt as general laws of the 12th legislature. This is a transcription of the historical copy, not verification of its legal accuracy, applicability or current effect. An insertion completes the otherwise interrupted opening sentence.
08-139	George Douglas Papers Folder 5 - Daybook of N.L. Douglas.pdf	139	manuscript copy of legal provisions, continuation	2	0	initial AI visual reading of supplied scan	Concludes 08-138. The heading is transcribed as written. The manuscript gives no full publication title, year, page number or jurisdiction on this side.
08-140	George Douglas Papers Folder 5 - Daybook of N.L. Douglas.pdf	140	account slip	2	2	initial AI visual reading of supplied scan	Rotated for reading. The lower note is detached from the medication charges and its quantity is uncertain. “Dr.” denotes debit here; it is not a medical title attached to Patton.
08-141	George Douglas Papers Folder 5 - Daybook of N.L. Douglas.pdf	141	accounting calculations	6	14	initial AI visual reading of supplied scan	Rotated for reading. Much of the pencil arithmetic is faded. Each physical group is kept separate, and unclear amounts are not reconstructed from subtraction. A likely later side annotation names N. L. Douglas and says no date.
08-142	George Douglas Papers Folder 5 - Daybook of N.L. Douglas.pdf	142	two tax receipts	2	0	initial AI visual reading of supplied scan	Printed forms completed by hand. Both payers are John Nugent; N. L. Douglas signs as assessor and collector, not as the taxpayer. Component tax fields have no securely legible inserted sums.
08-143	George Douglas Papers Folder 5 - Daybook of N.L. Douglas.pdf	143	receipt	1	0	initial AI visual reading of supplied scan	Rotated for reading. The insertion identifies N. L. Douglass. No payment amount is given. This may relate to the Bell account at 08-137, but that linkage is not asserted as certain.
08-144	George Douglas Papers Folder 5 - Daybook of N.L. Douglas.pdf	144	tax-account instruction	1	1	initial AI visual reading of supplied scan	Rotated for reading. Initials and surname in the first line are provisional; the second occurrence appears Sims. This is historical document content, not an instruction to the transcriber.
08-145	George Douglas Papers Folder 5 - Daybook of N.L. Douglas.pdf	145	payment memorandum	1	1	initial AI visual reading of supplied scan	Rotated for reading. First line amount is 583.34 followed by cts. The second initial in the payee’s name is overwritten. No purpose for the payment is stated.
08-146	George Douglas Papers Folder 5 - Daybook of N.L. Douglas.pdf	146	license-tax receipt	2	2	initial AI visual reading of supplied scan	Rotated for reading. Personal name tentatively read Wm E Champlin; the faint lower note is not fully readable. Douglas signs in his public collecting capacity.
08-147	George Douglas Papers Folder 5 - Daybook of N.L. Douglas.pdf	147	address panel	1	0	initial AI visual reading of supplied scan	Rotated for reading. Carrier’s name is blotted but supported by the adjacent letter, 08-148. No postal date appears on this panel.
08-148	George Douglas Papers Folder 5 - Daybook of N.L. Douglas.pdf	148	letter	2	0	initial AI visual reading of supplied scan	The amount is $583.34 and the messenger is J. T. Conner, deputy sheriff of Dallas County. Read alongside the payment memorandum 08-145 and endorsement 08-150; those cross-references do not turn the request into separate proof of payment.
08-149	George Douglas Papers Folder 5 - Daybook of N.L. Douglas.pdf	149	deposit memorandum and calculations	7	6	initial AI visual reading of supplied scan	Amounts and totals are transcribed as written, including apparent arithmetic discrepancies and rounded subtotals. The handwritten public-funds label makes clear that these are not simply the family’s personal savings. Faint overwritten lower figures remain uncertain.
08-150	George Douglas Papers Folder 5 - Daybook of N.L. Douglas.pdf	150	endorsement on deposit memorandum	2	0	initial AI visual reading of supplied scan	Mostly blank reverse with three short inscriptions. The payment amount agrees with 08-145 and the request at 08-148. Written date distinguishes the order’s March 6 date from payment March 26.
08-151	George Douglas Papers Folder 5 - Daybook of N.L. Douglas.pdf	151	address panel	3	3	initial AI visual reading of supplied scan	Rotated for reading. Stamp area is missing. The number of days in the return instruction is uncertain. The adjacent letter 08-152 is addressed to Douglas at Waco.
08-152	George Douglas Papers Folder 5 - Daybook of N.L. Douglas.pdf	152	letter	2	0	initial AI visual reading of supplied scan	Date is written April 10/69. The draft amount is not repeated here, so it is not assumed to be the Norton payment or any particular deposit without further evidence.
08-153	George Douglas Papers Folder 5 - Daybook of N.L. Douglas.pdf	153	envelope	2	1	initial AI visual reading of supplied scan	Stamp area is missing or covered. Postmark is partially visible.
08-154	George Douglas Papers Folder 5 - Daybook of N.L. Douglas.pdf	154	letter	1	1	initial AI visual reading of supplied scan	First name of the firm is tentative. The associated convention-tax warrant is on 08-155–156.
08-155	George Douglas Papers Folder 5 - Daybook of N.L. Douglas.pdf	155	treasury warrant	1	0	initial AI visual reading of supplied scan	Printed form with handwritten entries. A&C means assessor and collector; pr means per, and ag denotes agent.
08-156	George Douglas Papers Folder 5 - Daybook of N.L. Douglas.pdf	156	receipt	1	0	initial AI visual reading of supplied scan	Reverse of the convention-tax warrant.
08-157	George Douglas Papers Folder 5 - Daybook of N.L. Douglas.pdf	157	account note	2	0	initial AI visual reading of supplied scan	No date or jurisdiction is stated. The middle digit in the poll count is read as 6. The isolated $213 is not explicitly tied to either preceding figure.
08-158	George Douglas Papers Folder 5 - Daybook of N.L. Douglas.pdf	158	account note	1	2	initial AI visual reading of supplied scan	The third amount is unclear; the written total is retained without changing an entry to force agreement. Spiece appears to mean specie.
08-159	George Douglas Papers Folder 5 - Daybook of N.L. Douglas.pdf	159	account calculations	6	6	initial AI visual reading of supplied scan	Unlabelled arithmetic arranged in several directions. Separators reflect distinct groups; no operation signs or implied decimals are supplied. Crossed and overwritten digits remain uncertain.
08-160	George Douglas Papers Folder 5 - Daybook of N.L. Douglas.pdf	160	tax account	2	0	initial AI visual reading of supplied scan	The amount abbreviation appears as an insertion and again in the line; wording is preserved. Written total is not silently reconciled. No signature appears on this page.
08-161	George Douglas Papers Folder 5 - Daybook of N.L. Douglas.pdf	161	envelope	1	0	initial AI visual reading of supplied scan	Handwritten postal endorsement. No letter association is assumed solely from its position in the scan.
08-162	George Douglas Papers Folder 5 - Daybook of N.L. Douglas.pdf	162	printed bankruptcy notice	4	0	initial AI visual reading of supplied scan	Repeated dot groups are represented consistently by an ellipsis, not by an editorial omission. The question mark after John A Conda is printed in the source. Full table retained, including blank/ditto amounts. This notice may be the enclosure mentioned in Jetton’s July 1868 letter (08-112), but physical association is not proved.
08-163	George Douglas Papers Folder 5 - Daybook of N.L. Douglas.pdf	163	envelope	2	0	initial AI visual reading of supplied scan	Handwritten endorsement; the date reads June 7, whereas the enclosed letter is dated June 5.
08-164	George Douglas Papers Folder 5 - Daybook of N.L. Douglas.pdf	164	letter	2	0	initial AI visual reading of supplied scan	Continues on 08-165. The final If may be a slip for in; direct wording is retained. The letter’s claim of ownership and accusation are the writer’s, not editorial findings.
08-165	George Douglas Papers Folder 5 - Daybook of N.L. Douglas.pdf	165	letter continuation	1	0	initial AI visual reading of supplied scan	Conclusion and signature of 08-164.
08-166	George Douglas Papers Folder 5 - Daybook of N.L. Douglas.pdf	166	document endorsement	1	0	initial AI visual reading of supplied scan	Faint reversed writing is show-through from the oath on the other side, not a separate readable inscription.
08-167	George Douglas Papers Folder 5 - Daybook of N.L. Douglas.pdf	167	oath of office	1	0	initial AI visual reading of supplied scan	The reverse is labelled January 1868 (08-166). The oath names N. L. Douglas in its opening, but this scan shows no separate signature, witness, attestation or specific office. It cannot by itself prove that an official administered or accepted the oath. Original council retained.
09-001	George Douglas Papers Folder 6 - Correspondence.pdf	1	repository cover sheet	1	0	initial AI visual reading of supplied scan	Modern repository cover, not a manuscript. The catalog year 1863 does not describe every letter in this folder; the opening letters are dated 1852.
09-002	George Douglas Papers Folder 6 - Correspondence.pdf	2	manuscript	1	6	initial AI visual reading of supplied scan	Letter continues through 09-004, signed Rebecca Goodloe to Mary Douglass. An uncertain word before “7 times” may read “tapt”; the treatment is not identified confidently. Biblical passage and marginal reference are retained; it echoes 1 Timothy 6:18–19. “Cashing” is the source’s spelling, context uncertain.
09-003	George Douglas Papers Folder 6 - Correspondence.pdf	3	manuscript	1	3	initial AI visual reading of supplied scan	Continuation of 09-002. An unclear number after “2” is marked instead of silently resolving it. Names of workers and children are preserved. The passage does not itself specify everyone’s legal status; it should be read alongside the collection’s evidence of enslavement rather than assuming all were relatives or paid employees.
09-004	George Douglas Papers Folder 6 - Correspondence.pdf	4	manuscript	1	4	initial AI visual reading of supplied scan	Conclusion of 09-002–003. A horizontal dark line crosses the marriage news, apparently a crease rather than a cancellation. House name and Elizabeth’s surname are uncertain. The repeated “in woodbury” note is preserved. The address and signature directly connect Mary Douglass with her mother Rebecca Goodloe.
09-005	George Douglas Papers Folder 6 - Correspondence.pdf	5	manuscript	1	2	initial AI visual reading of supplied scan	The date reads Wednesday 21, following the April 18 letter. Descriptions of “water practice” and treatment for colic are historical remedies, transcribed as evidence, not recommended medical instructions.
09-006	George Douglas Papers Folder 6 - Correspondence.pdf	6	manuscript	1	0	initial AI visual reading of supplied scan	Letter continues on 09-007–009, signed S. J. Goodloe and addressed to N. L. Douglas. Wrapper 09-010 expands the writer to Sam J. Goodloe and explicitly identifies the deceased mother as Rebecca Goodloe. “Nearly three score and ten” means nearly seventy.
09-007	George Douglas Papers Folder 6 - Correspondence.pdf	7	manuscript	1	2	initial AI visual reading of supplied scan	Continuation of 09-006. The girl’s name is uncertain. The source uses a racial label; family reading uses “Black girl.” “Paralysis” and “Apolexy” are the writer’s impressions, not modern diagnoses. The phrase “Mother observed” is retained though its grammar is awkward.
09-008	George Douglas Papers Folder 6 - Correspondence.pdf	8	manuscript	1	1	initial AI visual reading of supplied scan	Continuation of 09-007. The sentence about who was present names “Jena” tentatively; it does not explicitly list Julia there, despite Julia’s preceding actions. Preserve the wording and inconsistency. No cause of death is independently established.
09-009	George Douglas Papers Folder 6 - Correspondence.pdf	9	letter conclusion and address panel	3	0	initial AI visual reading of supplied scan	Conclusion of 09-006–008. Address confirms N. L. Douglas at Red Oak, Ellis County, Texas. The household’s prospective dispersal after harvest is a plan, not proof of a subsequent move. The June 21 endorsement differs from the June 18 letter date and may record mailing.
09-010	George Douglas Papers Folder 6 - Correspondence.pdf	10	annotated wrapper	3	0	initial AI visual reading of supplied scan	Later wrapper, not part of the original letters. Explicitly identifies Sam J. Goodloe’s deceased mother as Rebecca Goodloe, supporting identification of the mother in 09-006–009. “Song Ballad” corresponds to the signed patriotic song on 09-016; it does not securely attribute the unsigned essay on 09-013–015.
09-011	George Douglas Papers Folder 6 - Correspondence.pdf	11	manuscript	1	4	initial AI visual reading of supplied scan	Continues on 09-012. “Jeans” means the cloth, not a pair of modern denim trousers. The weaver’s intervening name is unclear. “Dropsy” and drainage are the writer’s historical descriptions of illness. Dye ingredients are retained as historical household practice.
09-012	George Douglas Papers Folder 6 - Correspondence.pdf	12	manuscript	3	4	initial AI visual reading of supplied scan	Conclusion of 09-011. Names in the baptism list are partly uncertain; original punctuation does not clearly separate all names. “Sack” refers to a garment in this context. Sarah Barr’s engagement is reported hearsay, not a marriage record. Meetinghouse spelling retained.
09-013	George Douglas Papers Folder 6 - Correspondence.pdf	13	manuscript	2	0	initial AI visual reading of supplied scan	Continues through 09-015. Opening insertion “pleasures” has an awkward position; preserved rather than silently reconstructing the sentence. No signature or date appears on these three pages, and authorship is not established by the wrapper describing Emily’s separate song.
09-014	George Douglas Papers Folder 6 - Correspondence.pdf	14	manuscript	2	0	initial AI visual reading of supplied scan	Continuation of 09-013. The four verse lines are set apart in the manuscript. “Hith” is retained as written, evidently meaning height in context.
09-015	George Douglas Papers Folder 6 - Correspondence.pdf	15	manuscript	1	0	initial AI visual reading of supplied scan	Conclusion of the unsigned essay 09-013–014. Quoted or verse-form concluding lines retained as part of the manuscript; no external authorship attribution has been imposed.
09-016	George Douglas Papers Folder 6 - Correspondence.pdf	16	verse manuscript	6	4	initial AI visual reading of supplied scan	Undated. Emily Douglas’s name is written twice, one instance with an ornate border. The wrapper 09-010 calls it a song written by her; the manuscript does not establish original composition as opposed to copying. Creases cross some lines. Repeat cues “&c” and an overwritten practice line are preserved. One word in the third stanza remains tentative.
09-017	George Douglas Papers Folder 6 - Correspondence.pdf	17	address panel	2	0	initial AI visual reading of supplied scan	Adjacent letter is dated October 24, 1855. Postmark appears October 30; year not separately visible on this face.
09-018	George Douglas Papers Folder 6 - Correspondence.pdf	18	manuscript	1	0	initial AI visual reading of supplied scan	Continues on 09-019–020, signed Miriam Stevenson. She calls Tennessee their old native place; this refers to writer and addressee, not independently to N. L. Douglas’s birthplace. Weight reproduced without supplying a unit not explicitly written. Doca/Dora name spellings vary across pages.
09-019	George Douglas Papers Folder 6 - Correspondence.pdf	19	manuscript	1	1	initial AI visual reading of supplied scan	Continuation of 09-018. Mary’s surname uncertain at the right edge. “He had 4 children” is retained: the passage does not identify Miriam as their birth mother. The reported death of Virginia McKnight is distinguished from the child Virginia described at the end.
09-020	George Douglas Papers Folder 6 - Correspondence.pdf	20	manuscript	1	2	initial AI visual reading of supplied scan	Conclusion of 09-018–019. A seal or stain obscures words after “Artists”; the art medium is not specified. A fragment before the farewell is unclear. The means of Miriam’s financial support is not identified in this letter.
09-021	George Douglas Papers Folder 6 - Correspondence.pdf	21	manuscript	1	0	initial AI visual reading of supplied scan	Continues on 09-022. “Type” refers to the likeness being sent; the specific photographic process is not stated. Age and weight are retained as written. This letter describes a portrait but does not prove that the image survives among the supplied scans.
09-022	George Douglas Papers Folder 6 - Correspondence.pdf	22	manuscript	1	1	initial AI visual reading of supplied scan	Conclusion of 09-021. Bride’s surname tentative. “Your Cousin Tompson Wright” is an explicit relationship statement, but degree of cousinship is not supplied. Virginia McKnight is identified as William’s wife here.
09-023	George Douglas Papers Folder 6 - Correspondence.pdf	23	envelope	2	0	initial AI visual reading of supplied scan	Adjacent March 29, 1856 letter; envelope postmark March 31 has no independently visible year. This address is distinct from the Red Oak address on 09-017; a change of mailing address does not by itself establish a household move.
09-024	George Douglas Papers Folder 6 - Correspondence.pdf	24	manuscript	1	1	initial AI visual reading of supplied scan	Continues through 09-027. The writer explicitly identifies the picture as herself and describes mohair headwear, curls, and blue-and-brown brocade. “The colors did not Take” describes the result in the image; do not infer a particular photographic process.
09-025	George Douglas Papers Folder 6 - Correspondence.pdf	25	manuscript	1	0	initial AI visual reading of supplied scan	Continuation of 09-024. Statements about past persecution and the South’s religious climate are Miriam’s personal testimony. No specific denomination or persecutor is named here.
09-026	George Douglas Papers Folder 6 - Correspondence.pdf	26	manuscript	1	2	initial AI visual reading of supplied scan	Continuation of 09-025. A possibly omitted or faint “not” before “infer” is marked rather than silently inserted; the following “no, no” supports the intended sense. Unusual phrase modifying “affection” remains tentative. The theological advice expresses the correspondent’s beliefs.
09-027	George Douglas Papers Folder 6 - Correspondence.pdf	27	manuscript	1	0	initial AI visual reading of supplied scan	Conclusion of 09-024–026. The biblical comparison is the writer’s. “Cousin” is used but the degree of relationship is not specified.
09-028	George Douglas Papers Folder 6 - Correspondence.pdf	28	manuscript	1	1	initial AI visual reading of supplied scan	Continues on 09-029–030, where the writer signs W. Douglas and names the recipient Rebecca Winnifrid. Metaphorical phrase near the bottom remains tentative. The initial is not expanded to a forename.
09-029	George Douglas Papers Folder 6 - Correspondence.pdf	29	manuscript	1	0	initial AI visual reading of supplied scan	Continuation of 09-028. “Men, & better than yours” is retained as read. This passage states a proposed migration and its economic motivation; it does not establish that the journey occurred.
09-030	George Douglas Papers Folder 6 - Correspondence.pdf	30	manuscript	2	0	initial AI visual reading of supplied scan	Conclusion of 09-028–029. Signature read W. Douglas; recipient’s surname retained in its manuscript spelling. The prospective spring follows the letter’s June 1856 date. Uncle Lewis is named but no surname or exact genealogical identification is supplied.
09-031	George Douglas Papers Folder 6 - Correspondence.pdf	31	manuscript	1	4	initial AI visual reading of supplied scan	Year tentative. The signature reads E. M. Hyneman; the adjacent envelope also bears the separate name Ott V. Hyneman, which is not silently substituted for the signature. The financial subject after “as far the” is faint; no amount is given. “Cousin,” “Aunt Polly,” and “Sister Marthah” are the writer’s relationship terms, without a stated degree of cousinship.
09-032	George Douglas Papers Folder 6 - Correspondence.pdf	32	envelope	3	2	initial AI visual reading of supplied scan	Postmark has no clearly visible year. Adjacent letter 09-031 is signed E. M. Hyneman; the envelope bears Ott V. Hyneman. Faint docketing is not expanded by inference.
09-033	George Douglas Papers Folder 6 - Correspondence.pdf	33	manuscript	1	51	initial AI visual reading of supplied scan	Continues on 09-034. Location is a tentative reading. Extensive fading prevents connected transcription of much of this page even in native-image crops. Gaps preserve the limits of the supplied image; fragmentary wording must not be quoted as complete assertions. No secure signature appears on this page. The references to prisoners, troops and surrender news do not alone establish the writer’s precise military or prisoner status.
09-034	George Douglas Papers Folder 6 - Correspondence.pdf	34	manuscript	1	31	initial AI visual reading of supplied scan	Continuation of 09-033. Names Lee and Johnson are retained as read, without silently correcting Johnson to Johnston. Much of the language linking their surrender news is unreadable. The signature is tentative; the next envelope names Arthur Hyneman, but belongs to a separately dated letter. “Piles” occurs in an incomplete passage about marriage; its meaning is not supplied as fact.
09-035	George Douglas Papers Folder 6 - Correspondence.pdf	35	envelope	2	1	initial AI visual reading of supplied scan	Envelope precedes the letter beginning 09-036. Its attribution must not automatically be applied to the preceding faded letter. Final docket line partly obscured.
09-036	George Douglas Papers Folder 6 - Correspondence.pdf	36	manuscript	1	7	initial AI visual reading of supplied scan	Scan is upside down; transcribed after rotation. Day and year remain tentative. Associated envelope 09-035 identifies Arthur Hyneman and Lizzie Douglas; no signature is present on this page. The sentence at the bottom is unfinished, and 09-037 is blank. Cholera deaths are a contemporary report, not independently verified medical data.
09-037	George Douglas Papers Folder 6 - Correspondence.pdf	37	blank scan	1	0	initial AI visual reading of supplied scan	No document text is visible.
09-038	George Douglas Papers Folder 6 - Correspondence.pdf	38	manuscript	1	26	initial AI visual reading of supplied scan	Continues on 09-039. Date year tentative. Dark tape and missing left edges conceal words; these are distinguished from handwriting that is present but unreadable. “Rising” is retained as the writer’s description of a swelling or sore, without diagnosis.
09-039	George Douglas Papers Folder 6 - Correspondence.pdf	39	manuscript	1	20	initial AI visual reading of supplied scan	Conclusion of 09-038. Taped and damaged portions are left open. The passage attributed to Pa contains the pronouns “him” and “her” as read; no hidden addressee is supplied to reconcile them. Brother Jack’s whereabouts and travel history are incomplete because of tape.
09-040	George Douglas Papers Folder 6 - Correspondence.pdf	40	manuscript	1	12	initial AI visual reading of supplied scan	Continues on 09-041–042; signed A. D. Ott and addressed to N. L. Douglass in the surviving conclusion. Damaged left margin hides some words. The writer distinguishes five girls and one boy “by Jane” and then discusses older sons; an earlier marriage is not independently established here. “Scrofullo hip diseas” is a historical description, not a modern diagnosis.
09-041	George Douglas Papers Folder 6 - Correspondence.pdf	41	manuscript	1	15	initial AI visual reading of supplied scan	Continuation of 09-040. Right-edge losses interrupt several financial and family statements. The identities and status of the boy and girl helping on the farm are not specified. “Reatherford” is retained as written. “Old … hous” is too damaged to identify a particular public building.
09-042	George Douglas Papers Folder 6 - Correspondence.pdf	42	manuscript	2	6	initial AI visual reading of supplied scan	Conclusion of 09-040–041. The recipient’s first initial is lost at the left edge; surviving address reads L. Douglass. N. L. is a contextual association, not fully visible on this page. Letter expresses interest in moving but does not establish that he did so.
09-043	George Douglas Papers Folder 6 - Correspondence.pdf	43	manuscript	1	2	initial AI visual reading of supplied scan	Continues through 09-045; signed Theodosia B. Nance there. Death of George’s unnamed wife is reported through Henry Orr. Adaline’s death date and seventeenth year are explicit. “Favors” means resembles. The new salutation to “My Dear Sister” begins a distinct message on the same sheet.
09-044	George Douglas Papers Folder 6 - Correspondence.pdf	44	manuscript	1	1	initial AI visual reading of supplied scan	Continuation of 09-043. “Robert Newton” is the youngest child’s name as the sentence runs; the following “French” begins another statement. The given date October 6 is retained together with the weekday account; they are not silently reconciled. Surname Waight retained as read. No particular steamboat is named.
09-045	George Douglas Papers Folder 6 - Correspondence.pdf	45	manuscript	2	4	initial AI visual reading of supplied scan	Conclusion of Theodosia’s message and beginning of a separate message to N. L. Douglass, signed W. W. Nance on 09-046. “Negro boy Sam” is the source’s wording for a person held in slavery; no age is specified. Proposed sale January 6 follows the December 1860 date. The writer’s comments about sale value and slavery reflect her historical perspective. Price units are not stated; final pork figure tentative. Isaac’s December 4 death is completed from 09-044.
09-046	George Douglas Papers Folder 6 - Correspondence.pdf	46	manuscript	1	4	initial AI visual reading of supplied scan	Conclusion of the W. W. Nance message beginning 09-045. Right margin clips some word endings. “Untill we could a house” is retained without supplying the missing verb. The specific degree of relationship to preacher Wm Goodloe is not stated. The letter describes migration from Rutherford County into the writer’s community but does not say all church members were relatives.
09-047	George Douglas Papers Folder 6 - Correspondence.pdf	47	manuscript	1	6	initial AI visual reading of supplied scan	Continues through 09-049, with an additional message on 09-050. County name obscured; recipient’s first initial and year tentative. The final year digit is ambiguous, but the body’s wartime content and April 6–7 battle account on 09-048 support 1862. Military locations, opinions, threats and casualty reports are the correspondent’s assertions, not verified editorial statements.
09-048	George Douglas Papers Folder 6 - Correspondence.pdf	48	manuscript	1	8	initial AI visual reading of supplied scan	Continuation of 09-047. Left edge and stains obscure parts of the text. Battle account is secondhand: the writer explicitly says he was refused permission to proceed to Corinth. Seven charges and casualty counts are his reports, not independently verified figures. “One week ago” is retained despite possible tension with the heading’s date. Charly appears after the reference to his sister’s son Shelton; the syntax associates them but does not provide a complete formal name.
09-049	George Douglas Papers Folder 6 - Correspondence.pdf	49	manuscript	2	14	initial AI visual reading of supplied scan	Conclusion of 09-047–048, with a separate postscript in another hand. “Tories” is Nance’s hostile label for people he suspected of sympathy with the opposing side; the threats and allegations are reproduced as historical testimony. He explicitly doubts the Nashville rumor. Postscript’s address includes Cynthia Orr; several connecting words and signature details remain faint.
09-050	George Douglas Papers Folder 6 - Correspondence.pdf	50	manuscript	1	9	initial AI visual reading of supplied scan	Additional message associated with 09-047–049. The recipient is addressed as Sister; preceding postscript names Cynthia Orr, but this damaged page does not itself preserve a full addressee. Four sons in the army is the writer’s explicit statement to that recipient and must not automatically be assigned to Mary Douglas. “Daniel Hall s old Daniel Hall” has uncertain syntax; a father–son relationship is not silently supplied. Reports of deaths at Fort Donaldson, Bellmont and Shilo are retained as contemporary reports. Final sentence incomplete.
09-051	George Douglas Papers Folder 6 - Correspondence.pdf	51	envelope	3	2	initial AI visual reading of supplied scan	Year and postmark town not legible. Diagonal military annotation is transcribed separately; its subject is not otherwise identified on this envelope. Do not automatically assign this June 4 envelope to the preceding April 20 letter or following May 17 letter.
09-052	George Douglas Papers Folder 6 - Correspondence.pdf	52	manuscript	1	3	initial AI visual reading of supplied scan	Continues on 09-053–054. Scan rotated for reading. Bottom edge truncates a line; next page begins “killed,” allowing the sentence’s continuation but not restoring any intervening clipped text. The battle is not assigned a modern name solely from geographic context.
09-053	George Douglas Papers Folder 6 - Correspondence.pdf	53	manuscript	1	1	initial AI visual reading of supplied scan	Continuation of 09-052. “The Sergant Report” introduces the figures 12 killed, 65 wounded, 2 missing, but the unit covered by that report is not specified. The writer then separately says he does not know his side’s total losses. “Gran Jetton” is retained without expanding the forename. Their leg wounds are reported by the writer as not dangerous.
09-054	George Douglas Papers Folder 6 - Correspondence.pdf	54	manuscript	1	0	initial AI visual reading of supplied scan	Conclusion of 09-052–053. List “Mother Mary all of you” is unpunctuated in the original; it does not securely establish that Mother and Mary are the same person. The signature is read R. C. Orr. “Cousin gran” links the relationship term to the Gran named on the preceding page.
09-055	George Douglas Papers Folder 6 - Correspondence.pdf	55	manuscript	1	5	initial AI visual reading of supplied scan	Location tentative. “Co D” read as Company D; no regiment number appears in the main letter. Phrase after “Mr B M” remains uncertain and is not expanded. “Cotton Smuglers” is the writer’s description, not a legal finding. The following page contains a postscript and address.
09-056	George Douglas Papers Folder 6 - Correspondence.pdf	56	letter postscript and address	3	5	initial AI visual reading of supplied scan	Associated with 09-055. Postal town and part of military endorsement faint. Possible crossed-out county reads Dallas, but is tentative; Ellis is clear. Military notation is not completed from external knowledge.
09-057	George Douglas Papers Folder 6 - Correspondence.pdf	57	manuscript	1	3	initial AI visual reading of supplied scan	Continues on 09-058. Purpose of Henry’s trip with Lieutenant Cox is tentative. Two names in the furlough list are uncertain. The parents’ “misfortune” is not explained in this letter.
09-058	George Douglas Papers Folder 6 - Correspondence.pdf	58	manuscript	1	2	initial AI visual reading of supplied scan	Conclusion of 09-057. “Persons” is retained as written, possibly referring to Parsons; no silent correction. Name following Burford’s mock-battle antics is uncertain.
09-059	George Douglas Papers Folder 6 - Correspondence.pdf	59	manuscript	1	7	initial AI visual reading of supplied scan	Letter continues through 09-062, signed George and addressed here to “Sister Lizzy.” The proposed substitute’s price and a possible age limit are too uncertain for a firm historical or financial inference. “Estate” is the writer’s word for property here; it does not establish that his father was deceased. This discusses a proposal, not a completed substitute arrangement.
09-060	George Douglas Papers Folder 6 - Correspondence.pdf	60	manuscript	1	10	initial AI visual reading of supplied scan	Continuation of 09-059. The currency is explicitly silver, but the preceding numerals remain unresolved. Some clauses in this dark, grainy reproduction could not be read securely. “Bars” means mosquito netting in this context. News about Farragut and Vicksburg is explicitly reported and doubted by the writer; it is not independent confirmation of military events.
09-061	George Douglas Papers Folder 6 - Correspondence.pdf	61	manuscript	1	0	initial AI visual reading of supplied scan	Continuation of 09-059–060. “batt.” expanded as battalion in family reading. The clause beginning “about two or three times the relief” concerns the relief party going ahead of its corporal; it is not a claim that George fell asleep while on post.
09-062	George Douglas Papers Folder 6 - Correspondence.pdf	62	manuscript	2	28	initial AI visual reading of supplied scan	Conclusion of 09-059–061. Much of the upper half is too faint and grainy for a continuous reading; surviving phrases are retained without supplying connecting prose. The postscript is more legible. “Five times as big” is the writer’s humorous or exaggerated wording in a mosquito complaint, not a measured weight change. The heading is July 23/62, consistent with the opening date.
09-063	George Douglas Papers Folder 6 - Correspondence.pdf	63	manuscript	1	13	initial AI visual reading of supplied scan	Very faint in places. Continues on 09-064; bottom ending clipped. The cotton quantities, accusation of profiteering, and staff trip to Havana are the writer’s claims or reported speech, not independently verified findings. Two names and the vessel name remain tentative.
09-064	George Douglas Papers Folder 6 - Correspondence.pdf	64	manuscript	1	5	initial AI visual reading of supplied scan	Continuation of 09-063. No signature visible. Faint clauses concerning officers and the final words remain marked. Allegations against Rogers and the reported sentence are attributed to the writer; surname alone does not identify the person beyond this letter.
09-065	George Douglas Papers Folder 6 - Correspondence.pdf	65	manuscript	1	3	initial AI visual reading of supplied scan	Year not written in the visible heading; context and sequence with Letter 31 support 1863. Continues on 09-066–068. “Gal.” expanded as Galveston. Reports of Sorrell’s regiment and Fort Point are explicitly Lieutenant Baily’s reports. The regiment name before Captain Jones and the captain’s surname remain tentative.
09-066	George Douglas Papers Folder 6 - Correspondence.pdf	66	manuscript	1	49	initial AI visual reading of supplied scan	The right ends of most lines are absent in this narrow reproduction; the full embedded scan image confirms this is not a crop introduced for transcription. Lines are retained to show the extent of loss. Several beginnings also fade out. The number beginning “90,” is incomplete and must not be quoted as a casualty figure. Continuation of 09-065, followed by 09-067–068.
09-067	George Douglas Papers Folder 6 - Correspondence.pdf	67	manuscript	1	41	initial AI visual reading of supplied scan	Most line beginnings are missing at the left edge of the supplied reproduction. Full native image inspected. Preserve gaps rather than supplying them from context. “Bars” refers to mosquito netting. Final fragment about a man, sharks, and calves cannot be made into a secure continuous account. Continues from 09-066 and onto 09-068.
09-068	George Douglas Papers Folder 6 - Correspondence.pdf	68	manuscript	1	3	initial AI visual reading of supplied scan	Conclusion of 09-065–067, signed George. Vessel name read “Zehorlda,” possibly the same name written elsewhere as “Zehorla”; retained without normalization. Phrase “no healthy man here” is retained as read despite the following statement that all are well. Recipient name in the last request is tentative. Yellow-fever reports and furlough claims are described as things heard, not verified by George.
09-069	George Douglas Papers Folder 6 - Correspondence.pdf	69	envelope	2	3	initial AI visual reading of supplied scan	No secure date visible. Sender endorsement partly stained and faint; do not expand the uncertain military initials. The decorative flourish is not treated as writing.
09-070	George Douglas Papers Folder 6 - Correspondence.pdf	70	manuscript	1	1	initial AI visual reading of supplied scan	Continues on 09-071. A few initial letters at the left edge fade or are clipped, but most words remain secure. “ult” means the preceding month. Tattoo and long roll are military drum signals; no modern clock time is supplied. The incident and the allegations against the staff are George’s account.
09-071	George Douglas Papers Folder 6 - Correspondence.pdf	71	manuscript	2	1	initial AI visual reading of supplied scan	Continuation of 09-070. The handwritten text crosses three unused printed financial forms; their printed wording is recorded separately, without inventing transactions. Left-edge losses and overlap with print affect some words. George corrects his molasses quantity within the letter: one pint for three men for ten days. No signature or final salutation appears on this scan.
09-072	George Douglas Papers Folder 6 - Correspondence.pdf	72	manuscript	2	4	initial AI visual reading of supplied scan	A fragment, not a complete letter. Year absent. Later identifying annotation includes its own question mark after the date; manuscript date reads Apr. 28th. The opening clause and the name rendered Sammy remain uncertain. Continuation fragment appears on 09-073.
09-073	George Douglas Papers Folder 6 - Correspondence.pdf	73	manuscript	1	17	initial AI visual reading of supplied scan	Small fragment following 09-072. Right-side and bottom losses prevent a continuous transcript. No claim is made that a particular soldier deserted or that the writer planned to desert; those conclusions would depend on missing text.
09-074	George Douglas Papers Folder 6 - Correspondence.pdf	74	manuscript	1	1	initial AI visual reading of supplied scan	Reading order of this letter is 09-074, 09-076 (marked Page 2nd), 09-075 (marked page 3rd), 09-077. A possibly superfluous “not” before “with the mosquitoes” is retained as written; sense is clear from the continuation. The opening force appears “60 or 70,” and the two smaller detachments each number 20.
09-075	George Douglas Papers Folder 6 - Correspondence.pdf	75	manuscript	1	1	initial AI visual reading of supplied scan	Read after 09-076, before 09-077. Reports about Vicksburg, Port Hudson, Grant, “Johnson,” Lee, and Hooker are not reconciled or silently corrected to later historical knowledge. The 8,000-prisoner claim is explicitly a report; the remarks about Lee read as skeptical irony. “in toto” means altogether.
09-076	George Douglas Papers Folder 6 - Correspondence.pdf	76	manuscript	1	3	initial AI visual reading of supplied scan	Read after 09-074, before 09-075. “neds” retained without an uncertain expansion. The captain’s reported arrest, Hammer’s alleged action, and his intentions are George’s account. William’s surname remains tentative; do not merge him with a named person elsewhere solely on this reading. The writer specifies measles for William, not for Mark Evans.
09-077	George Douglas Papers Folder 6 - Correspondence.pdf	77	manuscript	1	0	initial AI visual reading of supplied scan	Conclusion of the letter beginning 09-074; reading order 074, 076, 075, 077. Source uses a racial term for the Black people sought for fort construction. Their legal status and whether/how they were compelled are not specified in this passage. Cost is a reported estimate, not an audited expenditure. The name Evans here supplies the captain’s name absent from the arrest statement on 09-076.
09-078	George Douglas Papers Folder 6 - Correspondence.pdf	78	manuscript	1	1	initial AI visual reading of supplied scan	Continues on 09-079. Reversed show-through is not separately transcribed. A crossed-out word before “for a discharge” remains unresolved. “Tableau Vivant” means a staged living picture. The form of battalion designation “Batt B” is retained.
09-079	George Douglas Papers Folder 6 - Correspondence.pdf	79	manuscript	1	0	initial AI visual reading of supplied scan	Conclusion of 09-078. Financial amount and the writer’s confidence that soldiers will benefit are his report, not confirmation of how proceeds were later used.
09-080	George Douglas Papers Folder 6 - Correspondence.pdf	80	manuscript	1	1	initial AI visual reading of supplied scan	Continues on 09-081. The surviving portion of the bottom line reads “shall not”; subsequent wording is clipped in the supplied image. “Samm” is retained as written. No medical use is inferred for the pills. The May 31 continuation at 09-099–100 probably belongs to this letter; that connection is based on the date and continuous subject matter, not an explicit modern page number.
09-081	George Douglas Papers Folder 6 - Correspondence.pdf	81	manuscript	1	1	initial AI visual reading of supplied scan	Continuation of 09-080. The place or newspaper abbreviation before “papers” is uncertain. “Gal” is expanded to Galveston in the family reading; “Sammy” is not assigned a fuller identity. Military news and inferred danger are the writer’s information and conjecture. The May 31 continuation at 09-099–100 probably belongs to this letter; that connection is based on the date and continuous subject matter, not an explicit modern page number.
09-082	George Douglas Papers Folder 6 - Correspondence.pdf	82	envelope	1	0	initial AI visual reading of supplied scan	Read after rotating the image. No clear sender or date. Adjacency to Letter 23 does not by itself establish that this envelope belongs to it.
09-083	George Douglas Papers Folder 6 - Correspondence.pdf	83	manuscript	1	2	initial AI visual reading of supplied scan	Continues on 09-084. The heading’s year appears to end in 2, but the reading is uncertain; it has not been silently changed to 1863 to fit the military events described. The day’s suffix also looks irregular. Figures for shots and casualties are the writer’s report. The source’s historical racial wording is retained in the reference transcription.
09-084	George Douglas Papers Folder 6 - Correspondence.pdf	84	manuscript	1	1	initial AI visual reading of supplied scan	Continuation of 09-083. The line about a flagstaff is damaged and the location remains tentative. Distances, shell dimensions and weights are the writer’s estimates. The grammatical form “which learned” is retained. This page ends without a signature.
09-085	George Douglas Papers Folder 6 - Correspondence.pdf	85	manuscript	1	62	initial AI visual reading of supplied scan	A partial reading only. The whole supplied page was examined at native size and in contrast-enhanced sections. Extensive low-contrast and missing strokes prevent continuous transcription, including a secure place or date. Surviving anchors are separated by explicit gaps; the tentative isolated number “70th” is not assigned to a unit. Continued religious discussion and appearance suggest a connection with 09-086, but the opening date has not been reconstructed from that context.
09-086	George Douglas Papers Folder 6 - Correspondence.pdf	86	manuscript	1	24	initial AI visual reading of supplied scan	Probably the continuation of 09-085, but the date remains unresolved. The faded opening is explicitly incomplete. The central passage is substantially clearer and reads “one or both must be wrong,” not “one or the other.” Vessel name and some of the final military and weather details remain tentative. “32s” is left as written rather than assigned an unverified unit or caliber.
09-087	George Douglas Papers Folder 6 - Correspondence.pdf	87	manuscript	1	5	initial AI visual reading of supplied scan	Continues on 09-088. The upper identifying slip is later handwriting, not part of the original letter. No year is supplied. The original is a fragment with left-edge losses; no child’s name is given here.
09-088	George Douglas Papers Folder 6 - Correspondence.pdf	88	manuscript	1	3	initial AI visual reading of supplied scan	Continuation of 09-087. “the boys the feds” is an awkward sequence as written; the family version renders the apparent intended reference to Federal forces, with this qualification. John’s middle initial appears D. The two inverted marginal lines are original writing, but only the phrase concerning “my ring” is secure enough to retain. No additional surname or relationship is supplied.
09-089	George Douglas Papers Folder 6 - Correspondence.pdf	89	manuscript	1	1	initial AI visual reading of supplied scan	Letter continues on 09-090–092; no signature appears in those pages. Addressed “Dear Brother,” without a personal name. The employment and exemption discussion records the writer’s understanding of contemporary Confederate rules, not a verified legal ruling. “peculation” means misuse or embezzlement of public money. The final clause continues awkwardly on the next page and is not silently repaired.
09-090	George Douglas Papers Folder 6 - Correspondence.pdf	90	manuscript	1	1	initial AI visual reading of supplied scan	Continuation of 09-089. The first casualty figure is uncertain; the second appears “1200,” not silently expanded to 12,000. These are contemporary reported claims, not established battle totals. The tangled Jonesboro sentence is retained. Initials “E. D.” are not expanded. Continues on 09-091.
09-091	George Douglas Papers Folder 6 - Correspondence.pdf	91	manuscript	1	3	initial AI visual reading of supplied scan	Continuation of 09-090, ending mid-sentence before 09-092. Some phrasing is irregular as written, including “I never to be sure did nor understand” and “in so work establish.” The family reading explains the evident caution about fixing a starting corner but does not present this historical letter as a modern surveying manual. “Latitude” and “departure” are technical surveying terms, not ordinary geographic latitude and a journey’s departure.
09-092	George Douglas Papers Folder 6 - Correspondence.pdf	92	manuscript	1	4	initial AI visual reading of supplied scan	Conclusion of the surviving September 22 letter (09-089–092); no signature. Several short instructions in the middle remain uncertain and are not made more definite by paraphrase. A vara is a historical unit of length; no unverified conversion has been supplied. Compass variation values are the writer’s local historical observations, not current guidance.
09-093	George Douglas Papers Folder 6 - Correspondence.pdf	93	manuscript	1	15	initial AI visual reading of supplied scan	Continues on 09-094. Letter number is tentative. Dark physical damage obscures the preacher’s name and several phrases; no identity has been supplied from another letter. The ornament material is uncertain. “Co D” is quoted as written and should not automatically be treated as George’s own company. “head fiddler” is retained without deciding whether literal or figurative.
09-094	George Douglas Papers Folder 6 - Correspondence.pdf	94	manuscript	1	25	initial AI visual reading of supplied scan	Conclusion of 09-093. Repeated left-edge losses and dark damage remain marked. “Granny,” the carrier’s name, “Hunter,” and part of the clothing list are tentative. The quoted phrases about “Rebel Sam,” a union and “Opposite parties” may contain personal teasing; no marriage or identity is inferred. The hat’s color terms are retained despite their awkward combination.
09-095	George Douglas Papers Folder 6 - Correspondence.pdf	95	manuscript	1	8	initial AI visual reading of supplied scan	Undated incomplete fragment. The later identifying note attributes it to George Douglas and a Civil War battle; the surviving manuscript itself does not name a place, date, or signature. The fragment is not assigned to a particular battle from circumstantial resemblance. See also 09-096.
09-096	George Douglas Papers Folder 6 - Correspondence.pdf	96	manuscript	1	7	initial AI visual reading of supplied scan	Fragment adjacent to 09-095 and apparently part of the same account. Left and top losses prevent a continuous reconstruction. “crack” is tentative. The statement that all but one got up does not establish the eventual fate of that person.
09-097	George Douglas Papers Folder 6 - Correspondence.pdf	97	manuscript	1	33	initial AI visual reading of supplied scan	Continues on 09-098. The month reads Aug, not July. Letter number is tentative. Edge loss and show-through obscure portions of the Mobile news and final comments. “Johnson” is retained rather than silently changed to another spelling. The proposed expedition is explicitly a private report that George doubts.
09-098	George Douglas Papers Folder 6 - Correspondence.pdf	98	manuscript	1	24	initial AI visual reading of supplied scan	Continuation of 09-097. Several left edges and the middle fold are damaged; this transcription does not pretend to recover every connective phrase. The final list is comic teasing, not an established description of an identifiable person. The five-dollar price is reproduced without converting currencies or purchasing power.
09-099	George Douglas Papers Folder 6 - Correspondence.pdf	99	manuscript	1	14	initial AI visual reading of supplied scan	Continues on 09-100. No year is written here; 1863 is consistent with the reported news. This may continue Letter 23 (09-080–081), which also reaches May 31 while awaiting a boat, but the separated scan order prevents certainty. Lost casualty figures are not supplied from later historical accounts. “Secesh” is a contemporary term for secessionists. The racial phrasing “white folks” is retained in the reference text.
09-100	George Douglas Papers Folder 6 - Correspondence.pdf	100	manuscript	1	3	initial AI visual reading of supplied scan	Continuation of 09-099. Military claims remain explicitly attributed to the newspaper or to report. Some grammar is awkward and retained; “so there is my particular writing” may be a difficult reading in the overlapping print. Three preprinted unused McMahan & Gilbert forms underlie the letter; they do not document three transactions. Left-edge loss affects a few phrases.
09-101	George Douglas Papers Folder 6 - Correspondence.pdf	101	manuscript	1	0	initial AI visual reading of supplied scan	Continues on 09-102. March 19, 1865 is written in the heading. Reports of troop movements and the supposed death of Beauregard are the writer’s contemporary information; he explicitly says the newspapers do not confirm the rumor. “Miss” expands to Mississippi in the family reading.
09-102	George Douglas Papers Folder 6 - Correspondence.pdf	102	manuscript	1	0	initial AI visual reading of supplied scan	Conclusion of 09-101. “27” is recorded without a stated conversion basis; it should not be presented as a verified exchange rate to a specific currency. “Cotton Cards” are tools for preparing cotton fiber, not playing cards. Initial deletion before the repeated Abe is retained.
09-103	George Douglas Papers Folder 6 - Correspondence.pdf	103	envelope	1	2	initial AI visual reading of supplied scan	Dark scan read after rotation and contrast adjustment. The postal annotation and county remain uncertain. No date or association with an adjacent letter has been made certain by editorial inference.
09-104	George Douglas Papers Folder 6 - Correspondence.pdf	104	manuscript	1	3	initial AI visual reading of supplied scan	Continues on 09-105–107. The day and the two quoted spelling examples are tentative. No year or location is written in this surviving heading. The island and wartime references suggest context but are not substituted for an explicit date. “No 7” identifies Lizzie’s received letter, not necessarily this outgoing one.
09-105	George Douglas Papers Folder 6 - Correspondence.pdf	105	manuscript	1	0	initial AI visual reading of supplied scan	Continuation of 09-104. The text first says “fleas,” then “flies”; the distinction is preserved rather than assumed to be one insect throughout. “Schmitt” is the visual reading of the neighbor’s name. Continues on 09-106.
09-106	George Douglas Papers Folder 6 - Correspondence.pdf	106	manuscript	1	0	initial AI visual reading of supplied scan	Continuation of 09-105. Political predictions and foreign news are the writer’s contemporary opinions and reports. The awkward sentence beginning “Both” has been preserved; its exact syntax is uncertain despite readable individual words. It should not be used to claim an established political alignment. Continues on 09-107.
09-107	George Douglas Papers Folder 6 - Correspondence.pdf	107	manuscript	1	0	initial AI visual reading of supplied scan	Conclusion of 09-104–106. The “gals” passage is teasing and does not name a prospective spouse. Initials read G D. No year has been supplied to the March heading from the references to Polish politics or wartime marriage plans.
09-108	George Douglas Papers Folder 6 - Correspondence.pdf	108	manuscript	1	10	initial AI visual reading of supplied scan	Continues on 09-109, signed Geo. Douglas. The deceased sister is not named on these two pages. Dark folds and a clipped left edge obscure several words; bracketed reconstructions are not certain readings. The phrase about the children’s “only parent” is preserved without inferring the other parent’s fate.
09-109	George Douglas Papers Folder 6 - Correspondence.pdf	109	manuscript	1	2	initial AI visual reading of supplied scan	Conclusion of 09-108, dated March 10, 1865. “Lee” and “without” are obscured by a dark fold. The asserted troop order is explicitly a report, and the statements about the country’s spirit are the writer’s opinions. “Fast day” refers to a day of fasting, not speed.
09-110	George Douglas Papers Folder 6 - Correspondence.pdf	110	envelope	1	1	initial AI visual reading of supplied scan	Read with the envelope turned sideways. No complete date is legible. Its position next to the March 11 letter does not by itself prove that it carried that letter.
09-111	George Douglas Papers Folder 6 - Correspondence.pdf	111	manuscript	1	0	initial AI visual reading of supplied scan	Letter No. 60. Continues on 09-112–114. “Ult” means the preceding month. “Out of plum” is retained as written; the family reading interprets it as lying out of upright alignment. Medical descriptions are the writer’s report, not a modern diagnosis.
09-112	George Douglas Papers Folder 6 - Correspondence.pdf	112	manuscript	1	0	initial AI visual reading of supplied scan	Continuation of 09-111. “Foreign news” here is the writer’s label for news beyond his immediate area, including east of the Mississippi. His claim that Sherman was twice defeated is ironic: the following sentences question the reports. The family reading keeps that irony explicit.
09-113	George Douglas Papers Folder 6 - Correspondence.pdf	113	manuscript	1	2	initial AI visual reading of supplied scan	Continuation of 09-111–112. Mary’s surname and the quoted nickname at the end remain uncertain. The statement that Em Chapman is Lizzie’s cousin is qualified by “I believe” in the source. “Gentleman of the Bush” is left as the writer’s phrase, without identifying a particular man.
09-114	George Douglas Papers Folder 6 - Correspondence.pdf	114	manuscript	1	1	initial AI visual reading of supplied scan	Conclusion of the March 11, 1864 letter, 09-111–114. Banks’s supposed support of Jayhawkers is explicitly reported hearsay; George questions the tendency to blame every offense on Yankees. The place/name after “left” is uncertain. The present from “Sister” is not identified beyond the surrounding discussion of paper.
09-115	George Douglas Papers Folder 6 - Correspondence.pdf	115	manuscript	1	8	initial AI visual reading of supplied scan	Continues on 09-116–118. Left edge and bottom of the reproduction clip parts of words and a following line. The railroad initials are tentative and have not been silently expanded. The boat name reads Era No. 3. This is the writer’s travel description; distances and assessments of settlement are his own.
09-116	George Douglas Papers Folder 6 - Correspondence.pdf	116	manuscript	1	1	initial AI visual reading of supplied scan	Continuation of 09-115. “Dock” is not expanded to a formal name. The headquarters abbreviation is tentative. “Ground hoggery” is the writer’s mocking description of Magruder’s earthworks. The remark about Dock’s gray beard provides no age or exact relationship.
09-117	George Douglas Papers Folder 6 - Correspondence.pdf	117	manuscript	1	24	initial AI visual reading of supplied scan	Continuation of 09-115–116. Numerous line beginnings are clipped in the supplied reproduction; plausible readings of partly surviving words are all bracketed. No vessel name is given here. The next page gives the situation at the writer’s departure, not a confirmed final rescue outcome.
09-118	George Douglas Papers Folder 6 - Correspondence.pdf	118	manuscript	1	3	initial AI visual reading of supplied scan	Conclusion of 09-115–117, April 11, 1865. Inverted closing read separately after rotation. The final surname is clipped. George says the men were “doubtless relieved” only if they had survived until the sea calmed; this is his supposition, not a witnessed rescue. “Acacia” is the reading of the earlier wreck’s name.
09-119	George Douglas Papers Folder 6 - Correspondence.pdf	119	manuscript	1	2	initial AI visual reading of supplied scan	Two columns, read left then right. Year and addressee are not stated in the surviving heading. Continues on 09-120; the ending may be missing. The reported loss, arrest and intoxication of Sibley remain claims in a letter, explicitly unsupported by a published account. Standalone “H R” and a printed H at the right edge are not expanded as personal names.
09-120	George Douglas Papers Folder 6 - Correspondence.pdf	120	manuscript	1	4	initial AI visual reading of supplied scan	Continuation of 09-119. Names at the top of the second column are separate from the continuous letter and are tentative; they do not establish authorship. No closing or signature to the letter is visible. The reading “anxious” is tentative.
09-121	George Douglas Papers Folder 6 - Correspondence.pdf	121	manuscript	1	2	initial AI visual reading of supplied scan	Continues on 09-122. Final line is partly clipped. The word George places in quotation marks for a teenage onlooker is uncertain and is not replaced by a more familiar epithet. His description of the other company and local opinion is retained as his perspective. “Specie” means coin.
09-122	George Douglas Papers Folder 6 - Correspondence.pdf	122	manuscript	1	3	initial AI visual reading of supplied scan	Conclusion of 09-121. George’s information about surrender and withheld news is expressly reported, not witnessed. “Johnson” is retained as written. Inserted fleet total reads Twelve. Correspondent’s abbreviated name and date remain tentative. No identification of that correspondent has been inferred.
09-123	George Douglas Papers Folder 6 - Correspondence.pdf	123	manuscript	1	2	initial AI visual reading of supplied scan	Continues on 09-124. The reference to the fort is tentative; the final line is clipped. The captain’s message about Jody is not a surviving formal extension of leave. Descriptions of poverty, housing damage and military earthworks are the writer’s observations and judgments.
09-124	George Douglas Papers Folder 6 - Correspondence.pdf	124	manuscript	1	4	initial AI visual reading of supplied scan	Continuation of 09-123. No clear signature survives at the clipped bottom. This is a chain of reported information through Wilkes and Warren, expressly qualified by George. The described terms and claimed forty-day armistice have not been presented as verified historical facts. Johnston/Johnson spellings are retained as they occur.
09-125	George Douglas Papers Folder 6 - Correspondence.pdf	125	manuscript	1	15	initial AI visual reading of supplied scan	Continues on 09-126–128. The supplied reproduction clips many line beginnings; reconstructed words are bracketed. The currency figure “25” has no explicit exchange basis. No modern medical diagnosis is assigned to “Sore eyes.”
09-126	George Douglas Papers Folder 6 - Correspondence.pdf	126	manuscript	1	13	initial AI visual reading of supplied scan	Continuation of 09-125. The left edge clips several words. This passage is sustained sarcasm criticizing the “Fire Eating press”; the extreme demands are not George’s recommendations. Tentative “Despotism” is partly overwritten. Quotation marks in the source are retained.
09-127	George Douglas Papers Folder 6 - Correspondence.pdf	127	manuscript	1	4	initial AI visual reading of supplied scan	Continuation of 09-125–126. Left edge clips a few words in the lower passage. The disparaging statements about women are preserved as the writer’s opinion. His quotation attributed to Burns is transcribed in the wording visible here, not corrected from an outside edition. “M. E.” is expanded as Methodist Episcopal in the family reading.
09-128	George Douglas Papers Folder 6 - Correspondence.pdf	128	manuscript	1	2	initial AI visual reading of supplied scan	Conclusion of 09-125–128, February 26, 1865. The surname after Kate is tentative. “Gay” has its period sense of cheerful. No childhood location is identified in this recollection.
09-129	George Douglas Papers Folder 6 - Correspondence.pdf	129	manuscript	1	1	initial AI visual reading of supplied scan	Letter continues through 09-134. Dark fold obscures words about a change in the weather. George’s belief that cold weather and prior house occupancy governed yellow fever risk is recorded as a historical belief, not a medical explanation. The organ attendant’s race is stated; his name and legal status are not.
09-130	George Douglas Papers Folder 6 - Correspondence.pdf	130	manuscript	1	2	initial AI visual reading of supplied scan	Continuation of 09-129, followed by 09-131. Two columns read left then right. The fold interrupts the sentence about the creed. Accounts of denominational practice are the writer’s understanding, not editorially verified doctrine. A quotation he attributes to Fanny Fern begins at the bottom and continues on the next scan.
09-131	George Douglas Papers Folder 6 - Correspondence.pdf	131	manuscript	1	3	initial AI visual reading of supplied scan	Continuation of 09-130. Opening completes the quotation attributed by George to Fanny Fern; its wording is not corrected from an external text. “Close Split bonnetts” is retained as read, without silently substituting a fabric or garment name. The social judgments are the writer’s.
09-132	George Douglas Papers Folder 6 - Correspondence.pdf	132	manuscript	1	1	initial AI visual reading of supplied scan	Continuation of the December 11, 1864 letter. Bottom of the source reproduction clips the last line. The writer contrasts flour for sale with his impression that the government had requisitioned it. This is not evidence of a specific theft or diversion.
09-133	George Douglas Papers Folder 6 - Correspondence.pdf	133	manuscript	1	2	initial AI visual reading of supplied scan	Continuation of 09-132. “Shialot” is the literal place/name reading; no identification is certain. Location of Eddings’s marriage and a pronoun near the bottom are tentative. The private discussion does not name the woman and George expressly disclaims knowledge; no allegation is treated as established fact. His expectation of emancipation is a prediction written in December 1864.
09-134	George Douglas Papers Folder 6 - Correspondence.pdf	134	manuscript	1	1	initial AI visual reading of supplied scan	Conclusion of 09-129–133, dated December 11, 1864. First merchant’s name is tentative. Claims about avoiding military service are the writer’s opinion, not a verified finding concerning every merchant or shipowner named.
10-001	George Douglas Papers Folder 7 - Poems Etc.pdf	1	repository cover	1	0	initial AI visual reading of supplied scan	This is the repository-generated cover, not an original manuscript page. The displayed date 1860 is catalog metadata and does not date every item in the folder. The following ledger includes entries dated 1872 and 1873.
10-002	George Douglas Papers Folder 7 - Poems Etc.pdf	2	ledger index	1	4	initial AI visual reading of supplied scan	Names here are account-index entries, not proof of kinship. Page numbers refer to the ledger’s handwritten numbering, not PDF scan pages. Several names require comparison with the full account headings later in the volume. Faint inside-cover writing remains unresolved.
10-003	George Douglas Papers Folder 7 - Poems Etc.pdf	3	ledger index and notes	1	7	initial AI visual reading of supplied scan	Pencil notes are separate from the account index. The apparent medicinal note is a historical transcription, not a treatment recommendation. Its term “Lactophytin” is preserved as written/read; no modern drug identification is supplied. Numbers in the scratch calculation are not reconciled or silently corrected.
10-004	George Douglas Papers Folder 7 - Poems Etc.pdf	4	ledger index	1	1	initial AI visual reading of supplied scan	Numbers are references to handwritten ledger pages. “Partee” is tentative. The entry “Samuel Lee” is retained in its written order, even though placed under S. No family relationship is inferred from an account entry.
10-005	George Douglas Papers Folder 7 - Poems Etc.pdf	5	account ledger	1	3	initial AI visual reading of supplied scan	Amounts are shown with the source’s separated dollar/cents notation, without recalculation. “C. f.” is not expanded before comparison with subsequent accounts. The February credit and its year are faint. “Filled in full” is the source wording and does not necessarily mean paid in full.
10-006	George Douglas Papers Folder 7 - Poems Etc.pdf	6	account ledger	1	2	initial AI visual reading of supplied scan	The account heading appears to read J. J. Gibson; the index on 10-003 appears to give J. G. Gibson. The discrepancy is retained. “Old Book” appears to refer to an earlier account book. The February buyer and intermediary remain uncertain.
10-007	George Douglas Papers Folder 7 - Poems Etc.pdf	7	account ledger	1	3	initial AI visual reading of supplied scan	A large stroke runs through the cottonwood account, apparently marking the account rather than deleting individual words. The name remains tentative. “36¾” is an isolated figure below Moffet’s entries, not identified as a total. The first Moffet item is not securely readable.
10-008	George Douglas Papers Folder 7 - Poems Etc.pdf	8	account ledger and calculations	1	5	initial AI visual reading of supplied scan	The quantity in Cannon’s first entry is uncertain and has not been adjusted to make the charge work mathematically. The inverted material includes a small four-sided plat with dimensions, a reference to 15 acres, and scratch calculations. The abbreviated location and name do not establish an identified property. The spatial arithmetic is transcribed in groups without claiming reconciliation.
10-009	George Douglas Papers Folder 7 - Poems Etc.pdf	9	account ledger, verse, and calculations	1	23	initial AI visual reading of supplied scan	The inverted pencil writing is actual separate writing, not merely show-through. Most of those lines and the overlapping calculations remain unreadable; this is a partial transcription, not a recovered poem. The apparent name at the end is tentative and is not an attribution of authorship. Morris’s payment annotation reads “Placed to mill acct.” Stevenson’s date, wood description, and small amount remain uncertain.
10-010	George Douglas Papers Folder 7 - Poems Etc.pdf	10	account ledger	1	0	initial AI visual reading of supplied scan	The date of Dowdy’s second January entry is left blank in the source. “Sct” is retained in the reference transcript and tentatively expanded as scantling in the family reading. The transfer annotation reads “Placed to mill a/c,” as in adjacent accounts.
10-011	George Douglas Papers Folder 7 - Poems Etc.pdf	11	account ledger and verse	1	8	initial AI visual reading of supplied scan	The left account surname is not secure; the index on 10-004 tentatively reads Partee. The poem is an untitled draft with inserted alternatives. Some wording, especially the eighth and last lines, remains unresolved. No author or addressee is identified. The ledger’s date does not necessarily date the pencilled verse.
10-012	George Douglas Papers Folder 7 - Poems Etc.pdf	12	account ledger	1	0	initial AI visual reading of supplied scan	The donation is explicitly attributed to M. Rawlins, not to the ledger’s owner. Dunn’s written charge is retained without adjustment. “Per Schneider” appears in Bledsoe’s entry and does not identify a family relationship.
10-013	George Douglas Papers Folder 7 - Poems Etc.pdf	13	account ledger	1	6	initial AI visual reading of supplied scan	The inside-cover index explicitly calls page 22 “Lumber for own use.” The owner is not named on this spread. Ditto marks continue the source’s abbreviated material column. The page 23 figures, totals, and outlined calculation do not all reconcile clearly; they are retained as read. Several pencil entries require a better image.
10-014	George Douglas Papers Folder 7 - Poems Etc.pdf	14	account ledger	1	0	initial AI visual reading of supplied scan	Page 24 contains no substantive entry. The scratch figure “32” sits separately beside the 40.14/22.50/62.64 calculation and is not assigned to an account. Goodloe’s two credits are reproduced separately.
10-015	George Douglas Papers Folder 7 - Poems Etc.pdf	15	account ledger	1	5	initial AI visual reading of supplied scan	Bell’s account is crossed by large strokes and contains faint or overwritten figures; no single corrected balance is imposed. “Ephriam” follows the apparent spelling of the heading. The placement of the work-period notation beside dates is ambiguous; the dated payments and note are transcribed independently. The isolated arithmetic is not silently reconciled with the account.
10-016	George Douglas Papers Folder 7 - Poems Etc.pdf	16	verse draft	1	56	initial AI visual reading of supplied scan	This is a severely faded draft with many deletions and interlinear alternatives. The text is a partial reading only. Manuscript page numbers are 28–29. The fragment is unsigned and undated; neither the surrounding account dates nor the collection name establish its author. Where an insertion cannot be placed securely, it is retained beside its apparent line rather than treated as a certain final version. A clearer related version is the Apostrophe to the Brazos, read 10-059, 10-058, 10-055. Draft wording and revisions can differ; unread text here is not silently replaced by the later version.
10-017	George Douglas Papers Folder 7 - Poems Etc.pdf	17	verse draft	1	44	initial AI visual reading of supplied scan	Probably a continuation of the draft on 10-016, but the faint wording prevents a secure reconstruction of every transition. Page 30 is especially difficult. Page 31 supplies several continuous lines; missing words have not been supplied simply to complete rhyme or meter. This remains an unsigned, undated draft. A clearer related version is the Apostrophe to the Brazos, read 10-059, 10-058, 10-055. Draft wording and revisions can differ; unread text here is not silently replaced by the later version. A focused comparison with the clearer poem enabled correction of several words on manuscript page 31, followed by a fresh visual check of the draft. The earlier provisional opening “Years come, our forms resemble” was rejected; the visible line reads “These scenes these thoughts awake.” Remaining differences and gaps are retained.
10-018	George Douglas Papers Folder 7 - Poems Etc.pdf	18	verse draft and calculations	1	33	initial AI visual reading of supplied scan	The verse is probably a continuation of 10-016–017. Pencil and darker revisions overlap. The inserted phrase about “a busy life’s work still half undone” is readable, but the connecting words are not. The right page contains independent scratch arithmetic, not a dated or named financial account. The layout is represented in successive groups; no corrected mathematical result is supplied. A clearer related version is the Apostrophe to the Brazos, read 10-059, 10-058, 10-055. Draft wording and revisions can differ; unread text here is not silently replaced by the later version.
10-019	George Douglas Papers Folder 7 - Poems Etc.pdf	19	verse draft and calculations	1	47	initial AI visual reading of supplied scan	Both pages are very faint. The title is tentative, and only fragments of the poem can currently be read securely. The wording and broken lineation should not be treated as a complete edition. Scratch calculations above and below the verse are separate. No named author, recipient, or date is legible.
10-020	George Douglas Papers Folder 7 - Poems Etc.pdf	20	literary exercise	1	30	initial AI visual reading of supplied scan	This appears to be a wordplay or composition exercise, built largely from A-words. The heading and much of the text are faint. Names such as Allan and Albert are tentative readings within the exercise and are not evidence about family members. The transcription preserves legible words without supplying a coherent sentence where the source cannot be read.
10-021	George Douglas Papers Folder 7 - Poems Etc.pdf	21	verse draft	1	32	initial AI visual reading of supplied scan	The pencil is very faint across both pages. This record marks the extent of the unresolved writing and preserves scattered words; it is not a continuous reading. “To dream” may be part of a heading or revision. No author or date is supplied. A clearer related version appears at 10-047, Bachelor’s Lament, dated July 1875. The draft has variant wording; its missing words are not mechanically filled from that copy. A focused visual comparison with 10-047 recovers several lines on manuscript page 39; the draft says “Lonely as if I had,” differing from the clearer version. Unread wording remains marked.
10-022	George Douglas Papers Folder 7 - Poems Etc.pdf	22	verse draft	1	14	initial AI visual reading of supplied scan	The poem has numbered stanzas distributed across the facing pages; the transcript follows the physical page order. Several lines are revised, including the line beginning “What sorrows.” The final stanza on page 41 is incomplete in this reading. A poem’s reference to Jim or to thirty years is not independent evidence for a family member’s age or identity. Continuation: 10-023.
10-023	George Douglas Papers Folder 7 - Poems Etc.pdf	23	verse draft	1	1	initial AI visual reading of supplied scan	Continuation of 10-022. “Pains” is written above the third line of the final stanza. The poem is unsigned; its speaker’s experience is not automatically that of the notebook’s owner.
10-024	George Douglas Papers Folder 7 - Poems Etc.pdf	24	calculations	1	2	initial AI visual reading of supplied scan	These pages contain scratch arithmetic without names, units, or transaction descriptions. Some figures overlap. The manuscript numbering jumps from 43 on the preceding scan to 46 and 49 here; no unprovided intervening pages have been reconstructed. Source PDF scan-page numbering remains continuous.
10-025	George Douglas Papers Folder 7 - Poems Etc.pdf	25	verse draft and calculations	1	14	initial AI visual reading of supplied scan	The darker opening verse and the faint lower material are distinguished. The date-like line includes “23 1873,” but the month and its relationship to the verse cannot be established. The right-page heading begins “Lifes Stormy”; its final word and most of the verse remain unreadable. This partial reading does not substitute a known poem for the manuscript.
10-026	George Douglas Papers Folder 7 - Poems Etc.pdf	26	verse draft and property calculations	1	22	initial AI visual reading of supplied scan	The poem is unsigned and cannot be assumed to record a particular family death. A reference to the Stygian shore is retained as poetic language. On the facing page, the figures before horses, hogs, and cattle may be values rather than animal counts; the units are not stated clearly. Similar 51235/148/36435 arithmetic is repeated more clearly on 10-027. Manuscript numbers 52 and 55 are as seen. A clearer related version appears at 10-047, Bachelor’s Lament, dated July 1875. The draft has variant wording; its missing words are not mechanically filled from that copy.
10-027	George Douglas Papers Folder 7 - Poems Etc.pdf	27	property calculation and purchase list	1	14	initial AI visual reading of supplied scan	“Personal P” is retained as an abbreviation, probably personal property. The arithmetic has not been corrected; decimal places are not supplied in the reference transcript. Many purchase-list items are crossed through, which may mark completion rather than textual deletion. The legible remaining quantities and amounts are preserved. Neither the property owner nor the purpose of the division is named.
10-028	George Douglas Papers Folder 7 - Poems Etc.pdf	28	purchase notes and calculations	1	15	initial AI visual reading of supplied scan	The spread contains overlapping calculations and short side notes. A few decimal points and digits remain uncertain. “Bk” is not securely expanded; the word read as Porter is preserved without deciding whether it denotes a commodity or a person. The side notes do not support identifying a named individual without further context. No attempt is made to reconcile the several independent calculations.
10-029	George Douglas Papers Folder 7 - Poems Etc.pdf	29	pen trials and calculations	1	8	initial AI visual reading of supplied scan	The place-name pen trials explicitly include Waxahachie, Ellis County, and Texas. They do not establish residence or a date. Some arithmetic overlaps and cannot be read consistently. The facing page is numbered 65 and contains no substantive entry.
10-030	George Douglas Papers Folder 7 - Poems Etc.pdf	30	survey sketches	1	6	initial AI visual reading of supplied scan	The left sketch is an irregular five-sided outline labeled J. D. Orr and tentatively 50 acres. Its bottom boundary is labeled 813; the top 548; right 372; two slanting sides have 150 and a less certain 241, with bearing extensions. The right sketch has an irregular left boundary and a rectangular indentation on the right. Labels are transcribed around each figure, but a textual list does not reproduce the geometry. Units and ownership are not stated; a survey name alone does not prove title to land. The handwritten page numbers appear to be 68 and 69.
10-031	George Douglas Papers Folder 7 - Poems Etc.pdf	31	verse fragment	1	9	initial AI visual reading of supplied scan	The five lines run across the gutter of the open notebook. They are transcribed as continuous lines across the spread, not as independent left and right page poems. Fading and the gutter prevent a complete reading. The fragment is unsigned and does not identify a child.
10-032	George Douglas Papers Folder 7 - Poems Etc.pdf	32	survey sketch and calculations	1	1	initial AI visual reading of supplied scan	The left drawing includes intersecting diagonal lines and labels 230, 400, 545, and a less certain 367. The drawn outline reaches the page edge; the transcript lists its labels but does not reproduce the geometry. The facing arithmetic is preserved without correction or an asserted final acreage. Some spacing is ambiguous, especially in the long-division work.
10-033	George Douglas Papers Folder 7 - Poems Etc.pdf	33	survey notes	1	4	initial AI visual reading of supplied scan	This fragment describes a stake, an elm 14 inches in diameter, and a branch. “vs” is the source’s surveying abbreviation, read as varas in the family version. The initial property name or reference, one bearing, and the closing tree description remain uncertain. These notes do not identify a complete parcel or owner.
10-034	George Douglas Papers Folder 7 - Poems Etc.pdf	34	survey notes, sketch, and calculations	1	8	initial AI visual reading of supplied scan	The surname Sublett is legible in a distance note, but the preceding property or person is not securely identified. The drawing includes a narrow side strip and cross-lines; several labels are faint. The arithmetic is transcribed without forcing its figures to agree. “vs” is expanded as varas in the family reading.
10-035	George Douglas Papers Folder 7 - Poems Etc.pdf	35	purchase accounts and calculations	1	4	initial AI visual reading of supplied scan	The leather price is somewhat faint. The February 18 purchase list names Elbert Winniford as intermediary (“By”), not necessarily buyer or recipient. The April 25 list has no repeated supplier heading. “No 5” is retained without guessing a fabric type. The inverted arithmetic on page 80 is separate and is not assumed to relate to the leather purchase.
10-036	George Douglas Papers Folder 7 - Poems Etc.pdf	36	purchase accounts and calculations	1	2	initial AI visual reading of supplied scan	Prices for the first two tinware items are not separately clear. The food or household item read as Soda and the cloth name remain tentative. The June 23 entry records payment to Ellis & White and a honey entry; the direction of the honey transaction is not specified. The scratch arithmetic is transcribed in groups without reconciliation or assuming it belongs to these purchases.
10-037	George Douglas Papers Folder 7 - Poems Etc.pdf	37	calculations and faint purchase list	1	4	initial AI visual reading of supplied scan	These calculations overlap a lighter purchase list. The underlying list is too faint and obscured for a reliable full reading; it is explicitly marked rather than silently omitted. The displayed results are retained even where the copied figures appear inconsistent. The purpose of the calculations is not identified.
10-038	George Douglas Papers Folder 7 - Poems Etc.pdf	38	corn account and calculations	1	7	initial AI visual reading of supplied scan	The named account records corn and a settlement involving Gibson. The extensive arithmetic below and on the facing page is not assumed to be part of Potter’s account. Several overlapping figures are unresolved. Manuscript numbers appear as 86 and 89; missing intervening numbers have not been filled with invented pages.
10-039	George Douglas Papers Folder 7 - Poems Etc.pdf	39	account ledger	1	4	initial AI visual reading of supplied scan	The surnames appear as Robison in the headings; the earlier index uses Robinson. Both sets of initials are tentative and should not be conflated. The left and right accounts contain work and reciprocal credits, but the direction of every entry is not established. The written total 19.00 and intermediate figures have not been adjusted to force agreement.
10-040	George Douglas Papers Folder 7 - Poems Etc.pdf	40	account ledger and calculations	1	11	initial AI visual reading of supplied scan	Large diagonal strokes cross the account, apparently a settlement mark; the entries remain transcribed. The intermediary for the February lumber and the initials before Douglas are not secure. The page 92 calculation field is densely overlapping and only partly recoverable. Written subtotals are preserved rather than recomputed.
10-041	George Douglas Papers Folder 7 - Poems Etc.pdf	41	account ledger, pen trials, and calculations	1	9	initial AI visual reading of supplied scan	The page is headed January 14, 1873, but the sale itself is dated November 26, 1872. Both dates are retained; the former may be a posting date. Large flourishes obscure the faint notes on manuscript page 94. The calculation blocks are not assigned to the sale. The right page number appears to be 97.
10-042	George Douglas Papers Folder 7 - Poems Etc.pdf	42	account ledger and calculations	1	5	initial AI visual reading of supplied scan	As on the preceding spread, a January 14, 1873 heading accompanies an older sale dated November 24, 1872. The second surname remains uncertain. The March 22 entry resembles Tom Dunn’s 175-foot entry on 10-012, but the headings are preserved separately. The left page contains overlapping arithmetic and is only partly legible.
10-043	George Douglas Papers Folder 7 - Poems Etc.pdf	43	pen trials, account, and calculations	1	15	initial AI visual reading of supplied scan	The large, elaborate lettering appears to be pen practice rather than a signed document. Most phrases are not securely readable; “County of Ellis” is clear. The facing page records a named account, but the surname is tentative. The arithmetic is not silently reconciled. The lettering covers older figures on page 100.
10-044	George Douglas Papers Folder 7 - Poems Etc.pdf	44	pen trials and calculations	1	19	initial AI visual reading of supplied scan	Multiple forms of Douglas/Douglass appear in ornamental pen practice. The flourish before the surname is not a securely identified given name or signature. The word read as Plantation occurs among practice text and does not establish a particular property or occupation. The inside cover is worn and the arithmetic is fragmentary.
10-045	George Douglas Papers Folder 7 - Poems Etc.pdf	45	poem	5	0	initial AI visual reading of supplied scan	Manuscript page 154. No author’s signature appears on this page. The heading “Parody” is retained without supplying an external source or attribution.
10-046	George Douglas Papers Folder 7 - Poems Etc.pdf	46	poem	4	0	initial AI visual reading of supplied scan	Manuscript page 153, in two columns. Part Second runs from the bottom of the left column to the top of the right; Part Third ends in two rotated margin lines. “Moore” the second and “Tom Moore” are the poem’s own descriptions, not a verified attribution. “times over” is reproduced as written. The text names Emma Couch, but neither her identity nor a historical relationship is established here.
10-047	George Douglas Papers Folder 7 - Poems Etc.pdf	47	poem	5	0	initial AI visual reading of supplied scan	A clearer version of passages also present in the faint notebook drafts at 10-021 and 10-026. The interlinear revision in stanza two is shown explicitly. No signature is visible. The poem’s references to aging, a lost beloved, and death are literary statements; they do not by themselves establish the author’s age, marital status, or a named person’s death.
10-048	George Douglas Papers Folder 7 - Poems Etc.pdf	48	poem continuation	3	0	initial AI visual reading of supplied scan	Manuscript page 75 continues manuscript page 74 at 10-049. Read 10-049 before 10-048. The date appears at the conclusion. The poem’s charges against Inez and its account of Ida are not independently established biographical facts.
10-049	George Douglas Papers Folder 7 - Poems Etc.pdf	49	poem	7	0	initial AI visual reading of supplied scan	Manuscript page 74. Continued at 10-048 (manuscript page 75), where the poem is dated July 1875. The repeated “what what” is retained. “A Douglas” appears in the poem, but it is not an author’s signature. Brushy is not assigned to a specific modern location here. The accusations about Ida, Inez, and women generally are the speaker’s rhetoric, not independently verified statements.
10-050	George Douglas Papers Folder 7 - Poems Etc.pdf	50	poem	5	0	initial AI visual reading of supplied scan	Manuscript page 13, continuing at 10-051 (page 14). “Funny throats” and “evening’s dawn” are retained as written. The speaker’s childhood landscape is called Brushy, but the poem alone does not securely identify either its author or the geographical location. The complete identified reading order is 10-050, 10-051, 10-060, 10-061, 10-052, 10-053 (manuscript pages 13–18).
10-051	George Douglas Papers Folder 7 - Poems Etc.pdf	51	poem continuation	4	0	initial AI visual reading of supplied scan	Manuscript page 14 continues 10-050 (page 13). It continues at 10-060 (page 15), then 10-061 (page 16), 10-052 (page 17), and 10-053 (page 18). The flower battle is explicitly a child’s game, not an account of a military engagement.
10-052	George Douglas Papers Folder 7 - Poems Etc.pdf	52	poem continuation	4	0	initial AI visual reading of supplied scan	Manuscript page 17 follows the displaced pages 15 and 16 at 10-060 and 10-061. The final stanza continues at 10-053 (page 18). Revisions in the birdsong stanza are recorded rather than silently discarded.
10-053	George Douglas Papers Folder 7 - Poems Etc.pdf	53	poem continuation	3	0	initial AI visual reading of supplied scan	Manuscript page 18 continues the playtime stanza at 10-052. “Firing” appears in the line about paying no heed and is retained, although “giving” would be expected in context. The enlarged native scan resolves the end of the venom line as “natively inbred.” This page has no separate title, date, or signature. The complete identified reading order is 10-050, 10-051, 10-060, 10-061, 10-052, 10-053 (manuscript pages 13–18).
10-054	George Douglas Papers Folder 7 - Poems Etc.pdf	54	poem	3	3	initial AI visual reading of supplied scan	Manuscript page 64; continues on manuscript page 65 at 10-057, then page 66 at 10-056. That concluding page is dated February 1873. Faded words are marked; the line beginning “The grandly great” is not completed from the rhyme or expected meaning. Miss Ida is not identified beyond the dedication.
10-055	George Douglas Papers Folder 7 - Poems Etc.pdf	55	poem continuation	3	3	initial AI visual reading of supplied scan	Manuscript page 63, a conclusion whose river imagery and gossamer stanza also appear in the faint drafts at 10-016–10-018. Several words are faded even in the native scan. The place and duration of the speaker’s life cannot be inferred from the general meditation on death. The opening is at 10-059 (page 61), followed by 10-058 (page 62) and this page (63).
10-056	George Douglas Papers Folder 7 - Poems Etc.pdf	56	poem continuation	3	4	initial AI visual reading of supplied scan	Manuscript page 66 concludes “Things I Love.” Read 10-054 (page 64), 10-057 (page 65), then this page. Several words fade at a vertical band in the scan and remain tentative. The concluding religious language is transcribed as the poem’s statement of faith.
10-057	George Douglas Papers Folder 7 - Poems Etc.pdf	57	poem continuation	2	6	initial AI visual reading of supplied scan	Manuscript page 65 is the middle page of “Things I Love”: read 10-054, 10-057, 10-056. Faded ends of lines remain marked rather than filled solely from rhyme. “Annealed” is the visible source word. The difficult phrase following “raptured thrill” is a tentative reading, not a reconstructed line.
10-058	George Douglas Papers Folder 7 - Poems Etc.pdf	58	poem continuation	4	5	initial AI visual reading of supplied scan	Manuscript page 62 continues page 61 at 10-059 and precedes page 63 at 10-055. Several pale phrases remain unresolved. The poem’s Indigenous imagery and generalized historical claims are preserved as literary content, not archaeological evidence or verified local history.
10-059	George Douglas Papers Folder 7 - Poems Etc.pdf	59	poem	5	3	initial AI visual reading of supplied scan	Manuscript page 61. Read 10-059, 10-058, 10-055 (manuscript pages 61–63); the conclusion is dated June 1874. “Grave” is inserted above the first stanza. The poem imagines an Indigenous grave and presents a nineteenth-century narrative of Indigenous disappearance. Neither the grave’s identity or age nor the claim of disappearance is independently established by this poem. No tribal identity or precise landmark is supplied.
10-060	George Douglas Papers Folder 7 - Poems Etc.pdf	60	poem continuation	4	1	initial AI visual reading of supplied scan	Manuscript page 15 is displaced in the PDF. Read 10-050, 10-051, 10-060, 10-061, 10-052, 10-053 for manuscript pages 13–18. “Stripes” is retained in the final stanza; the last word of that line is uncertain. The final stanza continues at 10-061.
10-061	George Douglas Papers Folder 7 - Poems Etc.pdf	61	poem continuation	4	0	initial AI visual reading of supplied scan	Manuscript page 16 follows 10-060 and precedes 10-052. This locates the two manuscript pages displaced from the poem’s earlier scan sequence. The closing stanza is syntactically difficult; its words and line divisions are preserved without rewriting the archival text into smoother theology. The final phrase appears to be “Resting the bliss,” not silently changed to “Tasting.”
10-062	George Douglas Papers Folder 7 - Poems Etc.pdf	62	contents list on reused military form	2	7	initial AI visual reading of supplied scan	The list is written over an unfilled printed Confederate Army descriptive-roll form. The numbers are notebook references, not scan-page identifiers. Several titles are repeated. Some faint entries and the surname before “Esq.” remain uncertain. The printed form headings do not describe the people named in the literary contents list.
10-063	George Douglas Papers Folder 7 - Poems Etc.pdf	63	journal	4	24	initial AI visual reading of supplied scan	An independent partial reading of a journal written on a reused military form. The page is dark and several names and letter sequences are unclear. Superscript numbers occur within the lists; their purpose is not explained, so they are retained without converting them into ages, quantities, or dates. No full names are supplied for initials. The January 1866 lists and later entries need further manuscript review.
10-064	George Douglas Papers Folder 7 - Poems Etc.pdf	64	journal	3	9	initial AI visual reading of supplied scan	Dark scan of another reused printed military form. Most of the August entry is too faint for a dependable full reading; it mentions “Cousin Mollie.” The September entry describes a wedding and the season’s first norther, a cold wind, but the place name remains tentative. Neither the marrying couple nor the diarist is identified on this page.
10-065	George Douglas Papers Folder 7 - Poems Etc.pdf	65	poem	3	0	initial AI visual reading of supplied scan	Manuscript page 5, on a reused military form. Continues through 10-066–10-068, ending with a May 1, 1866 date. “Elm Grove” and the four rivals’ labels are left as the poem presents them; no identities or modern place locations are inferred. Hymen’s bower is an image of marriage. The light, competitive rhetoric does not establish actual engagements.
10-066	George Douglas Papers Folder 7 - Poems Etc.pdf	66	poem continuation	4	0	initial AI visual reading of supplied scan	Manuscript page 6 follows 10-065 and continues at 10-067. The names in quotation marks function as the poem’s labels. The charge of deception against a rival and references to gossip are literary claims, not verified conduct. “Ans” is reproduced as written, apparently a shortened “ands.”
10-067	George Douglas Papers Folder 7 - Poems Etc.pdf	67	poem continuation	3	0	initial AI visual reading of supplied scan	Manuscript page 7 follows 10-066 and continues at 10-068. “Unsoond” and “howies” are retained as visible nonstandard forms; the precise sense of “howies” is unclear. The extravagant curses and threat are part of a comic rivalry poem, not evidence that a physical attack occurred. “Paddy” is the source’s dated ethnic stereotype.
10-068	George Douglas Papers Folder 7 - Poems Etc.pdf	68	poem conclusion and epigrams	8	2	initial AI visual reading of supplied scan	Manuscript page 8 concludes 10-065–10-067. The final question is underlined. “Verdant Hill” may be a joking designation or persona; no real identity is assigned. Four separate epigrams occupy the lower part of the page in two columns. Their jokes about Liberty, prayer meetings, compositions, and funerals are reproduced as satire, not as a verified description of a community. Two names remain tentative.
10-069	George Douglas Papers Folder 7 - Poems Etc.pdf	69	poem	5	0	initial AI visual reading of supplied scan	Manuscript page 9 refers back to the rivals in 10-065–10-068. “Shiloh” is inserted above the line listing them. The page explicitly directs the reader to manuscript page 53 for its continuation. The speaker presents himself as unknown; this is not an author’s signature. “Whales” is retained as written. The continuation has been located at 10-093–10-096 (manuscript pages 33–36); 10-093 explicitly says “Continued from 9th page.” The forward reference here was read as 53 and is retained pending closer numeral comparison.
10-070	George Douglas Papers Folder 7 - Poems Etc.pdf	70	prose essay	2	0	initial AI visual reading of supplied scan	Manuscript page 10 continues at 10-071. This is the writer’s satirical criticism, not a neutral survey. The location and date become explicit on the following page: Ellis County, Texas, May 1866. “Native and Adopted citizens” here distinguishes local-born residents and newcomers in the writer’s wording; it is not an identification of Indigenous ancestry. Song titles are transcribed, not attributed to an external version.
10-071	George Douglas Papers Folder 7 - Poems Etc.pdf	71	prose essay continuation	2	5	initial AI visual reading of supplied scan	Manuscript page 11 concludes the essay begun at 10-070. A few faded phrases, especially at the bottom, remain uncertain. The place and month-year are explicit. Broad claims about everyone’s behavior or feelings are the writer’s judgments and are not independently established.
10-072	George Douglas Papers Folder 7 - Poems Etc.pdf	72	journal entry	4	10	initial AI visual reading of supplied scan	Manuscript page 12. School proprietor’s surname and several faded words remain uncertain. An “examination” here includes a public stage exhibition. The writer’s “Hymeneal affair” refers to a romantic or marital connection but does not identify a couple or independently establish a wedding. The final lines are washed out.
10-073	George Douglas Papers Folder 7 - Poems Etc.pdf	73	personal reflection	1	12	initial AI visual reading of supplied scan	Manuscript page 13 is unsigned and undated. The preceding page is dated July 4, 1866; this does not establish this page’s date or author. Sixteen years is an explicit statement, but a circa-1850 arrival would be an inference contingent on dating and identification. The writer’s opinions about climate, inhabitants and millers are not independently verified. The lower portion is faded and several connecting clauses remain unreadable.
10-074	George Douglas Papers Folder 7 - Poems Etc.pdf	74	prose essay	2	0	initial AI visual reading of supplied scan	Manuscript page 14 continues at 10-075. This is a general reflection, not a list of the writer’s own identified relatives. The following page says it was written at a young lady’s request at Seclusion, September 20, 1866.
10-075	George Douglas Papers Folder 7 - Poems Etc.pdf	75	essay conclusion and sonnet	2	0	initial AI visual reading of supplied scan	Manuscript page 15 concludes “Home” at 10-074, dated Seclusion, September 20, 1866. A separate sonnet is dated Seclusion, July 1866. The sonnet’s unusual words “elysion” and “atherian” are retained as read; the revised seventh line is syntactically awkward. “Blent Flowers” is the title as read. Seclusion is not expanded into a geographic identification.
10-076	George Douglas Papers Folder 7 - Poems Etc.pdf	76	poem	6	0	initial AI visual reading of supplied scan	Manuscript page 16 continues at 10-077, where it is signed Geo. Douglas and dated November 18, 1866. The recipient is given here only by initials. The printed form is reused stationery, not a completed enlistment record.
10-077	George Douglas Papers Folder 7 - Poems Etc.pdf	77	poems	3	3	initial AI visual reading of supplied scan	Manuscript page 17 concludes 10-076. The signature Geo. Douglas and date Seclusion, November 18, 1866 are explicit. A separate verse below is dated June 27, 1869, with a short initial-like mark. Its third line ends “ever” without a clear following verb; this is retained. The farm name and “hearts” remain uncertain.
10-078	George Douglas Papers Folder 7 - Poems Etc.pdf	78	comic poem	7	0	initial AI visual reading of supplied scan	Manuscript page 18 begins a comic poem continued through 10-080, dated Seclusion, December 8, 1866. Initials are not expanded with certainty. The bone becomes an insult to a person in the final stanza; its gnawing imagery is figurative.
10-079	George Douglas Papers Folder 7 - Poems Etc.pdf	79	comic poem continuation	7	0	initial AI visual reading of supplied scan	Manuscript page 19 continues 10-078; concludes at 10-080. The speaker says he was in the army, within a comic poem. This line alone does not identify an author or military unit.
10-080	George Douglas Papers Folder 7 - Poems Etc.pdf	80	poem conclusion and album verse	4	1	initial AI visual reading of supplied scan	Manuscript page 20 concludes 10-078–10-079 with an allusion to Balaam’s animal and a proposal of tar and feathers. This is a satirical threat within verse, not evidence that an assault took place. A separate “For an Album” is dated February 12, 1867 and signed Geo. A blot obscures part of the final line.
10-081	George Douglas Papers Folder 7 - Poems Etc.pdf	81	album poem	6	2	initial AI visual reading of supplied scan	Manuscript page 21. Part of the second line of the final stanza remains unreadable after enlargement. The last line reads “Nor breathes for others woes a sigh”; it is not silently reversed to make a conventionally sympathetic ending. No author or recipient is named.
10-082	George Douglas Papers Folder 7 - Poems Etc.pdf	82	love poem	7	0	initial AI visual reading of supplied scan	Manuscript page 22 continues through 10-084, where it is signed Geo. Douglas, Seclusion, October 15, 1866. Mary is named in the poem; her remaining initials are not expanded. “Red Oak” is named as a watercourse in the poem. Unusual syntax, such as “Drawn with true magnet,” is retained.
10-083	George Douglas Papers Folder 7 - Poems Etc.pdf	83	love poem continuation	7	0	initial AI visual reading of supplied scan	Manuscript page 23 continues 10-082 and leads to 10-084. “Through scattering and few” is retained as written; it may have been intended as “though.” The closing two lines begin a stanza completed on the next page. The love and hope expressed belong to the speaker, not an established reciprocal relationship.
10-084	George Douglas Papers Folder 7 - Poems Etc.pdf	84	poem conclusion and new poem	6	0	initial AI visual reading of supplied scan	Manuscript page 24 concludes 10-082–10-083 with Geo. Douglas’s signature and October 15, 1866 date. “Friendships first brightling” is retained. “To the Same” then begins and continues at 10-085. The unusual wording “Minstrels gay foes” is transcribed as read, without replacing it with a conjectural bird phrase.
10-085	George Douglas Papers Folder 7 - Poems Etc.pdf	85	love poem continuation	4	1	initial AI visual reading of supplied scan	Manuscript page 25 continues “To the Same” from 10-084. A date at the right edge reads Nov 186 followed by loss; it is not completed conjecturally. The following stanza has the separate date January 27, 1867. Some unusual phrasing, including “ranging hopes,” is retained.
10-086	George Douglas Papers Folder 7 - Poems Etc.pdf	86	satirical poem	1	0	initial AI visual reading of supplied scan	Manuscript page 26 begins a long satirical poem continued through 10-090. “To twain bright garland posies weaving ever” is unusual wording retained as read. The social and physical descriptions are the speaker’s often unkind judgments. This verse should not be treated as a verified report about identifiable people.
10-087	George Douglas Papers Folder 7 - Poems Etc.pdf	87	satirical poem continuation	2	1	initial AI visual reading of supplied scan	Manuscript page 27 continues 10-086 and leads to 10-088. Unusual syntax and “peped” are retained. The verb before “about” near the bottom is uncertain. Derogatory descriptions of widows and young women are the writer’s language, not editorial judgments.
10-088	George Douglas Papers Folder 7 - Poems Etc.pdf	88	satirical poem continuation	2	0	initial AI visual reading of supplied scan	Manuscript page 28 continues 10-087 and leads to 10-089. The unusual phrase “by the forewarning head” is retained as read; its meaning is uncertain. The boasts and imagined courtship behavior are part of a comic speaker’s voice, not established actions by an identified ancestor.
10-089	George Douglas Papers Folder 7 - Poems Etc.pdf	89	satirical poem continuation	2	1	initial AI visual reading of supplied scan	Manuscript page 29 continues 10-088 and leads to 10-090. The geographic or mythological name before “bright congenial shores” is uncertain; Cythera is a tentative reading only. Several grammatically irregular lines remain as written. The attacks on critics are the speaker’s rhetoric.
10-090	George Douglas Papers Folder 7 - Poems Etc.pdf	90	poem conclusion	2	1	initial AI visual reading of supplied scan	Manuscript page 30 concludes 10-086–10-089, dated September 1866. Several unusual phrases are retained, including “propitious climes,” “sweetish of caress,” and the final line. A deleted word before “maiden” is illegible. The romantic scene is a poetic description, not evidence of a particular relationship.
10-091	George Douglas Papers Folder 7 - Poems Etc.pdf	91	reflective poem	6	0	initial AI visual reading of supplied scan	Manuscript page 31 continues at the top of 10-092, dated Seclusion, August 23, 1866. “What once” and the unusual syntax of the longer stanza are retained. The poem’s buried hopes and blighted life are figurative statements, not proof of a named bereavement.
10-092	George Douglas Papers Folder 7 - Poems Etc.pdf	92	poems and marginal verse	5	1	initial AI visual reading of supplied scan	Manuscript page 32 contains three distinguishable pieces: the conclusion of 10-091, dated August 23, 1866; a new poem continuing into the lower right margin, signed George Douglas and dated January 14, 1867; and a separate eight-line marginal verse signed G. D. The marginal writing was rotated for reading. “Simoons” denotes the poem’s hot desert winds; the metaphors do not establish travel to a desert. The word before “waste” in the short verse remains uncertain.
10-093	George Douglas Papers Folder 7 - Poems Etc.pdf	93	comic poem continuation	4	0	initial AI visual reading of supplied scan	Manuscript page 33 explicitly continues page 9, which is scan 10-069; the poem runs through 10-096. Here Miss McFarland and Miss Maggie Bell are named, but the men’s sobriquets remain unexpanded. “Howies,” “incog,” and awkward rhymes are retained. The boast about firing from behind a log is a metaphor for anonymous verse, not a report of shooting. The July 4 encounter is a claim in comic verse, not independently corroborated.
10-094	George Douglas Papers Folder 7 - Poems Etc.pdf	94	comic poem continuation	4	0	initial AI visual reading of supplied scan	Manuscript page 34 continues 10-093 and leads to 10-095. Kitty, Samuel Pace, Laura, and Pleasant hill are named in the verse, but their identities and the literal truth of the romantic competition are not established. “A modern Pope” is a literary allusion in a boast about poetry; no external attribution is asserted.
10-095	George Douglas Papers Folder 7 - Poems Etc.pdf	95	comic poem continuation	4	0	initial AI visual reading of supplied scan	Manuscript page 35 continues 10-094 and leads to 10-096. “Delphine” and “leige” are retained as written. Generals, corporal, gunpowder, and siege belong to the courtship metaphor and do not establish military ranks or a violent incident. The poem claims Sammy won Laura’s heart; this is not a marriage record.
10-096	George Douglas Papers Folder 7 - Poems Etc.pdf	96	poem conclusion and epigrams	3	1	initial AI visual reading of supplied scan	Manuscript page 36 concludes the poem begun at 10-069 and resumed at 10-093–10-095; dated July 30, 1866. The awkward second couplet is retained. Two separate epigrams below mock unmarried women and marriage. A “curtain lecture” is a domestic scolding in the joke, not a documented event. No signature appears here.
10-097	George Douglas Papers Folder 7 - Poems Etc.pdf	97	reflective poem	7	0	initial AI visual reading of supplied scan	Manuscript page 37 continues at 10-098, dated Seclusion, August 26, 1866. The poem’s infant, mother, angels, and later despair are generalized images. No particular child or mother is identified.
10-098	George Douglas Papers Folder 7 - Poems Etc.pdf	98	poem conclusion	6	0	initial AI visual reading of supplied scan	Manuscript page 38 concludes 10-097, dated August 26, 1866. The final stanza imagines an early grave as preserving childhood innocence. It is literary and religious reflection, not a death notice or evidence that a particular child died.
10-099	George Douglas Papers Folder 7 - Poems Etc.pdf	99	reflective love poem	4	0	initial AI visual reading of supplied scan	Manuscript page 39 has a continuation reference read as page 52. The writer imagines winning an unnamed beloved’s heart; this is hope, not proof of a relationship. Some grammar is irregular and has not been silently repaired in the reference transcript. The continuation is at 10-112 (manuscript page 52), which explicitly refers back to page 39, and then 10-113.
10-100	George Douglas Papers Folder 7 - Poems Etc.pdf	100	comic apology poem	7	1	initial AI visual reading of supplied scan	Manuscript page 40 continues at 10-101, dated August 15, 1866. The line about forwarding the rhyme contains uncertain or awkward wording. “By my impassioned nature drives” and the final lines are retained despite irregular syntax. This poem refers to the recipient’s reported offense at anonymous verses; it does not establish the identities behind the earlier sobriquets.
10-101	George Douglas Papers Folder 7 - Poems Etc.pdf	101	poem conclusion	7	0	initial AI visual reading of supplied scan	Manuscript page 41 concludes 10-100, dated August 15, 1866. “Humbly” is repeated in the source. The parenthetical exception reads “one lovely girl” after enlargement. The poet promises to invoke the Parnassian Nine, a classical reference to the Muses. He does not reveal his name on this page.
10-102	George Douglas Papers Folder 7 - Poems Etc.pdf	102	poem	3	1	initial AI visual reading of supplied scan	Manuscript page 42 continues at 10-103, dated Seclusion, August 21, 1866. The dedication appears to give the surname Green, but the letters after the capital are indistinct; it remains a tentative reading. The nearby poems use M. L. G. and may concern the same person, but the full identity is not established. The classical invocation is literary imagery.
10-103	George Douglas Papers Folder 7 - Poems Etc.pdf	103	poem conclusion	3	0	initial AI visual reading of supplied scan	Manuscript page 43 concludes “Invocation” at 10-102. The date is August 21, 1866. “Which requires no grosser props our to insure” is awkward wording retained as read; the family version gives its apparent general sense without inventing a missing object. “Adamant” is used as a metaphor for something enduring or unyielding.
10-104	George Douglas Papers Folder 7 - Poems Etc.pdf	104	memorial poem	3	0	initial AI visual reading of supplied scan	Manuscript page 44 begins an elegy continued through the upper part of 10-106, where it is signed George Douglas and dated Seclusion, December 24, 1866. The heading names Robert D. Andrews. The poem records a funeral and later calls him a friend and companion of the speaker’s youth; it does not give an age, kinship, burial location, or precise date of death. Quotation marks indicate a passage voiced as a funeral address, not a verified verbatim sermon.
10-105	George Douglas Papers Folder 7 - Poems Etc.pdf	105	memorial poem continuation	1	0	initial AI visual reading of supplied scan	Manuscript page 45 continues the elegy for Robert D. Andrews at 10-104 and leads to 10-106. “Affections holds” is the awkward phrase as read. The poem explicitly says “Friend and companion of my youth”; it does not say cousin, brother, or another kinship.
10-106	George Douglas Papers Folder 7 - Poems Etc.pdf	106	memorial poem conclusion and related verse	4	0	initial AI visual reading of supplied scan	Manuscript page 46 concludes 10-104–10-105, signed George Douglas, Seclusion, December 24, 1866. “Ad idem” introduces a separate poem on the same subject, continuing at 10-107. The graveyard is described but not named. “Where the sunshine” is retained without supplying an absent verb.
10-107	George Douglas Papers Folder 7 - Poems Etc.pdf	107	memorial poem conclusion	6	0	initial AI visual reading of supplied scan	Manuscript page 47 concludes the second memorial poem begun at 10-106. Signed Geo. D., dated January 5, 1867. “Courtesy and truth” is presented as the deceased companion’s motto in the poem. In context the subject is associated with the preceding Robert D. Andrews elegy, but his name is not repeated here. Religious statements express the poet’s belief.
10-108	George Douglas Papers Folder 7 - Poems Etc.pdf	108	reflective poem	7	0	initial AI visual reading of supplied scan	Manuscript page 48 continues at 10-109. The poem contrasts spiritual joy with bitterness and human reasoning. Religious imagery is preserved as the speaker’s belief; the line about an aim bought with blood is not a record of a specific injury or battle.
10-109	George Douglas Papers Folder 7 - Poems Etc.pdf	109	poem conclusion	6	0	initial AI visual reading of supplied scan	Manuscript page 49 concludes 10-108, signed Geo. D., June 14, 1867 as read. The repeated word is “isms,” a general attack on human systems or doctrines, not a named creed. “Pour into a heavenly ray” is awkward wording retained in the reference transcript.
10-110	George Douglas Papers Folder 7 - Poems Etc.pdf	110	album poem	7	0	initial AI visual reading of supplied scan	Manuscript page 50, dated February 1867. No author or recipient is named. The closing lines imagine the writer’s future death; they are not evidence that he died then. Grammatical forms such as “didst fall” are retained.
10-111	George Douglas Papers Folder 7 - Poems Etc.pdf	111	song text	4	0	initial AI visual reading of supplied scan	Manuscript page 51, dated February 1867, titled Song. Irene is explicitly named, but no surname, signature, tune, or proof of a real relationship is supplied. “While we live above” is retained, even though its sense is unusual. This may be original or copied verse; attribution beyond the manuscript is not established.
10-112	George Douglas Papers Folder 7 - Poems Etc.pdf	112	reflective poem continuation	3	0	initial AI visual reading of supplied scan	Manuscript page 52 explicitly continues page 39 (10-099) and leads to 10-113. The unusual forms “thou is spread” and “warping Stream” are retained. The insertion “dark” is visible above the line about Reality. The goddess is a personification of imagination, not an identified woman.
10-113	George Douglas Papers Folder 7 - Poems Etc.pdf	113	poem conclusion and satire	4	0	initial AI visual reading of supplied scan	The first two lines complete Idle Hours, read 10-099, 10-112, 10-113; they are signed Geo. D., January 5, 1867. A distinct, unsigned satirical poem follows, dated May 1869. Its insults and references to an old maid, an old man and children do not establish anyone’s marriage or family. The apparent contradiction is retained.
10-114	George Douglas Papers Folder 7 - Poems Etc.pdf	114	reflective poem	6	1	initial AI visual reading of supplied scan	Manuscript page 54 continues at 10-115. The recipient is given only by initials; no surname is expanded. One faded word in the second stanza is tentative. The poem’s despair is a literary expression, not proof of a particular broken engagement.
10-115	George Douglas Papers Folder 7 - Poems Etc.pdf	115	poem continuation	6	2	initial AI visual reading of supplied scan	Continues 10-114. Two short faded passages remain unread. The following scan starts Visit to Siloam, a different poem; a further continuation of the present poem should not be assumed from physical adjacency alone.
10-116	George Douglas Papers Folder 7 - Poems Etc.pdf	116	narrative poem	3	0	initial AI visual reading of supplied scan	Continues at 10-117. “Brumaire” is the word written, not silently converted to a modern date. The precise location of Siloam is not established here. The poem describes a social outing and should not be treated as a verified itinerary.
10-117	George Douglas Papers Folder 7 - Poems Etc.pdf	117	narrative poem continuation	5	0	initial AI visual reading of supplied scan	Continues 10-116. Prospect Hill and Prospect Junior appear as literary names or nicknames, not identified persons. Some quotation marks are opened on successive lines without closing marks; their form is retained. “To all I came here at Siloam” is awkward but retained. The next scan opens mid-thought; continuity across the transition is not established.
10-118	George Douglas Papers Folder 7 - Poems Etc.pdf	118	poem conclusion and short verse	5	0	initial AI visual reading of supplied scan	The first poem begins mid-thought and is signed Geo. D., Seclusion, November 4, 1866. Its social imagery may connect with Visit to Siloam (10-116–117), but intervening wording has not been securely located. “May the Sunshine of! softness” is retained as written; the source’s parenthesized question mark after “may” is original, not an editorial uncertainty. A separate verse on love and friendship is signed Geo. D., December 1866. Euroclydon is used as storm imagery, not an account of an actual storm.
10-119	George Douglas Papers Folder 7 - Poems Etc.pdf	119	dedicatory poems	6	0	initial AI visual reading of supplied scan	The first poem is addressed to Miss Mat. A. and signed Geo. D., July 1866. “Ad idem” introduces another poem to the same subject, continued at 10-120. The initials and shortened name are not expanded; a real courtship or engagement is not established. The overwritten first occurrence of “could” is treated as canceled.
10-120	George Douglas Papers Folder 7 - Poems Etc.pdf	120	poem conclusion and epigrams	4	0	initial AI visual reading of supplied scan	The first two stanzas complete Ad idem at 10-119, signed Geo. D., December 1866. The irregular wording “burie lie / For Loves rolls deep divining” is retained; its exact sense is uncertain. Two distinct short satires follow. Neither identifies a deceased person or grave.
10-121	George Douglas Papers Folder 7 - Poems Etc.pdf	121	reflective poem	1	1	initial AI visual reading of supplied scan	Begins a long poem continued through 10-128; read in consecutive scan order, rotating 10-123. The present page is undated and unsigned. A faded portion of the fourth verse line remains unread. “But what would ere the instant fade” and “wildest boast” are retained as read.
10-122	George Douglas Papers Folder 7 - Poems Etc.pdf	122	poem continuation	2	0	initial AI visual reading of supplied scan	Continues 10-121 and leads to 10-123, which is inverted in the PDF. The canceled word before “fragrant” is retained as an editorial deletion. The closing metaphor is “Then swelled its storminess,” not an assertion about an actual sea voyage.
10-123	George Douglas Papers Folder 7 - Poems Etc.pdf	123	poem continuation	2	0	initial AI visual reading of supplied scan	The scan is inverted; transcription follows a 180-degree rotation. Continues 10-122 and leads to 10-124. The quotation marks around “dying fall” occur in the manuscript; no external literary attribution is established here.
10-124	George Douglas Papers Folder 7 - Poems Etc.pdf	124	poem continuation	2	0	initial AI visual reading of supplied scan	Continues 10-123 and leads directly to 10-125. Two revisions are visible: “robbed of ease” replaces canceled wording, and “some” replaces “us” in the line about heaven. The latter change matters to the poem’s subsequent discussion of competing salvation doctrines. The canceled phrase in the first revision is read as “’tis desperate.”
10-125	George Douglas Papers Folder 7 - Poems Etc.pdf	125	poem continuation	1	0	initial AI visual reading of supplied scan	Continues 10-124 and leads to 10-126. The following pages introduce different quoted voices making competing religious claims. These should not all be attributed as the writer’s own beliefs.
10-126	George Douglas Papers Folder 7 - Poems Etc.pdf	126	poem continuation	2	0	initial AI visual reading of supplied scan	Continues 10-125 and leads to 10-127. Quotation marks distinguish successive doctrinal voices. The first asserts salvation by faith alone; a second voice begins near the foot of the page. Denominational identities are not supplied by the manuscript and are not assigned here.
10-127	George Douglas Papers Folder 7 - Poems Etc.pdf	127	poem continuation	2	0	initial AI visual reading of supplied scan	Continues 10-126 and leads to 10-128. One voice describes belief and immersion; a new voice asserts election and exclusion from redemption. “Predefined” and the awkward “For the hungry many waiting Soul” are retained. These quoted claims are subsequently challenged in the poem.
10-128	George Douglas Papers Folder 7 - Poems Etc.pdf	128	poem conclusion	3	0	initial AI visual reading of supplied scan	Concludes Hours of Bitterness (10-121–128), dated February 1867, without a signature on this page. The final quotation rejects the conflicting teachers and their sectarian creeds. This is a critique of those claims, not sufficient evidence by itself that the author rejected all religious belief. Horizontal separators in the manuscript distinguish the three movements reproduced as paragraphs.
10-129	George Douglas Papers Folder 7 - Poems Etc.pdf	129	love poem	7	2	initial AI visual reading of supplied scan	The heading is badly faded: “Blue Eyes” is tentative and remaining title wording unread. Dated February 1867, with no visible signature or named recipient. The poem explicitly locates the encounter in imagination; it does not identify a partner or establish a relationship.
10-130	George Douglas Papers Folder 7 - Poems Etc.pdf	130	reflective poem	4	0	initial AI visual reading of supplied scan	Continues at 10-131–132, where it is dated February 1867. The title explicitly answers “Forget; Oh! never!” but no author of that earlier piece is given. Repeated “with with” and other grammatical irregularities are retained. The poem is unsigned on these pages.
10-131	George Douglas Papers Folder 7 - Poems Etc.pdf	131	poem continuation	4	0	initial AI visual reading of supplied scan	Continues 10-130 and leads to 10-132. The war is not named, nor are battles, dates of service or the woman in the final stanza. In the collection’s context the Civil War is a plausible referent, but this unsigned literary passage alone does not document a particular combat experience. “Her fiercely cast them” is retained as read, with uncertain syntax; the family version gives its apparent sense.
10-132	George Douglas Papers Folder 7 - Poems Etc.pdf	132	poem conclusion	2	0	initial AI visual reading of supplied scan	Concludes 10-130–132, dated February 1867. The gendered judgment in “Stains with effeminacy manhood’s stern way” belongs to the text and is preserved, not endorsed. The sepulchral and shattered-tree imagery does not by itself establish the death of the unnamed beloved or particular relatives.
10-133	George Douglas Papers Folder 7 - Poems Etc.pdf	133	verse on a separate sheet	1	2	initial AI visual reading of supplied scan	The separate sheet is sideways in the PDF and is read after clockwise rotation. The name after “By” is tentatively Lizzie Douglas, not assigned to George Douglas. “Written” may refer to copying rather than composition; original authorship has not been verified. An apparent canceled “with,” a correction within “effervescent,” the inserted “fabled,” and the substitution of “glory” for “beauty” are preserved. The irregular line “To a Clasic model” and repeated “with with” are retained. The woman described is unnamed.
