page_id	source_pdf	source_scan_page	edition_volume	edition_pdf	entry_start_pdf_page
01-001	ACU CRS MS5 - 01 - Finding Aid, George Douglas Papers 1830-1939.pdf	1	I	George-Douglas-Annotated-Transcription-Volume-I.pdf	5
01-002	ACU CRS MS5 - 01 - Finding Aid, George Douglas Papers 1830-1939.pdf	2	I	George-Douglas-Annotated-Transcription-Volume-I.pdf	5
01-003	ACU CRS MS5 - 01 - Finding Aid, George Douglas Papers 1830-1939.pdf	3	I	George-Douglas-Annotated-Transcription-Volume-I.pdf	6
01-004	ACU CRS MS5 - 01 - Finding Aid, George Douglas Papers 1830-1939.pdf	4	I	George-Douglas-Annotated-Transcription-Volume-I.pdf	6
01-005	ACU CRS MS5 - 01 - Finding Aid, George Douglas Papers 1830-1939.pdf	5	I	George-Douglas-Annotated-Transcription-Volume-I.pdf	7
01-006	ACU CRS MS5 - 01 - Finding Aid, George Douglas Papers 1830-1939.pdf	6	I	George-Douglas-Annotated-Transcription-Volume-I.pdf	8
02-001	ACU CRS MS5 - 02 - L. Douglas Sermon Notes, 16 Feb 1883.pdf	1	I	George-Douglas-Annotated-Transcription-Volume-I.pdf	10
02-002	ACU CRS MS5 - 02 - L. Douglas Sermon Notes, 16 Feb 1883.pdf	2	I	George-Douglas-Annotated-Transcription-Volume-I.pdf	10
02-003	ACU CRS MS5 - 02 - L. Douglas Sermon Notes, 16 Feb 1883.pdf	3	I	George-Douglas-Annotated-Transcription-Volume-I.pdf	10
02-004	ACU CRS MS5 - 02 - L. Douglas Sermon Notes, 16 Feb 1883.pdf	4	I	George-Douglas-Annotated-Transcription-Volume-I.pdf	11
03-001	ACU CRS MS5 - 03 - Sylvana Church Endorsement for George Douglas, Sept 1888.pdf	1	I	George-Douglas-Annotated-Transcription-Volume-I.pdf	12
03-002	ACU CRS MS5 - 03 - Sylvana Church Endorsement for George Douglas, Sept 1888.pdf	2	I	George-Douglas-Annotated-Transcription-Volume-I.pdf	12
03-003	ACU CRS MS5 - 03 - Sylvana Church Endorsement for George Douglas, Sept 1888.pdf	3	I	George-Douglas-Annotated-Transcription-Volume-I.pdf	12
03-004	ACU CRS MS5 - 03 - Sylvana Church Endorsement for George Douglas, Sept 1888.pdf	4	I	George-Douglas-Annotated-Transcription-Volume-I.pdf	13
03-005	ACU CRS MS5 - 03 - Sylvana Church Endorsement for George Douglas, Sept 1888.pdf	5	I	George-Douglas-Annotated-Transcription-Volume-I.pdf	13
04-001	ACU CRS MS5 - 04 - Folder 1, Correspondence and Loan Papers.pdf	1	II	George-Douglas-Annotated-Transcription-Volume-II.pdf	4
04-002	ACU CRS MS5 - 04 - Folder 1, Correspondence and Loan Papers.pdf	2	II	George-Douglas-Annotated-Transcription-Volume-II.pdf	4
04-003	ACU CRS MS5 - 04 - Folder 1, Correspondence and Loan Papers.pdf	3	II	George-Douglas-Annotated-Transcription-Volume-II.pdf	5
04-004	ACU CRS MS5 - 04 - Folder 1, Correspondence and Loan Papers.pdf	4	II	George-Douglas-Annotated-Transcription-Volume-II.pdf	5
04-005	ACU CRS MS5 - 04 - Folder 1, Correspondence and Loan Papers.pdf	5	II	George-Douglas-Annotated-Transcription-Volume-II.pdf	6
04-006	ACU CRS MS5 - 04 - Folder 1, Correspondence and Loan Papers.pdf	6	II	George-Douglas-Annotated-Transcription-Volume-II.pdf	7
04-007	ACU CRS MS5 - 04 - Folder 1, Correspondence and Loan Papers.pdf	7	II	George-Douglas-Annotated-Transcription-Volume-II.pdf	7
04-008	ACU CRS MS5 - 04 - Folder 1, Correspondence and Loan Papers.pdf	8	II	George-Douglas-Annotated-Transcription-Volume-II.pdf	8
04-009	ACU CRS MS5 - 04 - Folder 1, Correspondence and Loan Papers.pdf	9	II	George-Douglas-Annotated-Transcription-Volume-II.pdf	8
04-010	ACU CRS MS5 - 04 - Folder 1, Correspondence and Loan Papers.pdf	10	II	George-Douglas-Annotated-Transcription-Volume-II.pdf	9
04-011	ACU CRS MS5 - 04 - Folder 1, Correspondence and Loan Papers.pdf	11	II	George-Douglas-Annotated-Transcription-Volume-II.pdf	9
04-012	ACU CRS MS5 - 04 - Folder 1, Correspondence and Loan Papers.pdf	12	II	George-Douglas-Annotated-Transcription-Volume-II.pdf	10
04-013	ACU CRS MS5 - 04 - Folder 1, Correspondence and Loan Papers.pdf	13	II	George-Douglas-Annotated-Transcription-Volume-II.pdf	10
04-014	ACU CRS MS5 - 04 - Folder 1, Correspondence and Loan Papers.pdf	14	II	George-Douglas-Annotated-Transcription-Volume-II.pdf	11
04-015	ACU CRS MS5 - 04 - Folder 1, Correspondence and Loan Papers.pdf	15	II	George-Douglas-Annotated-Transcription-Volume-II.pdf	12
04-016	ACU CRS MS5 - 04 - Folder 1, Correspondence and Loan Papers.pdf	16	II	George-Douglas-Annotated-Transcription-Volume-II.pdf	12
04-017	ACU CRS MS5 - 04 - Folder 1, Correspondence and Loan Papers.pdf	17	II	George-Douglas-Annotated-Transcription-Volume-II.pdf	12
04-018	ACU CRS MS5 - 04 - Folder 1, Correspondence and Loan Papers.pdf	18	II	George-Douglas-Annotated-Transcription-Volume-II.pdf	13
04-019	ACU CRS MS5 - 04 - Folder 1, Correspondence and Loan Papers.pdf	19	II	George-Douglas-Annotated-Transcription-Volume-II.pdf	14
04-020	ACU CRS MS5 - 04 - Folder 1, Correspondence and Loan Papers.pdf	20	II	George-Douglas-Annotated-Transcription-Volume-II.pdf	14
04-021	ACU CRS MS5 - 04 - Folder 1, Correspondence and Loan Papers.pdf	21	II	George-Douglas-Annotated-Transcription-Volume-II.pdf	15
04-022	ACU CRS MS5 - 04 - Folder 1, Correspondence and Loan Papers.pdf	22	II	George-Douglas-Annotated-Transcription-Volume-II.pdf	15
04-023	ACU CRS MS5 - 04 - Folder 1, Correspondence and Loan Papers.pdf	23	II	George-Douglas-Annotated-Transcription-Volume-II.pdf	15
04-024	ACU CRS MS5 - 04 - Folder 1, Correspondence and Loan Papers.pdf	24	II	George-Douglas-Annotated-Transcription-Volume-II.pdf	16
04-025	ACU CRS MS5 - 04 - Folder 1, Correspondence and Loan Papers.pdf	25	II	George-Douglas-Annotated-Transcription-Volume-II.pdf	17
04-026	ACU CRS MS5 - 04 - Folder 1, Correspondence and Loan Papers.pdf	26	II	George-Douglas-Annotated-Transcription-Volume-II.pdf	17
04-027	ACU CRS MS5 - 04 - Folder 1, Correspondence and Loan Papers.pdf	27	II	George-Douglas-Annotated-Transcription-Volume-II.pdf	17
04-028	ACU CRS MS5 - 04 - Folder 1, Correspondence and Loan Papers.pdf	28	II	George-Douglas-Annotated-Transcription-Volume-II.pdf	18
04-029	ACU CRS MS5 - 04 - Folder 1, Correspondence and Loan Papers.pdf	29	II	George-Douglas-Annotated-Transcription-Volume-II.pdf	18
04-030	ACU CRS MS5 - 04 - Folder 1, Correspondence and Loan Papers.pdf	30	II	George-Douglas-Annotated-Transcription-Volume-II.pdf	18
04-031	ACU CRS MS5 - 04 - Folder 1, Correspondence and Loan Papers.pdf	31	II	George-Douglas-Annotated-Transcription-Volume-II.pdf	19
04-032	ACU CRS MS5 - 04 - Folder 1, Correspondence and Loan Papers.pdf	32	II	George-Douglas-Annotated-Transcription-Volume-II.pdf	19
04-033	ACU CRS MS5 - 04 - Folder 1, Correspondence and Loan Papers.pdf	33	II	George-Douglas-Annotated-Transcription-Volume-II.pdf	20
04-034	ACU CRS MS5 - 04 - Folder 1, Correspondence and Loan Papers.pdf	34	II	George-Douglas-Annotated-Transcription-Volume-II.pdf	20
04-035	ACU CRS MS5 - 04 - Folder 1, Correspondence and Loan Papers.pdf	35	II	George-Douglas-Annotated-Transcription-Volume-II.pdf	21
04-036	ACU CRS MS5 - 04 - Folder 1, Correspondence and Loan Papers.pdf	36	II	George-Douglas-Annotated-Transcription-Volume-II.pdf	21
04-037	ACU CRS MS5 - 04 - Folder 1, Correspondence and Loan Papers.pdf	37	II	George-Douglas-Annotated-Transcription-Volume-II.pdf	21
04-038	ACU CRS MS5 - 04 - Folder 1, Correspondence and Loan Papers.pdf	38	II	George-Douglas-Annotated-Transcription-Volume-II.pdf	22
04-039	ACU CRS MS5 - 04 - Folder 1, Correspondence and Loan Papers.pdf	39	II	George-Douglas-Annotated-Transcription-Volume-II.pdf	22
04-040	ACU CRS MS5 - 04 - Folder 1, Correspondence and Loan Papers.pdf	40	II	George-Douglas-Annotated-Transcription-Volume-II.pdf	23
04-041	ACU CRS MS5 - 04 - Folder 1, Correspondence and Loan Papers.pdf	41	II	George-Douglas-Annotated-Transcription-Volume-II.pdf	24
04-042	ACU CRS MS5 - 04 - Folder 1, Correspondence and Loan Papers.pdf	42	II	George-Douglas-Annotated-Transcription-Volume-II.pdf	25
04-043	ACU CRS MS5 - 04 - Folder 1, Correspondence and Loan Papers.pdf	43	II	George-Douglas-Annotated-Transcription-Volume-II.pdf	26
04-044	ACU CRS MS5 - 04 - Folder 1, Correspondence and Loan Papers.pdf	44	II	George-Douglas-Annotated-Transcription-Volume-II.pdf	27
04-045	ACU CRS MS5 - 04 - Folder 1, Correspondence and Loan Papers.pdf	45	II	George-Douglas-Annotated-Transcription-Volume-II.pdf	28
04-046	ACU CRS MS5 - 04 - Folder 1, Correspondence and Loan Papers.pdf	46	II	George-Douglas-Annotated-Transcription-Volume-II.pdf	29
04-047	ACU CRS MS5 - 04 - Folder 1, Correspondence and Loan Papers.pdf	47	II	George-Douglas-Annotated-Transcription-Volume-II.pdf	29
04-048	ACU CRS MS5 - 04 - Folder 1, Correspondence and Loan Papers.pdf	48	II	George-Douglas-Annotated-Transcription-Volume-II.pdf	29
04-049	ACU CRS MS5 - 04 - Folder 1, Correspondence and Loan Papers.pdf	49	II	George-Douglas-Annotated-Transcription-Volume-II.pdf	30
04-050	ACU CRS MS5 - 04 - Folder 1, Correspondence and Loan Papers.pdf	50	II	George-Douglas-Annotated-Transcription-Volume-II.pdf	30
04-051	ACU CRS MS5 - 04 - Folder 1, Correspondence and Loan Papers.pdf	51	II	George-Douglas-Annotated-Transcription-Volume-II.pdf	30
04-052	ACU CRS MS5 - 04 - Folder 1, Correspondence and Loan Papers.pdf	52	II	George-Douglas-Annotated-Transcription-Volume-II.pdf	31
04-053	ACU CRS MS5 - 04 - Folder 1, Correspondence and Loan Papers.pdf	53	II	George-Douglas-Annotated-Transcription-Volume-II.pdf	31
04-054	ACU CRS MS5 - 04 - Folder 1, Correspondence and Loan Papers.pdf	54	II	George-Douglas-Annotated-Transcription-Volume-II.pdf	31
04-055	ACU CRS MS5 - 04 - Folder 1, Correspondence and Loan Papers.pdf	55	II	George-Douglas-Annotated-Transcription-Volume-II.pdf	31
04-056	ACU CRS MS5 - 04 - Folder 1, Correspondence and Loan Papers.pdf	56	II	George-Douglas-Annotated-Transcription-Volume-II.pdf	32
04-057	ACU CRS MS5 - 04 - Folder 1, Correspondence and Loan Papers.pdf	57	II	George-Douglas-Annotated-Transcription-Volume-II.pdf	32
04-058	ACU CRS MS5 - 04 - Folder 1, Correspondence and Loan Papers.pdf	58	II	George-Douglas-Annotated-Transcription-Volume-II.pdf	32
04-059	ACU CRS MS5 - 04 - Folder 1, Correspondence and Loan Papers.pdf	59	II	George-Douglas-Annotated-Transcription-Volume-II.pdf	33
04-060	ACU CRS MS5 - 04 - Folder 1, Correspondence and Loan Papers.pdf	60	II	George-Douglas-Annotated-Transcription-Volume-II.pdf	33
04-061	ACU CRS MS5 - 04 - Folder 1, Correspondence and Loan Papers.pdf	61	II	George-Douglas-Annotated-Transcription-Volume-II.pdf	33
04-062	ACU CRS MS5 - 04 - Folder 1, Correspondence and Loan Papers.pdf	62	II	George-Douglas-Annotated-Transcription-Volume-II.pdf	34
04-063	ACU CRS MS5 - 04 - Folder 1, Correspondence and Loan Papers.pdf	63	II	George-Douglas-Annotated-Transcription-Volume-II.pdf	34
04-064	ACU CRS MS5 - 04 - Folder 1, Correspondence and Loan Papers.pdf	64	II	George-Douglas-Annotated-Transcription-Volume-II.pdf	34
04-065	ACU CRS MS5 - 04 - Folder 1, Correspondence and Loan Papers.pdf	65	II	George-Douglas-Annotated-Transcription-Volume-II.pdf	35
04-066	ACU CRS MS5 - 04 - Folder 1, Correspondence and Loan Papers.pdf	66	II	George-Douglas-Annotated-Transcription-Volume-II.pdf	35
04-067	ACU CRS MS5 - 04 - Folder 1, Correspondence and Loan Papers.pdf	67	II	George-Douglas-Annotated-Transcription-Volume-II.pdf	35
04-068	ACU CRS MS5 - 04 - Folder 1, Correspondence and Loan Papers.pdf	68	II	George-Douglas-Annotated-Transcription-Volume-II.pdf	35
04-069	ACU CRS MS5 - 04 - Folder 1, Correspondence and Loan Papers.pdf	69	II	George-Douglas-Annotated-Transcription-Volume-II.pdf	36
04-070	ACU CRS MS5 - 04 - Folder 1, Correspondence and Loan Papers.pdf	70	II	George-Douglas-Annotated-Transcription-Volume-II.pdf	36
04-071	ACU CRS MS5 - 04 - Folder 1, Correspondence and Loan Papers.pdf	71	II	George-Douglas-Annotated-Transcription-Volume-II.pdf	36
04-072	ACU CRS MS5 - 04 - Folder 1, Correspondence and Loan Papers.pdf	72	II	George-Douglas-Annotated-Transcription-Volume-II.pdf	36
04-073	ACU CRS MS5 - 04 - Folder 1, Correspondence and Loan Papers.pdf	73	II	George-Douglas-Annotated-Transcription-Volume-II.pdf	37
04-074	ACU CRS MS5 - 04 - Folder 1, Correspondence and Loan Papers.pdf	74	II	George-Douglas-Annotated-Transcription-Volume-II.pdf	37
04-075	ACU CRS MS5 - 04 - Folder 1, Correspondence and Loan Papers.pdf	75	II	George-Douglas-Annotated-Transcription-Volume-II.pdf	37
04-076	ACU CRS MS5 - 04 - Folder 1, Correspondence and Loan Papers.pdf	76	II	George-Douglas-Annotated-Transcription-Volume-II.pdf	37
04-077	ACU CRS MS5 - 04 - Folder 1, Correspondence and Loan Papers.pdf	77	II	George-Douglas-Annotated-Transcription-Volume-II.pdf	38
04-078	ACU CRS MS5 - 04 - Folder 1, Correspondence and Loan Papers.pdf	78	II	George-Douglas-Annotated-Transcription-Volume-II.pdf	38
04-079	ACU CRS MS5 - 04 - Folder 1, Correspondence and Loan Papers.pdf	79	II	George-Douglas-Annotated-Transcription-Volume-II.pdf	38
04-080	ACU CRS MS5 - 04 - Folder 1, Correspondence and Loan Papers.pdf	80	II	George-Douglas-Annotated-Transcription-Volume-II.pdf	39
04-081	ACU CRS MS5 - 04 - Folder 1, Correspondence and Loan Papers.pdf	81	II	George-Douglas-Annotated-Transcription-Volume-II.pdf	39
04-082	ACU CRS MS5 - 04 - Folder 1, Correspondence and Loan Papers.pdf	82	II	George-Douglas-Annotated-Transcription-Volume-II.pdf	39
04-083	ACU CRS MS5 - 04 - Folder 1, Correspondence and Loan Papers.pdf	83	II	George-Douglas-Annotated-Transcription-Volume-II.pdf	40
04-084	ACU CRS MS5 - 04 - Folder 1, Correspondence and Loan Papers.pdf	84	II	George-Douglas-Annotated-Transcription-Volume-II.pdf	40
04-085	ACU CRS MS5 - 04 - Folder 1, Correspondence and Loan Papers.pdf	85	II	George-Douglas-Annotated-Transcription-Volume-II.pdf	40
04-086	ACU CRS MS5 - 04 - Folder 1, Correspondence and Loan Papers.pdf	86	II	George-Douglas-Annotated-Transcription-Volume-II.pdf	41
04-087	ACU CRS MS5 - 04 - Folder 1, Correspondence and Loan Papers.pdf	87	II	George-Douglas-Annotated-Transcription-Volume-II.pdf	41
04-088	ACU CRS MS5 - 04 - Folder 1, Correspondence and Loan Papers.pdf	88	II	George-Douglas-Annotated-Transcription-Volume-II.pdf	41
04-089	ACU CRS MS5 - 04 - Folder 1, Correspondence and Loan Papers.pdf	89	II	George-Douglas-Annotated-Transcription-Volume-II.pdf	42
04-090	ACU CRS MS5 - 04 - Folder 1, Correspondence and Loan Papers.pdf	90	II	George-Douglas-Annotated-Transcription-Volume-II.pdf	42
04-091	ACU CRS MS5 - 04 - Folder 1, Correspondence and Loan Papers.pdf	91	II	George-Douglas-Annotated-Transcription-Volume-II.pdf	42
04-092	ACU CRS MS5 - 04 - Folder 1, Correspondence and Loan Papers.pdf	92	II	George-Douglas-Annotated-Transcription-Volume-II.pdf	43
04-093	ACU CRS MS5 - 04 - Folder 1, Correspondence and Loan Papers.pdf	93	II	George-Douglas-Annotated-Transcription-Volume-II.pdf	43
04-094	ACU CRS MS5 - 04 - Folder 1, Correspondence and Loan Papers.pdf	94	II	George-Douglas-Annotated-Transcription-Volume-II.pdf	43
04-095	ACU CRS MS5 - 04 - Folder 1, Correspondence and Loan Papers.pdf	95	II	George-Douglas-Annotated-Transcription-Volume-II.pdf	43
04-096	ACU CRS MS5 - 04 - Folder 1, Correspondence and Loan Papers.pdf	96	II	George-Douglas-Annotated-Transcription-Volume-II.pdf	44
05-001	ACU CRS MS5 - 05 - Folder 2, Correspondence and Legal Papers.pdf	1	III	George-Douglas-Annotated-Transcription-Volume-III.pdf	4
05-002	ACU CRS MS5 - 05 - Folder 2, Correspondence and Legal Papers.pdf	2	III	George-Douglas-Annotated-Transcription-Volume-III.pdf	4
05-003	ACU CRS MS5 - 05 - Folder 2, Correspondence and Legal Papers.pdf	3	III	George-Douglas-Annotated-Transcription-Volume-III.pdf	4
05-004	ACU CRS MS5 - 05 - Folder 2, Correspondence and Legal Papers.pdf	4	III	George-Douglas-Annotated-Transcription-Volume-III.pdf	5
05-005	ACU CRS MS5 - 05 - Folder 2, Correspondence and Legal Papers.pdf	5	III	George-Douglas-Annotated-Transcription-Volume-III.pdf	5
05-006	ACU CRS MS5 - 05 - Folder 2, Correspondence and Legal Papers.pdf	6	III	George-Douglas-Annotated-Transcription-Volume-III.pdf	5
05-007	ACU CRS MS5 - 05 - Folder 2, Correspondence and Legal Papers.pdf	7	III	George-Douglas-Annotated-Transcription-Volume-III.pdf	6
05-008	ACU CRS MS5 - 05 - Folder 2, Correspondence and Legal Papers.pdf	8	III	George-Douglas-Annotated-Transcription-Volume-III.pdf	6
05-009	ACU CRS MS5 - 05 - Folder 2, Correspondence and Legal Papers.pdf	9	III	George-Douglas-Annotated-Transcription-Volume-III.pdf	7
05-010	ACU CRS MS5 - 05 - Folder 2, Correspondence and Legal Papers.pdf	10	III	George-Douglas-Annotated-Transcription-Volume-III.pdf	7
05-011	ACU CRS MS5 - 05 - Folder 2, Correspondence and Legal Papers.pdf	11	III	George-Douglas-Annotated-Transcription-Volume-III.pdf	7
05-012	ACU CRS MS5 - 05 - Folder 2, Correspondence and Legal Papers.pdf	12	III	George-Douglas-Annotated-Transcription-Volume-III.pdf	8
05-013	ACU CRS MS5 - 05 - Folder 2, Correspondence and Legal Papers.pdf	13	III	George-Douglas-Annotated-Transcription-Volume-III.pdf	8
05-014	ACU CRS MS5 - 05 - Folder 2, Correspondence and Legal Papers.pdf	14	III	George-Douglas-Annotated-Transcription-Volume-III.pdf	8
05-015	ACU CRS MS5 - 05 - Folder 2, Correspondence and Legal Papers.pdf	15	III	George-Douglas-Annotated-Transcription-Volume-III.pdf	9
05-016	ACU CRS MS5 - 05 - Folder 2, Correspondence and Legal Papers.pdf	16	III	George-Douglas-Annotated-Transcription-Volume-III.pdf	9
05-017	ACU CRS MS5 - 05 - Folder 2, Correspondence and Legal Papers.pdf	17	III	George-Douglas-Annotated-Transcription-Volume-III.pdf	9
05-018	ACU CRS MS5 - 05 - Folder 2, Correspondence and Legal Papers.pdf	18	III	George-Douglas-Annotated-Transcription-Volume-III.pdf	10
05-019	ACU CRS MS5 - 05 - Folder 2, Correspondence and Legal Papers.pdf	19	III	George-Douglas-Annotated-Transcription-Volume-III.pdf	10
05-020	ACU CRS MS5 - 05 - Folder 2, Correspondence and Legal Papers.pdf	20	III	George-Douglas-Annotated-Transcription-Volume-III.pdf	10
05-021	ACU CRS MS5 - 05 - Folder 2, Correspondence and Legal Papers.pdf	21	III	George-Douglas-Annotated-Transcription-Volume-III.pdf	11
05-022	ACU CRS MS5 - 05 - Folder 2, Correspondence and Legal Papers.pdf	22	III	George-Douglas-Annotated-Transcription-Volume-III.pdf	11
05-023	ACU CRS MS5 - 05 - Folder 2, Correspondence and Legal Papers.pdf	23	III	George-Douglas-Annotated-Transcription-Volume-III.pdf	11
05-024	ACU CRS MS5 - 05 - Folder 2, Correspondence and Legal Papers.pdf	24	III	George-Douglas-Annotated-Transcription-Volume-III.pdf	12
05-025	ACU CRS MS5 - 05 - Folder 2, Correspondence and Legal Papers.pdf	25	III	George-Douglas-Annotated-Transcription-Volume-III.pdf	12
05-026	ACU CRS MS5 - 05 - Folder 2, Correspondence and Legal Papers.pdf	26	III	George-Douglas-Annotated-Transcription-Volume-III.pdf	13
05-027	ACU CRS MS5 - 05 - Folder 2, Correspondence and Legal Papers.pdf	27	III	George-Douglas-Annotated-Transcription-Volume-III.pdf	13
05-028	ACU CRS MS5 - 05 - Folder 2, Correspondence and Legal Papers.pdf	28	III	George-Douglas-Annotated-Transcription-Volume-III.pdf	13
05-029	ACU CRS MS5 - 05 - Folder 2, Correspondence and Legal Papers.pdf	29	III	George-Douglas-Annotated-Transcription-Volume-III.pdf	14
05-030	ACU CRS MS5 - 05 - Folder 2, Correspondence and Legal Papers.pdf	30	III	George-Douglas-Annotated-Transcription-Volume-III.pdf	14
05-031	ACU CRS MS5 - 05 - Folder 2, Correspondence and Legal Papers.pdf	31	III	George-Douglas-Annotated-Transcription-Volume-III.pdf	14
05-032	ACU CRS MS5 - 05 - Folder 2, Correspondence and Legal Papers.pdf	32	III	George-Douglas-Annotated-Transcription-Volume-III.pdf	15
05-033	ACU CRS MS5 - 05 - Folder 2, Correspondence and Legal Papers.pdf	33	III	George-Douglas-Annotated-Transcription-Volume-III.pdf	15
05-034	ACU CRS MS5 - 05 - Folder 2, Correspondence and Legal Papers.pdf	34	III	George-Douglas-Annotated-Transcription-Volume-III.pdf	16
05-035	ACU CRS MS5 - 05 - Folder 2, Correspondence and Legal Papers.pdf	35	III	George-Douglas-Annotated-Transcription-Volume-III.pdf	16
05-036	ACU CRS MS5 - 05 - Folder 2, Correspondence and Legal Papers.pdf	36	III	George-Douglas-Annotated-Transcription-Volume-III.pdf	17
05-037	ACU CRS MS5 - 05 - Folder 2, Correspondence and Legal Papers.pdf	37	III	George-Douglas-Annotated-Transcription-Volume-III.pdf	17
05-038	ACU CRS MS5 - 05 - Folder 2, Correspondence and Legal Papers.pdf	38	III	George-Douglas-Annotated-Transcription-Volume-III.pdf	17
05-039	ACU CRS MS5 - 05 - Folder 2, Correspondence and Legal Papers.pdf	39	III	George-Douglas-Annotated-Transcription-Volume-III.pdf	18
05-040	ACU CRS MS5 - 05 - Folder 2, Correspondence and Legal Papers.pdf	40	III	George-Douglas-Annotated-Transcription-Volume-III.pdf	18
05-041	ACU CRS MS5 - 05 - Folder 2, Correspondence and Legal Papers.pdf	41	III	George-Douglas-Annotated-Transcription-Volume-III.pdf	18
05-042	ACU CRS MS5 - 05 - Folder 2, Correspondence and Legal Papers.pdf	42	III	George-Douglas-Annotated-Transcription-Volume-III.pdf	18
05-043	ACU CRS MS5 - 05 - Folder 2, Correspondence and Legal Papers.pdf	43	III	George-Douglas-Annotated-Transcription-Volume-III.pdf	19
05-044	ACU CRS MS5 - 05 - Folder 2, Correspondence and Legal Papers.pdf	44	III	George-Douglas-Annotated-Transcription-Volume-III.pdf	19
05-045	ACU CRS MS5 - 05 - Folder 2, Correspondence and Legal Papers.pdf	45	III	George-Douglas-Annotated-Transcription-Volume-III.pdf	19
05-046	ACU CRS MS5 - 05 - Folder 2, Correspondence and Legal Papers.pdf	46	III	George-Douglas-Annotated-Transcription-Volume-III.pdf	19
05-047	ACU CRS MS5 - 05 - Folder 2, Correspondence and Legal Papers.pdf	47	III	George-Douglas-Annotated-Transcription-Volume-III.pdf	20
05-048	ACU CRS MS5 - 05 - Folder 2, Correspondence and Legal Papers.pdf	48	III	George-Douglas-Annotated-Transcription-Volume-III.pdf	20
05-049	ACU CRS MS5 - 05 - Folder 2, Correspondence and Legal Papers.pdf	49	III	George-Douglas-Annotated-Transcription-Volume-III.pdf	21
05-050	ACU CRS MS5 - 05 - Folder 2, Correspondence and Legal Papers.pdf	50	III	George-Douglas-Annotated-Transcription-Volume-III.pdf	21
05-051	ACU CRS MS5 - 05 - Folder 2, Correspondence and Legal Papers.pdf	51	III	George-Douglas-Annotated-Transcription-Volume-III.pdf	22
05-052	ACU CRS MS5 - 05 - Folder 2, Correspondence and Legal Papers.pdf	52	III	George-Douglas-Annotated-Transcription-Volume-III.pdf	22
05-053	ACU CRS MS5 - 05 - Folder 2, Correspondence and Legal Papers.pdf	53	III	George-Douglas-Annotated-Transcription-Volume-III.pdf	22
05-054	ACU CRS MS5 - 05 - Folder 2, Correspondence and Legal Papers.pdf	54	III	George-Douglas-Annotated-Transcription-Volume-III.pdf	23
05-055	ACU CRS MS5 - 05 - Folder 2, Correspondence and Legal Papers.pdf	55	III	George-Douglas-Annotated-Transcription-Volume-III.pdf	23
05-056	ACU CRS MS5 - 05 - Folder 2, Correspondence and Legal Papers.pdf	56	III	George-Douglas-Annotated-Transcription-Volume-III.pdf	23
05-057	ACU CRS MS5 - 05 - Folder 2, Correspondence and Legal Papers.pdf	57	III	George-Douglas-Annotated-Transcription-Volume-III.pdf	24
05-058	ACU CRS MS5 - 05 - Folder 2, Correspondence and Legal Papers.pdf	58	III	George-Douglas-Annotated-Transcription-Volume-III.pdf	24
05-059	ACU CRS MS5 - 05 - Folder 2, Correspondence and Legal Papers.pdf	59	III	George-Douglas-Annotated-Transcription-Volume-III.pdf	25
05-060	ACU CRS MS5 - 05 - Folder 2, Correspondence and Legal Papers.pdf	60	III	George-Douglas-Annotated-Transcription-Volume-III.pdf	25
05-061	ACU CRS MS5 - 05 - Folder 2, Correspondence and Legal Papers.pdf	61	III	George-Douglas-Annotated-Transcription-Volume-III.pdf	26
05-062	ACU CRS MS5 - 05 - Folder 2, Correspondence and Legal Papers.pdf	62	III	George-Douglas-Annotated-Transcription-Volume-III.pdf	26
05-063	ACU CRS MS5 - 05 - Folder 2, Correspondence and Legal Papers.pdf	63	III	George-Douglas-Annotated-Transcription-Volume-III.pdf	26
05-064	ACU CRS MS5 - 05 - Folder 2, Correspondence and Legal Papers.pdf	64	III	George-Douglas-Annotated-Transcription-Volume-III.pdf	26
05-065	ACU CRS MS5 - 05 - Folder 2, Correspondence and Legal Papers.pdf	65	III	George-Douglas-Annotated-Transcription-Volume-III.pdf	27
05-066	ACU CRS MS5 - 05 - Folder 2, Correspondence and Legal Papers.pdf	66	III	George-Douglas-Annotated-Transcription-Volume-III.pdf	27
05-067	ACU CRS MS5 - 05 - Folder 2, Correspondence and Legal Papers.pdf	67	III	George-Douglas-Annotated-Transcription-Volume-III.pdf	28
05-068	ACU CRS MS5 - 05 - Folder 2, Correspondence and Legal Papers.pdf	68	III	George-Douglas-Annotated-Transcription-Volume-III.pdf	28
05-069	ACU CRS MS5 - 05 - Folder 2, Correspondence and Legal Papers.pdf	69	III	George-Douglas-Annotated-Transcription-Volume-III.pdf	28
05-070	ACU CRS MS5 - 05 - Folder 2, Correspondence and Legal Papers.pdf	70	III	George-Douglas-Annotated-Transcription-Volume-III.pdf	29
05-071	ACU CRS MS5 - 05 - Folder 2, Correspondence and Legal Papers.pdf	71	III	George-Douglas-Annotated-Transcription-Volume-III.pdf	30
05-072	ACU CRS MS5 - 05 - Folder 2, Correspondence and Legal Papers.pdf	72	III	George-Douglas-Annotated-Transcription-Volume-III.pdf	30
05-073	ACU CRS MS5 - 05 - Folder 2, Correspondence and Legal Papers.pdf	73	III	George-Douglas-Annotated-Transcription-Volume-III.pdf	31
05-074	ACU CRS MS5 - 05 - Folder 2, Correspondence and Legal Papers.pdf	74	III	George-Douglas-Annotated-Transcription-Volume-III.pdf	31
05-075	ACU CRS MS5 - 05 - Folder 2, Correspondence and Legal Papers.pdf	75	III	George-Douglas-Annotated-Transcription-Volume-III.pdf	32
05-076	ACU CRS MS5 - 05 - Folder 2, Correspondence and Legal Papers.pdf	76	III	George-Douglas-Annotated-Transcription-Volume-III.pdf	32
05-077	ACU CRS MS5 - 05 - Folder 2, Correspondence and Legal Papers.pdf	77	III	George-Douglas-Annotated-Transcription-Volume-III.pdf	32
05-078	ACU CRS MS5 - 05 - Folder 2, Correspondence and Legal Papers.pdf	78	III	George-Douglas-Annotated-Transcription-Volume-III.pdf	32
05-079	ACU CRS MS5 - 05 - Folder 2, Correspondence and Legal Papers.pdf	79	III	George-Douglas-Annotated-Transcription-Volume-III.pdf	33
05-080	ACU CRS MS5 - 05 - Folder 2, Correspondence and Legal Papers.pdf	80	III	George-Douglas-Annotated-Transcription-Volume-III.pdf	33
05-081	ACU CRS MS5 - 05 - Folder 2, Correspondence and Legal Papers.pdf	81	III	George-Douglas-Annotated-Transcription-Volume-III.pdf	34
05-082	ACU CRS MS5 - 05 - Folder 2, Correspondence and Legal Papers.pdf	82	III	George-Douglas-Annotated-Transcription-Volume-III.pdf	34
05-083	ACU CRS MS5 - 05 - Folder 2, Correspondence and Legal Papers.pdf	83	III	George-Douglas-Annotated-Transcription-Volume-III.pdf	35
05-084	ACU CRS MS5 - 05 - Folder 2, Correspondence and Legal Papers.pdf	84	III	George-Douglas-Annotated-Transcription-Volume-III.pdf	35
05-085	ACU CRS MS5 - 05 - Folder 2, Correspondence and Legal Papers.pdf	85	III	George-Douglas-Annotated-Transcription-Volume-III.pdf	35
05-086	ACU CRS MS5 - 05 - Folder 2, Correspondence and Legal Papers.pdf	86	III	George-Douglas-Annotated-Transcription-Volume-III.pdf	36
05-087	ACU CRS MS5 - 05 - Folder 2, Correspondence and Legal Papers.pdf	87	III	George-Douglas-Annotated-Transcription-Volume-III.pdf	36
05-088	ACU CRS MS5 - 05 - Folder 2, Correspondence and Legal Papers.pdf	88	III	George-Douglas-Annotated-Transcription-Volume-III.pdf	37
05-089	ACU CRS MS5 - 05 - Folder 2, Correspondence and Legal Papers.pdf	89	III	George-Douglas-Annotated-Transcription-Volume-III.pdf	37
05-090	ACU CRS MS5 - 05 - Folder 2, Correspondence and Legal Papers.pdf	90	III	George-Douglas-Annotated-Transcription-Volume-III.pdf	37
05-091	ACU CRS MS5 - 05 - Folder 2, Correspondence and Legal Papers.pdf	91	III	George-Douglas-Annotated-Transcription-Volume-III.pdf	38
05-092	ACU CRS MS5 - 05 - Folder 2, Correspondence and Legal Papers.pdf	92	III	George-Douglas-Annotated-Transcription-Volume-III.pdf	38
05-093	ACU CRS MS5 - 05 - Folder 2, Correspondence and Legal Papers.pdf	93	III	George-Douglas-Annotated-Transcription-Volume-III.pdf	38
05-094	ACU CRS MS5 - 05 - Folder 2, Correspondence and Legal Papers.pdf	94	III	George-Douglas-Annotated-Transcription-Volume-III.pdf	39
05-095	ACU CRS MS5 - 05 - Folder 2, Correspondence and Legal Papers.pdf	95	III	George-Douglas-Annotated-Transcription-Volume-III.pdf	39
05-096	ACU CRS MS5 - 05 - Folder 2, Correspondence and Legal Papers.pdf	96	III	George-Douglas-Annotated-Transcription-Volume-III.pdf	40
05-097	ACU CRS MS5 - 05 - Folder 2, Correspondence and Legal Papers.pdf	97	III	George-Douglas-Annotated-Transcription-Volume-III.pdf	40
05-098	ACU CRS MS5 - 05 - Folder 2, Correspondence and Legal Papers.pdf	98	III	George-Douglas-Annotated-Transcription-Volume-III.pdf	40
05-099	ACU CRS MS5 - 05 - Folder 2, Correspondence and Legal Papers.pdf	99	III	George-Douglas-Annotated-Transcription-Volume-III.pdf	41
05-100	ACU CRS MS5 - 05 - Folder 2, Correspondence and Legal Papers.pdf	100	III	George-Douglas-Annotated-Transcription-Volume-III.pdf	41
05-101	ACU CRS MS5 - 05 - Folder 2, Correspondence and Legal Papers.pdf	101	III	George-Douglas-Annotated-Transcription-Volume-III.pdf	42
05-102	ACU CRS MS5 - 05 - Folder 2, Correspondence and Legal Papers.pdf	102	III	George-Douglas-Annotated-Transcription-Volume-III.pdf	42
05-103	ACU CRS MS5 - 05 - Folder 2, Correspondence and Legal Papers.pdf	103	III	George-Douglas-Annotated-Transcription-Volume-III.pdf	43
05-104	ACU CRS MS5 - 05 - Folder 2, Correspondence and Legal Papers.pdf	104	III	George-Douglas-Annotated-Transcription-Volume-III.pdf	44
05-105	ACU CRS MS5 - 05 - Folder 2, Correspondence and Legal Papers.pdf	105	III	George-Douglas-Annotated-Transcription-Volume-III.pdf	44
05-106	ACU CRS MS5 - 05 - Folder 2, Correspondence and Legal Papers.pdf	106	III	George-Douglas-Annotated-Transcription-Volume-III.pdf	44
05-107	ACU CRS MS5 - 05 - Folder 2, Correspondence and Legal Papers.pdf	107	III	George-Douglas-Annotated-Transcription-Volume-III.pdf	45
05-108	ACU CRS MS5 - 05 - Folder 2, Correspondence and Legal Papers.pdf	108	III	George-Douglas-Annotated-Transcription-Volume-III.pdf	45
05-109	ACU CRS MS5 - 05 - Folder 2, Correspondence and Legal Papers.pdf	109	III	George-Douglas-Annotated-Transcription-Volume-III.pdf	46
05-110	ACU CRS MS5 - 05 - Folder 2, Correspondence and Legal Papers.pdf	110	III	George-Douglas-Annotated-Transcription-Volume-III.pdf	46
05-111	ACU CRS MS5 - 05 - Folder 2, Correspondence and Legal Papers.pdf	111	III	George-Douglas-Annotated-Transcription-Volume-III.pdf	47
05-112	ACU CRS MS5 - 05 - Folder 2, Correspondence and Legal Papers.pdf	112	III	George-Douglas-Annotated-Transcription-Volume-III.pdf	47
05-113	ACU CRS MS5 - 05 - Folder 2, Correspondence and Legal Papers.pdf	113	III	George-Douglas-Annotated-Transcription-Volume-III.pdf	47
05-114	ACU CRS MS5 - 05 - Folder 2, Correspondence and Legal Papers.pdf	114	III	George-Douglas-Annotated-Transcription-Volume-III.pdf	48
05-115	ACU CRS MS5 - 05 - Folder 2, Correspondence and Legal Papers.pdf	115	III	George-Douglas-Annotated-Transcription-Volume-III.pdf	48
05-116	ACU CRS MS5 - 05 - Folder 2, Correspondence and Legal Papers.pdf	116	III	George-Douglas-Annotated-Transcription-Volume-III.pdf	49
05-117	ACU CRS MS5 - 05 - Folder 2, Correspondence and Legal Papers.pdf	117	III	George-Douglas-Annotated-Transcription-Volume-III.pdf	49
05-118	ACU CRS MS5 - 05 - Folder 2, Correspondence and Legal Papers.pdf	118	III	George-Douglas-Annotated-Transcription-Volume-III.pdf	49
05-119	ACU CRS MS5 - 05 - Folder 2, Correspondence and Legal Papers.pdf	119	III	George-Douglas-Annotated-Transcription-Volume-III.pdf	50
05-120	ACU CRS MS5 - 05 - Folder 2, Correspondence and Legal Papers.pdf	120	III	George-Douglas-Annotated-Transcription-Volume-III.pdf	50
05-121	ACU CRS MS5 - 05 - Folder 2, Correspondence and Legal Papers.pdf	121	III	George-Douglas-Annotated-Transcription-Volume-III.pdf	51
05-122	ACU CRS MS5 - 05 - Folder 2, Correspondence and Legal Papers.pdf	122	III	George-Douglas-Annotated-Transcription-Volume-III.pdf	51
05-123	ACU CRS MS5 - 05 - Folder 2, Correspondence and Legal Papers.pdf	123	III	George-Douglas-Annotated-Transcription-Volume-III.pdf	51
05-124	ACU CRS MS5 - 05 - Folder 2, Correspondence and Legal Papers.pdf	124	III	George-Douglas-Annotated-Transcription-Volume-III.pdf	52
05-125	ACU CRS MS5 - 05 - Folder 2, Correspondence and Legal Papers.pdf	125	III	George-Douglas-Annotated-Transcription-Volume-III.pdf	52
05-126	ACU CRS MS5 - 05 - Folder 2, Correspondence and Legal Papers.pdf	126	III	George-Douglas-Annotated-Transcription-Volume-III.pdf	53
05-127	ACU CRS MS5 - 05 - Folder 2, Correspondence and Legal Papers.pdf	127	III	George-Douglas-Annotated-Transcription-Volume-III.pdf	53
05-128	ACU CRS MS5 - 05 - Folder 2, Correspondence and Legal Papers.pdf	128	III	George-Douglas-Annotated-Transcription-Volume-III.pdf	53
05-129	ACU CRS MS5 - 05 - Folder 2, Correspondence and Legal Papers.pdf	129	III	George-Douglas-Annotated-Transcription-Volume-III.pdf	53
05-130	ACU CRS MS5 - 05 - Folder 2, Correspondence and Legal Papers.pdf	130	III	George-Douglas-Annotated-Transcription-Volume-III.pdf	54
05-131	ACU CRS MS5 - 05 - Folder 2, Correspondence and Legal Papers.pdf	131	III	George-Douglas-Annotated-Transcription-Volume-III.pdf	54
05-132	ACU CRS MS5 - 05 - Folder 2, Correspondence and Legal Papers.pdf	132	III	George-Douglas-Annotated-Transcription-Volume-III.pdf	55
05-133	ACU CRS MS5 - 05 - Folder 2, Correspondence and Legal Papers.pdf	133	III	George-Douglas-Annotated-Transcription-Volume-III.pdf	55
05-134	ACU CRS MS5 - 05 - Folder 2, Correspondence and Legal Papers.pdf	134	III	George-Douglas-Annotated-Transcription-Volume-III.pdf	56
05-135	ACU CRS MS5 - 05 - Folder 2, Correspondence and Legal Papers.pdf	135	III	George-Douglas-Annotated-Transcription-Volume-III.pdf	56
05-136	ACU CRS MS5 - 05 - Folder 2, Correspondence and Legal Papers.pdf	136	III	George-Douglas-Annotated-Transcription-Volume-III.pdf	56
05-137	ACU CRS MS5 - 05 - Folder 2, Correspondence and Legal Papers.pdf	137	III	George-Douglas-Annotated-Transcription-Volume-III.pdf	57
05-138	ACU CRS MS5 - 05 - Folder 2, Correspondence and Legal Papers.pdf	138	III	George-Douglas-Annotated-Transcription-Volume-III.pdf	58
05-139	ACU CRS MS5 - 05 - Folder 2, Correspondence and Legal Papers.pdf	139	III	George-Douglas-Annotated-Transcription-Volume-III.pdf	58
05-140	ACU CRS MS5 - 05 - Folder 2, Correspondence and Legal Papers.pdf	140	III	George-Douglas-Annotated-Transcription-Volume-III.pdf	59
05-141	ACU CRS MS5 - 05 - Folder 2, Correspondence and Legal Papers.pdf	141	III	George-Douglas-Annotated-Transcription-Volume-III.pdf	60
05-142	ACU CRS MS5 - 05 - Folder 2, Correspondence and Legal Papers.pdf	142	III	George-Douglas-Annotated-Transcription-Volume-III.pdf	60
05-143	ACU CRS MS5 - 05 - Folder 2, Correspondence and Legal Papers.pdf	143	III	George-Douglas-Annotated-Transcription-Volume-III.pdf	62
05-144	ACU CRS MS5 - 05 - Folder 2, Correspondence and Legal Papers.pdf	144	III	George-Douglas-Annotated-Transcription-Volume-III.pdf	62
05-145	ACU CRS MS5 - 05 - Folder 2, Correspondence and Legal Papers.pdf	145	III	George-Douglas-Annotated-Transcription-Volume-III.pdf	62
05-146	ACU CRS MS5 - 05 - Folder 2, Correspondence and Legal Papers.pdf	146	III	George-Douglas-Annotated-Transcription-Volume-III.pdf	63
05-147	ACU CRS MS5 - 05 - Folder 2, Correspondence and Legal Papers.pdf	147	III	George-Douglas-Annotated-Transcription-Volume-III.pdf	64
05-148	ACU CRS MS5 - 05 - Folder 2, Correspondence and Legal Papers.pdf	148	III	George-Douglas-Annotated-Transcription-Volume-III.pdf	65
05-149	ACU CRS MS5 - 05 - Folder 2, Correspondence and Legal Papers.pdf	149	III	George-Douglas-Annotated-Transcription-Volume-III.pdf	66
05-150	ACU CRS MS5 - 05 - Folder 2, Correspondence and Legal Papers.pdf	150	III	George-Douglas-Annotated-Transcription-Volume-III.pdf	67
05-151	ACU CRS MS5 - 05 - Folder 2, Correspondence and Legal Papers.pdf	151	III	George-Douglas-Annotated-Transcription-Volume-III.pdf	67
05-152	ACU CRS MS5 - 05 - Folder 2, Correspondence and Legal Papers.pdf	152	III	George-Douglas-Annotated-Transcription-Volume-III.pdf	67
05-153	ACU CRS MS5 - 05 - Folder 2, Correspondence and Legal Papers.pdf	153	III	George-Douglas-Annotated-Transcription-Volume-III.pdf	68
05-154	ACU CRS MS5 - 05 - Folder 2, Correspondence and Legal Papers.pdf	154	III	George-Douglas-Annotated-Transcription-Volume-III.pdf	68
05-155	ACU CRS MS5 - 05 - Folder 2, Correspondence and Legal Papers.pdf	155	III	George-Douglas-Annotated-Transcription-Volume-III.pdf	69
05-156	ACU CRS MS5 - 05 - Folder 2, Correspondence and Legal Papers.pdf	156	III	George-Douglas-Annotated-Transcription-Volume-III.pdf	70
05-157	ACU CRS MS5 - 05 - Folder 2, Correspondence and Legal Papers.pdf	157	III	George-Douglas-Annotated-Transcription-Volume-III.pdf	70
05-158	ACU CRS MS5 - 05 - Folder 2, Correspondence and Legal Papers.pdf	158	III	George-Douglas-Annotated-Transcription-Volume-III.pdf	71
06-001	ACU CRS MS5 - 06 - Folder 3, Correspondence and Legal Papers.pdf	1	IV	George-Douglas-Annotated-Transcription-Volume-IV.pdf	4
06-002	ACU CRS MS5 - 06 - Folder 3, Correspondence and Legal Papers.pdf	2	IV	George-Douglas-Annotated-Transcription-Volume-IV.pdf	4
06-003	ACU CRS MS5 - 06 - Folder 3, Correspondence and Legal Papers.pdf	3	IV	George-Douglas-Annotated-Transcription-Volume-IV.pdf	4
06-004	ACU CRS MS5 - 06 - Folder 3, Correspondence and Legal Papers.pdf	4	IV	George-Douglas-Annotated-Transcription-Volume-IV.pdf	5
06-005	ACU CRS MS5 - 06 - Folder 3, Correspondence and Legal Papers.pdf	5	IV	George-Douglas-Annotated-Transcription-Volume-IV.pdf	5
06-006	ACU CRS MS5 - 06 - Folder 3, Correspondence and Legal Papers.pdf	6	IV	George-Douglas-Annotated-Transcription-Volume-IV.pdf	6
06-007	ACU CRS MS5 - 06 - Folder 3, Correspondence and Legal Papers.pdf	7	IV	George-Douglas-Annotated-Transcription-Volume-IV.pdf	6
06-008	ACU CRS MS5 - 06 - Folder 3, Correspondence and Legal Papers.pdf	8	IV	George-Douglas-Annotated-Transcription-Volume-IV.pdf	7
06-009	ACU CRS MS5 - 06 - Folder 3, Correspondence and Legal Papers.pdf	9	IV	George-Douglas-Annotated-Transcription-Volume-IV.pdf	8
06-010	ACU CRS MS5 - 06 - Folder 3, Correspondence and Legal Papers.pdf	10	IV	George-Douglas-Annotated-Transcription-Volume-IV.pdf	8
06-011	ACU CRS MS5 - 06 - Folder 3, Correspondence and Legal Papers.pdf	11	IV	George-Douglas-Annotated-Transcription-Volume-IV.pdf	9
06-012	ACU CRS MS5 - 06 - Folder 3, Correspondence and Legal Papers.pdf	12	IV	George-Douglas-Annotated-Transcription-Volume-IV.pdf	10
06-013	ACU CRS MS5 - 06 - Folder 3, Correspondence and Legal Papers.pdf	13	IV	George-Douglas-Annotated-Transcription-Volume-IV.pdf	10
06-014	ACU CRS MS5 - 06 - Folder 3, Correspondence and Legal Papers.pdf	14	IV	George-Douglas-Annotated-Transcription-Volume-IV.pdf	10
06-015	ACU CRS MS5 - 06 - Folder 3, Correspondence and Legal Papers.pdf	15	IV	George-Douglas-Annotated-Transcription-Volume-IV.pdf	11
06-016	ACU CRS MS5 - 06 - Folder 3, Correspondence and Legal Papers.pdf	16	IV	George-Douglas-Annotated-Transcription-Volume-IV.pdf	11
06-017	ACU CRS MS5 - 06 - Folder 3, Correspondence and Legal Papers.pdf	17	IV	George-Douglas-Annotated-Transcription-Volume-IV.pdf	12
06-018	ACU CRS MS5 - 06 - Folder 3, Correspondence and Legal Papers.pdf	18	IV	George-Douglas-Annotated-Transcription-Volume-IV.pdf	12
06-019	ACU CRS MS5 - 06 - Folder 3, Correspondence and Legal Papers.pdf	19	IV	George-Douglas-Annotated-Transcription-Volume-IV.pdf	13
06-020	ACU CRS MS5 - 06 - Folder 3, Correspondence and Legal Papers.pdf	20	IV	George-Douglas-Annotated-Transcription-Volume-IV.pdf	13
06-021	ACU CRS MS5 - 06 - Folder 3, Correspondence and Legal Papers.pdf	21	IV	George-Douglas-Annotated-Transcription-Volume-IV.pdf	13
06-022	ACU CRS MS5 - 06 - Folder 3, Correspondence and Legal Papers.pdf	22	IV	George-Douglas-Annotated-Transcription-Volume-IV.pdf	14
06-023	ACU CRS MS5 - 06 - Folder 3, Correspondence and Legal Papers.pdf	23	IV	George-Douglas-Annotated-Transcription-Volume-IV.pdf	14
06-024	ACU CRS MS5 - 06 - Folder 3, Correspondence and Legal Papers.pdf	24	IV	George-Douglas-Annotated-Transcription-Volume-IV.pdf	14
06-025	ACU CRS MS5 - 06 - Folder 3, Correspondence and Legal Papers.pdf	25	IV	George-Douglas-Annotated-Transcription-Volume-IV.pdf	15
06-026	ACU CRS MS5 - 06 - Folder 3, Correspondence and Legal Papers.pdf	26	IV	George-Douglas-Annotated-Transcription-Volume-IV.pdf	15
06-027	ACU CRS MS5 - 06 - Folder 3, Correspondence and Legal Papers.pdf	27	IV	George-Douglas-Annotated-Transcription-Volume-IV.pdf	16
06-028	ACU CRS MS5 - 06 - Folder 3, Correspondence and Legal Papers.pdf	28	IV	George-Douglas-Annotated-Transcription-Volume-IV.pdf	16
06-029	ACU CRS MS5 - 06 - Folder 3, Correspondence and Legal Papers.pdf	29	IV	George-Douglas-Annotated-Transcription-Volume-IV.pdf	16
06-030	ACU CRS MS5 - 06 - Folder 3, Correspondence and Legal Papers.pdf	30	IV	George-Douglas-Annotated-Transcription-Volume-IV.pdf	17
06-031	ACU CRS MS5 - 06 - Folder 3, Correspondence and Legal Papers.pdf	31	IV	George-Douglas-Annotated-Transcription-Volume-IV.pdf	17
06-032	ACU CRS MS5 - 06 - Folder 3, Correspondence and Legal Papers.pdf	32	IV	George-Douglas-Annotated-Transcription-Volume-IV.pdf	18
06-033	ACU CRS MS5 - 06 - Folder 3, Correspondence and Legal Papers.pdf	33	IV	George-Douglas-Annotated-Transcription-Volume-IV.pdf	18
06-034	ACU CRS MS5 - 06 - Folder 3, Correspondence and Legal Papers.pdf	34	IV	George-Douglas-Annotated-Transcription-Volume-IV.pdf	19
06-035	ACU CRS MS5 - 06 - Folder 3, Correspondence and Legal Papers.pdf	35	IV	George-Douglas-Annotated-Transcription-Volume-IV.pdf	19
06-036	ACU CRS MS5 - 06 - Folder 3, Correspondence and Legal Papers.pdf	36	IV	George-Douglas-Annotated-Transcription-Volume-IV.pdf	19
06-037	ACU CRS MS5 - 06 - Folder 3, Correspondence and Legal Papers.pdf	37	IV	George-Douglas-Annotated-Transcription-Volume-IV.pdf	20
06-038	ACU CRS MS5 - 06 - Folder 3, Correspondence and Legal Papers.pdf	38	IV	George-Douglas-Annotated-Transcription-Volume-IV.pdf	20
06-039	ACU CRS MS5 - 06 - Folder 3, Correspondence and Legal Papers.pdf	39	IV	George-Douglas-Annotated-Transcription-Volume-IV.pdf	21
06-040	ACU CRS MS5 - 06 - Folder 3, Correspondence and Legal Papers.pdf	40	IV	George-Douglas-Annotated-Transcription-Volume-IV.pdf	21
06-041	ACU CRS MS5 - 06 - Folder 3, Correspondence and Legal Papers.pdf	41	IV	George-Douglas-Annotated-Transcription-Volume-IV.pdf	22
06-042	ACU CRS MS5 - 06 - Folder 3, Correspondence and Legal Papers.pdf	42	IV	George-Douglas-Annotated-Transcription-Volume-IV.pdf	22
06-043	ACU CRS MS5 - 06 - Folder 3, Correspondence and Legal Papers.pdf	43	IV	George-Douglas-Annotated-Transcription-Volume-IV.pdf	22
06-044	ACU CRS MS5 - 06 - Folder 3, Correspondence and Legal Papers.pdf	44	IV	George-Douglas-Annotated-Transcription-Volume-IV.pdf	23
06-045	ACU CRS MS5 - 06 - Folder 3, Correspondence and Legal Papers.pdf	45	IV	George-Douglas-Annotated-Transcription-Volume-IV.pdf	23
06-046	ACU CRS MS5 - 06 - Folder 3, Correspondence and Legal Papers.pdf	46	IV	George-Douglas-Annotated-Transcription-Volume-IV.pdf	24
06-047	ACU CRS MS5 - 06 - Folder 3, Correspondence and Legal Papers.pdf	47	IV	George-Douglas-Annotated-Transcription-Volume-IV.pdf	24
06-048	ACU CRS MS5 - 06 - Folder 3, Correspondence and Legal Papers.pdf	48	IV	George-Douglas-Annotated-Transcription-Volume-IV.pdf	25
06-049	ACU CRS MS5 - 06 - Folder 3, Correspondence and Legal Papers.pdf	49	IV	George-Douglas-Annotated-Transcription-Volume-IV.pdf	26
06-050	ACU CRS MS5 - 06 - Folder 3, Correspondence and Legal Papers.pdf	50	IV	George-Douglas-Annotated-Transcription-Volume-IV.pdf	26
06-051	ACU CRS MS5 - 06 - Folder 3, Correspondence and Legal Papers.pdf	51	IV	George-Douglas-Annotated-Transcription-Volume-IV.pdf	27
06-052	ACU CRS MS5 - 06 - Folder 3, Correspondence and Legal Papers.pdf	52	IV	George-Douglas-Annotated-Transcription-Volume-IV.pdf	27
06-053	ACU CRS MS5 - 06 - Folder 3, Correspondence and Legal Papers.pdf	53	IV	George-Douglas-Annotated-Transcription-Volume-IV.pdf	28
06-054	ACU CRS MS5 - 06 - Folder 3, Correspondence and Legal Papers.pdf	54	IV	George-Douglas-Annotated-Transcription-Volume-IV.pdf	28
06-055	ACU CRS MS5 - 06 - Folder 3, Correspondence and Legal Papers.pdf	55	IV	George-Douglas-Annotated-Transcription-Volume-IV.pdf	29
06-056	ACU CRS MS5 - 06 - Folder 3, Correspondence and Legal Papers.pdf	56	IV	George-Douglas-Annotated-Transcription-Volume-IV.pdf	29
06-057	ACU CRS MS5 - 06 - Folder 3, Correspondence and Legal Papers.pdf	57	IV	George-Douglas-Annotated-Transcription-Volume-IV.pdf	30
06-058	ACU CRS MS5 - 06 - Folder 3, Correspondence and Legal Papers.pdf	58	IV	George-Douglas-Annotated-Transcription-Volume-IV.pdf	30
06-059	ACU CRS MS5 - 06 - Folder 3, Correspondence and Legal Papers.pdf	59	IV	George-Douglas-Annotated-Transcription-Volume-IV.pdf	31
06-060	ACU CRS MS5 - 06 - Folder 3, Correspondence and Legal Papers.pdf	60	IV	George-Douglas-Annotated-Transcription-Volume-IV.pdf	31
06-061	ACU CRS MS5 - 06 - Folder 3, Correspondence and Legal Papers.pdf	61	IV	George-Douglas-Annotated-Transcription-Volume-IV.pdf	31
06-062	ACU CRS MS5 - 06 - Folder 3, Correspondence and Legal Papers.pdf	62	IV	George-Douglas-Annotated-Transcription-Volume-IV.pdf	32
06-063	ACU CRS MS5 - 06 - Folder 3, Correspondence and Legal Papers.pdf	63	IV	George-Douglas-Annotated-Transcription-Volume-IV.pdf	32
06-064	ACU CRS MS5 - 06 - Folder 3, Correspondence and Legal Papers.pdf	64	IV	George-Douglas-Annotated-Transcription-Volume-IV.pdf	33
06-065	ACU CRS MS5 - 06 - Folder 3, Correspondence and Legal Papers.pdf	65	IV	George-Douglas-Annotated-Transcription-Volume-IV.pdf	34
06-066	ACU CRS MS5 - 06 - Folder 3, Correspondence and Legal Papers.pdf	66	IV	George-Douglas-Annotated-Transcription-Volume-IV.pdf	34
06-067	ACU CRS MS5 - 06 - Folder 3, Correspondence and Legal Papers.pdf	67	IV	George-Douglas-Annotated-Transcription-Volume-IV.pdf	34
06-068	ACU CRS MS5 - 06 - Folder 3, Correspondence and Legal Papers.pdf	68	IV	George-Douglas-Annotated-Transcription-Volume-IV.pdf	35
06-069	ACU CRS MS5 - 06 - Folder 3, Correspondence and Legal Papers.pdf	69	IV	George-Douglas-Annotated-Transcription-Volume-IV.pdf	35
06-070	ACU CRS MS5 - 06 - Folder 3, Correspondence and Legal Papers.pdf	70	IV	George-Douglas-Annotated-Transcription-Volume-IV.pdf	35
06-071	ACU CRS MS5 - 06 - Folder 3, Correspondence and Legal Papers.pdf	71	IV	George-Douglas-Annotated-Transcription-Volume-IV.pdf	36
06-072	ACU CRS MS5 - 06 - Folder 3, Correspondence and Legal Papers.pdf	72	IV	George-Douglas-Annotated-Transcription-Volume-IV.pdf	36
06-073	ACU CRS MS5 - 06 - Folder 3, Correspondence and Legal Papers.pdf	73	IV	George-Douglas-Annotated-Transcription-Volume-IV.pdf	37
06-074	ACU CRS MS5 - 06 - Folder 3, Correspondence and Legal Papers.pdf	74	IV	George-Douglas-Annotated-Transcription-Volume-IV.pdf	37
06-075	ACU CRS MS5 - 06 - Folder 3, Correspondence and Legal Papers.pdf	75	IV	George-Douglas-Annotated-Transcription-Volume-IV.pdf	38
06-076	ACU CRS MS5 - 06 - Folder 3, Correspondence and Legal Papers.pdf	76	IV	George-Douglas-Annotated-Transcription-Volume-IV.pdf	38
06-077	ACU CRS MS5 - 06 - Folder 3, Correspondence and Legal Papers.pdf	77	IV	George-Douglas-Annotated-Transcription-Volume-IV.pdf	38
06-078	ACU CRS MS5 - 06 - Folder 3, Correspondence and Legal Papers.pdf	78	IV	George-Douglas-Annotated-Transcription-Volume-IV.pdf	38
06-079	ACU CRS MS5 - 06 - Folder 3, Correspondence and Legal Papers.pdf	79	IV	George-Douglas-Annotated-Transcription-Volume-IV.pdf	39
06-080	ACU CRS MS5 - 06 - Folder 3, Correspondence and Legal Papers.pdf	80	IV	George-Douglas-Annotated-Transcription-Volume-IV.pdf	39
06-081	ACU CRS MS5 - 06 - Folder 3, Correspondence and Legal Papers.pdf	81	IV	George-Douglas-Annotated-Transcription-Volume-IV.pdf	39
06-082	ACU CRS MS5 - 06 - Folder 3, Correspondence and Legal Papers.pdf	82	IV	George-Douglas-Annotated-Transcription-Volume-IV.pdf	39
06-083	ACU CRS MS5 - 06 - Folder 3, Correspondence and Legal Papers.pdf	83	IV	George-Douglas-Annotated-Transcription-Volume-IV.pdf	40
06-084	ACU CRS MS5 - 06 - Folder 3, Correspondence and Legal Papers.pdf	84	IV	George-Douglas-Annotated-Transcription-Volume-IV.pdf	40
06-085	ACU CRS MS5 - 06 - Folder 3, Correspondence and Legal Papers.pdf	85	IV	George-Douglas-Annotated-Transcription-Volume-IV.pdf	40
06-086	ACU CRS MS5 - 06 - Folder 3, Correspondence and Legal Papers.pdf	86	IV	George-Douglas-Annotated-Transcription-Volume-IV.pdf	40
06-087	ACU CRS MS5 - 06 - Folder 3, Correspondence and Legal Papers.pdf	87	IV	George-Douglas-Annotated-Transcription-Volume-IV.pdf	41
06-088	ACU CRS MS5 - 06 - Folder 3, Correspondence and Legal Papers.pdf	88	IV	George-Douglas-Annotated-Transcription-Volume-IV.pdf	42
06-089	ACU CRS MS5 - 06 - Folder 3, Correspondence and Legal Papers.pdf	89	IV	George-Douglas-Annotated-Transcription-Volume-IV.pdf	42
06-090	ACU CRS MS5 - 06 - Folder 3, Correspondence and Legal Papers.pdf	90	IV	George-Douglas-Annotated-Transcription-Volume-IV.pdf	43
06-091	ACU CRS MS5 - 06 - Folder 3, Correspondence and Legal Papers.pdf	91	IV	George-Douglas-Annotated-Transcription-Volume-IV.pdf	43
06-092	ACU CRS MS5 - 06 - Folder 3, Correspondence and Legal Papers.pdf	92	IV	George-Douglas-Annotated-Transcription-Volume-IV.pdf	44
06-093	ACU CRS MS5 - 06 - Folder 3, Correspondence and Legal Papers.pdf	93	IV	George-Douglas-Annotated-Transcription-Volume-IV.pdf	44
06-094	ACU CRS MS5 - 06 - Folder 3, Correspondence and Legal Papers.pdf	94	IV	George-Douglas-Annotated-Transcription-Volume-IV.pdf	45
06-095	ACU CRS MS5 - 06 - Folder 3, Correspondence and Legal Papers.pdf	95	IV	George-Douglas-Annotated-Transcription-Volume-IV.pdf	45
06-096	ACU CRS MS5 - 06 - Folder 3, Correspondence and Legal Papers.pdf	96	IV	George-Douglas-Annotated-Transcription-Volume-IV.pdf	46
06-097	ACU CRS MS5 - 06 - Folder 3, Correspondence and Legal Papers.pdf	97	IV	George-Douglas-Annotated-Transcription-Volume-IV.pdf	46
06-098	ACU CRS MS5 - 06 - Folder 3, Correspondence and Legal Papers.pdf	98	IV	George-Douglas-Annotated-Transcription-Volume-IV.pdf	47
06-099	ACU CRS MS5 - 06 - Folder 3, Correspondence and Legal Papers.pdf	99	IV	George-Douglas-Annotated-Transcription-Volume-IV.pdf	48
06-100	ACU CRS MS5 - 06 - Folder 3, Correspondence and Legal Papers.pdf	100	IV	George-Douglas-Annotated-Transcription-Volume-IV.pdf	48
06-101	ACU CRS MS5 - 06 - Folder 3, Correspondence and Legal Papers.pdf	101	IV	George-Douglas-Annotated-Transcription-Volume-IV.pdf	49
06-102	ACU CRS MS5 - 06 - Folder 3, Correspondence and Legal Papers.pdf	102	IV	George-Douglas-Annotated-Transcription-Volume-IV.pdf	49
06-103	ACU CRS MS5 - 06 - Folder 3, Correspondence and Legal Papers.pdf	103	IV	George-Douglas-Annotated-Transcription-Volume-IV.pdf	50
06-104	ACU CRS MS5 - 06 - Folder 3, Correspondence and Legal Papers.pdf	104	IV	George-Douglas-Annotated-Transcription-Volume-IV.pdf	50
06-105	ACU CRS MS5 - 06 - Folder 3, Correspondence and Legal Papers.pdf	105	IV	George-Douglas-Annotated-Transcription-Volume-IV.pdf	51
06-106	ACU CRS MS5 - 06 - Folder 3, Correspondence and Legal Papers.pdf	106	IV	George-Douglas-Annotated-Transcription-Volume-IV.pdf	51
06-107	ACU CRS MS5 - 06 - Folder 3, Correspondence and Legal Papers.pdf	107	IV	George-Douglas-Annotated-Transcription-Volume-IV.pdf	52
06-108	ACU CRS MS5 - 06 - Folder 3, Correspondence and Legal Papers.pdf	108	IV	George-Douglas-Annotated-Transcription-Volume-IV.pdf	52
06-109	ACU CRS MS5 - 06 - Folder 3, Correspondence and Legal Papers.pdf	109	IV	George-Douglas-Annotated-Transcription-Volume-IV.pdf	53
06-110	ACU CRS MS5 - 06 - Folder 3, Correspondence and Legal Papers.pdf	110	IV	George-Douglas-Annotated-Transcription-Volume-IV.pdf	53
06-111	ACU CRS MS5 - 06 - Folder 3, Correspondence and Legal Papers.pdf	111	IV	George-Douglas-Annotated-Transcription-Volume-IV.pdf	54
06-112	ACU CRS MS5 - 06 - Folder 3, Correspondence and Legal Papers.pdf	112	IV	George-Douglas-Annotated-Transcription-Volume-IV.pdf	54
06-113	ACU CRS MS5 - 06 - Folder 3, Correspondence and Legal Papers.pdf	113	IV	George-Douglas-Annotated-Transcription-Volume-IV.pdf	55
06-114	ACU CRS MS5 - 06 - Folder 3, Correspondence and Legal Papers.pdf	114	IV	George-Douglas-Annotated-Transcription-Volume-IV.pdf	56
06-115	ACU CRS MS5 - 06 - Folder 3, Correspondence and Legal Papers.pdf	115	IV	George-Douglas-Annotated-Transcription-Volume-IV.pdf	56
06-116	ACU CRS MS5 - 06 - Folder 3, Correspondence and Legal Papers.pdf	116	IV	George-Douglas-Annotated-Transcription-Volume-IV.pdf	57
06-117	ACU CRS MS5 - 06 - Folder 3, Correspondence and Legal Papers.pdf	117	IV	George-Douglas-Annotated-Transcription-Volume-IV.pdf	58
06-118	ACU CRS MS5 - 06 - Folder 3, Correspondence and Legal Papers.pdf	118	IV	George-Douglas-Annotated-Transcription-Volume-IV.pdf	58
07-001	George Douglas Papers Folder 4- Correspondence.pdf	1	V	George-Douglas-Annotated-Transcription-Volume-V.pdf	4
07-002	George Douglas Papers Folder 4- Correspondence.pdf	2	V	George-Douglas-Annotated-Transcription-Volume-V.pdf	4
07-003	George Douglas Papers Folder 4- Correspondence.pdf	3	V	George-Douglas-Annotated-Transcription-Volume-V.pdf	4
07-004	George Douglas Papers Folder 4- Correspondence.pdf	4	V	George-Douglas-Annotated-Transcription-Volume-V.pdf	5
07-005	George Douglas Papers Folder 4- Correspondence.pdf	5	V	George-Douglas-Annotated-Transcription-Volume-V.pdf	5
07-006	George Douglas Papers Folder 4- Correspondence.pdf	6	V	George-Douglas-Annotated-Transcription-Volume-V.pdf	6
07-007	George Douglas Papers Folder 4- Correspondence.pdf	7	V	George-Douglas-Annotated-Transcription-Volume-V.pdf	7
07-008	George Douglas Papers Folder 4- Correspondence.pdf	8	V	George-Douglas-Annotated-Transcription-Volume-V.pdf	7
07-009	George Douglas Papers Folder 4- Correspondence.pdf	9	V	George-Douglas-Annotated-Transcription-Volume-V.pdf	7
07-010	George Douglas Papers Folder 4- Correspondence.pdf	10	V	George-Douglas-Annotated-Transcription-Volume-V.pdf	8
07-011	George Douglas Papers Folder 4- Correspondence.pdf	11	V	George-Douglas-Annotated-Transcription-Volume-V.pdf	8
07-012	George Douglas Papers Folder 4- Correspondence.pdf	12	V	George-Douglas-Annotated-Transcription-Volume-V.pdf	9
07-013	George Douglas Papers Folder 4- Correspondence.pdf	13	V	George-Douglas-Annotated-Transcription-Volume-V.pdf	9
07-014	George Douglas Papers Folder 4- Correspondence.pdf	14	V	George-Douglas-Annotated-Transcription-Volume-V.pdf	9
07-015	George Douglas Papers Folder 4- Correspondence.pdf	15	V	George-Douglas-Annotated-Transcription-Volume-V.pdf	10
07-016	George Douglas Papers Folder 4- Correspondence.pdf	16	V	George-Douglas-Annotated-Transcription-Volume-V.pdf	11
07-017	George Douglas Papers Folder 4- Correspondence.pdf	17	V	George-Douglas-Annotated-Transcription-Volume-V.pdf	11
07-018	George Douglas Papers Folder 4- Correspondence.pdf	18	V	George-Douglas-Annotated-Transcription-Volume-V.pdf	12
07-019	George Douglas Papers Folder 4- Correspondence.pdf	19	V	George-Douglas-Annotated-Transcription-Volume-V.pdf	12
07-020	George Douglas Papers Folder 4- Correspondence.pdf	20	V	George-Douglas-Annotated-Transcription-Volume-V.pdf	13
07-021	George Douglas Papers Folder 4- Correspondence.pdf	21	V	George-Douglas-Annotated-Transcription-Volume-V.pdf	13
07-022	George Douglas Papers Folder 4- Correspondence.pdf	22	V	George-Douglas-Annotated-Transcription-Volume-V.pdf	13
07-023	George Douglas Papers Folder 4- Correspondence.pdf	23	V	George-Douglas-Annotated-Transcription-Volume-V.pdf	14
07-024	George Douglas Papers Folder 4- Correspondence.pdf	24	V	George-Douglas-Annotated-Transcription-Volume-V.pdf	14
07-025	George Douglas Papers Folder 4- Correspondence.pdf	25	V	George-Douglas-Annotated-Transcription-Volume-V.pdf	14
07-026	George Douglas Papers Folder 4- Correspondence.pdf	26	V	George-Douglas-Annotated-Transcription-Volume-V.pdf	15
07-027	George Douglas Papers Folder 4- Correspondence.pdf	27	V	George-Douglas-Annotated-Transcription-Volume-V.pdf	15
07-028	George Douglas Papers Folder 4- Correspondence.pdf	28	V	George-Douglas-Annotated-Transcription-Volume-V.pdf	16
07-029	George Douglas Papers Folder 4- Correspondence.pdf	29	V	George-Douglas-Annotated-Transcription-Volume-V.pdf	16
07-030	George Douglas Papers Folder 4- Correspondence.pdf	30	V	George-Douglas-Annotated-Transcription-Volume-V.pdf	16
07-031	George Douglas Papers Folder 4- Correspondence.pdf	31	V	George-Douglas-Annotated-Transcription-Volume-V.pdf	17
07-032	George Douglas Papers Folder 4- Correspondence.pdf	32	V	George-Douglas-Annotated-Transcription-Volume-V.pdf	17
07-033	George Douglas Papers Folder 4- Correspondence.pdf	33	V	George-Douglas-Annotated-Transcription-Volume-V.pdf	18
07-034	George Douglas Papers Folder 4- Correspondence.pdf	34	V	George-Douglas-Annotated-Transcription-Volume-V.pdf	19
07-035	George Douglas Papers Folder 4- Correspondence.pdf	35	V	George-Douglas-Annotated-Transcription-Volume-V.pdf	20
07-036	George Douglas Papers Folder 4- Correspondence.pdf	36	V	George-Douglas-Annotated-Transcription-Volume-V.pdf	20
07-037	George Douglas Papers Folder 4- Correspondence.pdf	37	V	George-Douglas-Annotated-Transcription-Volume-V.pdf	20
07-038	George Douglas Papers Folder 4- Correspondence.pdf	38	V	George-Douglas-Annotated-Transcription-Volume-V.pdf	21
07-039	George Douglas Papers Folder 4- Correspondence.pdf	39	V	George-Douglas-Annotated-Transcription-Volume-V.pdf	22
07-040	George Douglas Papers Folder 4- Correspondence.pdf	40	V	George-Douglas-Annotated-Transcription-Volume-V.pdf	22
07-041	George Douglas Papers Folder 4- Correspondence.pdf	41	V	George-Douglas-Annotated-Transcription-Volume-V.pdf	23
07-042	George Douglas Papers Folder 4- Correspondence.pdf	42	V	George-Douglas-Annotated-Transcription-Volume-V.pdf	23
07-043	George Douglas Papers Folder 4- Correspondence.pdf	43	V	George-Douglas-Annotated-Transcription-Volume-V.pdf	24
07-044	George Douglas Papers Folder 4- Correspondence.pdf	44	V	George-Douglas-Annotated-Transcription-Volume-V.pdf	24
07-045	George Douglas Papers Folder 4- Correspondence.pdf	45	V	George-Douglas-Annotated-Transcription-Volume-V.pdf	24
07-046	George Douglas Papers Folder 4- Correspondence.pdf	46	V	George-Douglas-Annotated-Transcription-Volume-V.pdf	25
07-047	George Douglas Papers Folder 4- Correspondence.pdf	47	V	George-Douglas-Annotated-Transcription-Volume-V.pdf	25
07-048	George Douglas Papers Folder 4- Correspondence.pdf	48	V	George-Douglas-Annotated-Transcription-Volume-V.pdf	26
07-049	George Douglas Papers Folder 4- Correspondence.pdf	49	V	George-Douglas-Annotated-Transcription-Volume-V.pdf	27
07-050	George Douglas Papers Folder 4- Correspondence.pdf	50	V	George-Douglas-Annotated-Transcription-Volume-V.pdf	27
07-051	George Douglas Papers Folder 4- Correspondence.pdf	51	V	George-Douglas-Annotated-Transcription-Volume-V.pdf	27
07-052	George Douglas Papers Folder 4- Correspondence.pdf	52	V	George-Douglas-Annotated-Transcription-Volume-V.pdf	28
07-053	George Douglas Papers Folder 4- Correspondence.pdf	53	V	George-Douglas-Annotated-Transcription-Volume-V.pdf	28
07-054	George Douglas Papers Folder 4- Correspondence.pdf	54	V	George-Douglas-Annotated-Transcription-Volume-V.pdf	28
07-055	George Douglas Papers Folder 4- Correspondence.pdf	55	V	George-Douglas-Annotated-Transcription-Volume-V.pdf	29
07-056	George Douglas Papers Folder 4- Correspondence.pdf	56	V	George-Douglas-Annotated-Transcription-Volume-V.pdf	29
07-057	George Douglas Papers Folder 4- Correspondence.pdf	57	V	George-Douglas-Annotated-Transcription-Volume-V.pdf	30
07-058	George Douglas Papers Folder 4- Correspondence.pdf	58	V	George-Douglas-Annotated-Transcription-Volume-V.pdf	30
07-059	George Douglas Papers Folder 4- Correspondence.pdf	59	V	George-Douglas-Annotated-Transcription-Volume-V.pdf	30
07-060	George Douglas Papers Folder 4- Correspondence.pdf	60	V	George-Douglas-Annotated-Transcription-Volume-V.pdf	31
07-061	George Douglas Papers Folder 4- Correspondence.pdf	61	V	George-Douglas-Annotated-Transcription-Volume-V.pdf	31
07-062	George Douglas Papers Folder 4- Correspondence.pdf	62	V	George-Douglas-Annotated-Transcription-Volume-V.pdf	31
07-063	George Douglas Papers Folder 4- Correspondence.pdf	63	V	George-Douglas-Annotated-Transcription-Volume-V.pdf	32
07-064	George Douglas Papers Folder 4- Correspondence.pdf	64	V	George-Douglas-Annotated-Transcription-Volume-V.pdf	33
07-065	George Douglas Papers Folder 4- Correspondence.pdf	65	V	George-Douglas-Annotated-Transcription-Volume-V.pdf	33
07-066	George Douglas Papers Folder 4- Correspondence.pdf	66	V	George-Douglas-Annotated-Transcription-Volume-V.pdf	33
07-067	George Douglas Papers Folder 4- Correspondence.pdf	67	V	George-Douglas-Annotated-Transcription-Volume-V.pdf	34
07-068	George Douglas Papers Folder 4- Correspondence.pdf	68	V	George-Douglas-Annotated-Transcription-Volume-V.pdf	35
07-069	George Douglas Papers Folder 4- Correspondence.pdf	69	V	George-Douglas-Annotated-Transcription-Volume-V.pdf	35
07-070	George Douglas Papers Folder 4- Correspondence.pdf	70	V	George-Douglas-Annotated-Transcription-Volume-V.pdf	35
07-071	George Douglas Papers Folder 4- Correspondence.pdf	71	V	George-Douglas-Annotated-Transcription-Volume-V.pdf	36
07-072	George Douglas Papers Folder 4- Correspondence.pdf	72	V	George-Douglas-Annotated-Transcription-Volume-V.pdf	36
07-073	George Douglas Papers Folder 4- Correspondence.pdf	73	V	George-Douglas-Annotated-Transcription-Volume-V.pdf	37
07-074	George Douglas Papers Folder 4- Correspondence.pdf	74	V	George-Douglas-Annotated-Transcription-Volume-V.pdf	38
07-075	George Douglas Papers Folder 4- Correspondence.pdf	75	V	George-Douglas-Annotated-Transcription-Volume-V.pdf	38
07-076	George Douglas Papers Folder 4- Correspondence.pdf	76	V	George-Douglas-Annotated-Transcription-Volume-V.pdf	39
07-077	George Douglas Papers Folder 4- Correspondence.pdf	77	V	George-Douglas-Annotated-Transcription-Volume-V.pdf	39
07-078	George Douglas Papers Folder 4- Correspondence.pdf	78	V	George-Douglas-Annotated-Transcription-Volume-V.pdf	40
07-079	George Douglas Papers Folder 4- Correspondence.pdf	79	V	George-Douglas-Annotated-Transcription-Volume-V.pdf	40
07-080	George Douglas Papers Folder 4- Correspondence.pdf	80	V	George-Douglas-Annotated-Transcription-Volume-V.pdf	41
07-081	George Douglas Papers Folder 4- Correspondence.pdf	81	V	George-Douglas-Annotated-Transcription-Volume-V.pdf	41
07-082	George Douglas Papers Folder 4- Correspondence.pdf	82	V	George-Douglas-Annotated-Transcription-Volume-V.pdf	41
07-083	George Douglas Papers Folder 4- Correspondence.pdf	83	V	George-Douglas-Annotated-Transcription-Volume-V.pdf	41
07-084	George Douglas Papers Folder 4- Correspondence.pdf	84	V	George-Douglas-Annotated-Transcription-Volume-V.pdf	42
07-085	George Douglas Papers Folder 4- Correspondence.pdf	85	V	George-Douglas-Annotated-Transcription-Volume-V.pdf	42
07-086	George Douglas Papers Folder 4- Correspondence.pdf	86	V	George-Douglas-Annotated-Transcription-Volume-V.pdf	42
07-087	George Douglas Papers Folder 4- Correspondence.pdf	87	V	George-Douglas-Annotated-Transcription-Volume-V.pdf	43
07-088	George Douglas Papers Folder 4- Correspondence.pdf	88	V	George-Douglas-Annotated-Transcription-Volume-V.pdf	44
07-089	George Douglas Papers Folder 4- Correspondence.pdf	89	V	George-Douglas-Annotated-Transcription-Volume-V.pdf	44
07-090	George Douglas Papers Folder 4- Correspondence.pdf	90	V	George-Douglas-Annotated-Transcription-Volume-V.pdf	45
07-091	George Douglas Papers Folder 4- Correspondence.pdf	91	V	George-Douglas-Annotated-Transcription-Volume-V.pdf	45
07-092	George Douglas Papers Folder 4- Correspondence.pdf	92	V	George-Douglas-Annotated-Transcription-Volume-V.pdf	45
07-093	George Douglas Papers Folder 4- Correspondence.pdf	93	V	George-Douglas-Annotated-Transcription-Volume-V.pdf	46
07-094	George Douglas Papers Folder 4- Correspondence.pdf	94	V	George-Douglas-Annotated-Transcription-Volume-V.pdf	46
07-095	George Douglas Papers Folder 4- Correspondence.pdf	95	V	George-Douglas-Annotated-Transcription-Volume-V.pdf	46
07-096	George Douglas Papers Folder 4- Correspondence.pdf	96	V	George-Douglas-Annotated-Transcription-Volume-V.pdf	47
07-097	George Douglas Papers Folder 4- Correspondence.pdf	97	V	George-Douglas-Annotated-Transcription-Volume-V.pdf	47
07-098	George Douglas Papers Folder 4- Correspondence.pdf	98	V	George-Douglas-Annotated-Transcription-Volume-V.pdf	47
07-099	George Douglas Papers Folder 4- Correspondence.pdf	99	V	George-Douglas-Annotated-Transcription-Volume-V.pdf	48
07-100	George Douglas Papers Folder 4- Correspondence.pdf	100	V	George-Douglas-Annotated-Transcription-Volume-V.pdf	48
07-101	George Douglas Papers Folder 4- Correspondence.pdf	101	V	George-Douglas-Annotated-Transcription-Volume-V.pdf	48
07-102	George Douglas Papers Folder 4- Correspondence.pdf	102	V	George-Douglas-Annotated-Transcription-Volume-V.pdf	48
07-103	George Douglas Papers Folder 4- Correspondence.pdf	103	V	George-Douglas-Annotated-Transcription-Volume-V.pdf	49
07-104	George Douglas Papers Folder 4- Correspondence.pdf	104	V	George-Douglas-Annotated-Transcription-Volume-V.pdf	49
07-105	George Douglas Papers Folder 4- Correspondence.pdf	105	V	George-Douglas-Annotated-Transcription-Volume-V.pdf	49
07-106	George Douglas Papers Folder 4- Correspondence.pdf	106	V	George-Douglas-Annotated-Transcription-Volume-V.pdf	50
07-107	George Douglas Papers Folder 4- Correspondence.pdf	107	V	George-Douglas-Annotated-Transcription-Volume-V.pdf	50
07-108	George Douglas Papers Folder 4- Correspondence.pdf	108	V	George-Douglas-Annotated-Transcription-Volume-V.pdf	50
07-109	George Douglas Papers Folder 4- Correspondence.pdf	109	V	George-Douglas-Annotated-Transcription-Volume-V.pdf	51
07-110	George Douglas Papers Folder 4- Correspondence.pdf	110	V	George-Douglas-Annotated-Transcription-Volume-V.pdf	51
07-111	George Douglas Papers Folder 4- Correspondence.pdf	111	V	George-Douglas-Annotated-Transcription-Volume-V.pdf	52
08-001	George Douglas Papers Folder 5 - Daybook of N.L. Douglas.pdf	1	VI	George-Douglas-Annotated-Transcription-Volume-VI.pdf	4
08-002	George Douglas Papers Folder 5 - Daybook of N.L. Douglas.pdf	2	VI	George-Douglas-Annotated-Transcription-Volume-VI.pdf	4
08-003	George Douglas Papers Folder 5 - Daybook of N.L. Douglas.pdf	3	VI	George-Douglas-Annotated-Transcription-Volume-VI.pdf	4
08-004	George Douglas Papers Folder 5 - Daybook of N.L. Douglas.pdf	4	VI	George-Douglas-Annotated-Transcription-Volume-VI.pdf	5
08-005	George Douglas Papers Folder 5 - Daybook of N.L. Douglas.pdf	5	VI	George-Douglas-Annotated-Transcription-Volume-VI.pdf	5
08-006	George Douglas Papers Folder 5 - Daybook of N.L. Douglas.pdf	6	VI	George-Douglas-Annotated-Transcription-Volume-VI.pdf	6
08-007	George Douglas Papers Folder 5 - Daybook of N.L. Douglas.pdf	7	VI	George-Douglas-Annotated-Transcription-Volume-VI.pdf	7
08-008	George Douglas Papers Folder 5 - Daybook of N.L. Douglas.pdf	8	VI	George-Douglas-Annotated-Transcription-Volume-VI.pdf	7
08-009	George Douglas Papers Folder 5 - Daybook of N.L. Douglas.pdf	9	VI	George-Douglas-Annotated-Transcription-Volume-VI.pdf	8
08-010	George Douglas Papers Folder 5 - Daybook of N.L. Douglas.pdf	10	VI	George-Douglas-Annotated-Transcription-Volume-VI.pdf	8
08-011	George Douglas Papers Folder 5 - Daybook of N.L. Douglas.pdf	11	VI	George-Douglas-Annotated-Transcription-Volume-VI.pdf	9
08-012	George Douglas Papers Folder 5 - Daybook of N.L. Douglas.pdf	12	VI	George-Douglas-Annotated-Transcription-Volume-VI.pdf	10
08-013	George Douglas Papers Folder 5 - Daybook of N.L. Douglas.pdf	13	VI	George-Douglas-Annotated-Transcription-Volume-VI.pdf	10
08-014	George Douglas Papers Folder 5 - Daybook of N.L. Douglas.pdf	14	VI	George-Douglas-Annotated-Transcription-Volume-VI.pdf	11
08-015	George Douglas Papers Folder 5 - Daybook of N.L. Douglas.pdf	15	VI	George-Douglas-Annotated-Transcription-Volume-VI.pdf	12
08-016	George Douglas Papers Folder 5 - Daybook of N.L. Douglas.pdf	16	VI	George-Douglas-Annotated-Transcription-Volume-VI.pdf	12
08-017	George Douglas Papers Folder 5 - Daybook of N.L. Douglas.pdf	17	VI	George-Douglas-Annotated-Transcription-Volume-VI.pdf	13
08-018	George Douglas Papers Folder 5 - Daybook of N.L. Douglas.pdf	18	VI	George-Douglas-Annotated-Transcription-Volume-VI.pdf	14
08-019	George Douglas Papers Folder 5 - Daybook of N.L. Douglas.pdf	19	VI	George-Douglas-Annotated-Transcription-Volume-VI.pdf	14
08-020	George Douglas Papers Folder 5 - Daybook of N.L. Douglas.pdf	20	VI	George-Douglas-Annotated-Transcription-Volume-VI.pdf	15
08-021	George Douglas Papers Folder 5 - Daybook of N.L. Douglas.pdf	21	VI	George-Douglas-Annotated-Transcription-Volume-VI.pdf	16
08-022	George Douglas Papers Folder 5 - Daybook of N.L. Douglas.pdf	22	VI	George-Douglas-Annotated-Transcription-Volume-VI.pdf	16
08-023	George Douglas Papers Folder 5 - Daybook of N.L. Douglas.pdf	23	VI	George-Douglas-Annotated-Transcription-Volume-VI.pdf	17
08-024	George Douglas Papers Folder 5 - Daybook of N.L. Douglas.pdf	24	VI	George-Douglas-Annotated-Transcription-Volume-VI.pdf	18
08-025	George Douglas Papers Folder 5 - Daybook of N.L. Douglas.pdf	25	VI	George-Douglas-Annotated-Transcription-Volume-VI.pdf	18
08-026	George Douglas Papers Folder 5 - Daybook of N.L. Douglas.pdf	26	VI	George-Douglas-Annotated-Transcription-Volume-VI.pdf	19
08-027	George Douglas Papers Folder 5 - Daybook of N.L. Douglas.pdf	27	VI	George-Douglas-Annotated-Transcription-Volume-VI.pdf	20
08-028	George Douglas Papers Folder 5 - Daybook of N.L. Douglas.pdf	28	VI	George-Douglas-Annotated-Transcription-Volume-VI.pdf	20
08-029	George Douglas Papers Folder 5 - Daybook of N.L. Douglas.pdf	29	VI	George-Douglas-Annotated-Transcription-Volume-VI.pdf	21
08-030	George Douglas Papers Folder 5 - Daybook of N.L. Douglas.pdf	30	VI	George-Douglas-Annotated-Transcription-Volume-VI.pdf	22
08-031	George Douglas Papers Folder 5 - Daybook of N.L. Douglas.pdf	31	VI	George-Douglas-Annotated-Transcription-Volume-VI.pdf	22
08-032	George Douglas Papers Folder 5 - Daybook of N.L. Douglas.pdf	32	VI	George-Douglas-Annotated-Transcription-Volume-VI.pdf	23
08-033	George Douglas Papers Folder 5 - Daybook of N.L. Douglas.pdf	33	VI	George-Douglas-Annotated-Transcription-Volume-VI.pdf	24
08-034	George Douglas Papers Folder 5 - Daybook of N.L. Douglas.pdf	34	VI	George-Douglas-Annotated-Transcription-Volume-VI.pdf	25
08-035	George Douglas Papers Folder 5 - Daybook of N.L. Douglas.pdf	35	VI	George-Douglas-Annotated-Transcription-Volume-VI.pdf	26
08-036	George Douglas Papers Folder 5 - Daybook of N.L. Douglas.pdf	36	VI	George-Douglas-Annotated-Transcription-Volume-VI.pdf	27
08-037	George Douglas Papers Folder 5 - Daybook of N.L. Douglas.pdf	37	VI	George-Douglas-Annotated-Transcription-Volume-VI.pdf	27
08-038	George Douglas Papers Folder 5 - Daybook of N.L. Douglas.pdf	38	VI	George-Douglas-Annotated-Transcription-Volume-VI.pdf	28
08-039	George Douglas Papers Folder 5 - Daybook of N.L. Douglas.pdf	39	VI	George-Douglas-Annotated-Transcription-Volume-VI.pdf	29
08-040	George Douglas Papers Folder 5 - Daybook of N.L. Douglas.pdf	40	VI	George-Douglas-Annotated-Transcription-Volume-VI.pdf	29
08-041	George Douglas Papers Folder 5 - Daybook of N.L. Douglas.pdf	41	VI	George-Douglas-Annotated-Transcription-Volume-VI.pdf	30
08-042	George Douglas Papers Folder 5 - Daybook of N.L. Douglas.pdf	42	VI	George-Douglas-Annotated-Transcription-Volume-VI.pdf	31
08-043	George Douglas Papers Folder 5 - Daybook of N.L. Douglas.pdf	43	VI	George-Douglas-Annotated-Transcription-Volume-VI.pdf	32
08-044	George Douglas Papers Folder 5 - Daybook of N.L. Douglas.pdf	44	VI	George-Douglas-Annotated-Transcription-Volume-VI.pdf	32
08-045	George Douglas Papers Folder 5 - Daybook of N.L. Douglas.pdf	45	VI	George-Douglas-Annotated-Transcription-Volume-VI.pdf	33
08-046	George Douglas Papers Folder 5 - Daybook of N.L. Douglas.pdf	46	VI	George-Douglas-Annotated-Transcription-Volume-VI.pdf	34
08-047	George Douglas Papers Folder 5 - Daybook of N.L. Douglas.pdf	47	VI	George-Douglas-Annotated-Transcription-Volume-VI.pdf	35
08-048	George Douglas Papers Folder 5 - Daybook of N.L. Douglas.pdf	48	VI	George-Douglas-Annotated-Transcription-Volume-VI.pdf	35
08-049	George Douglas Papers Folder 5 - Daybook of N.L. Douglas.pdf	49	VI	George-Douglas-Annotated-Transcription-Volume-VI.pdf	36
08-050	George Douglas Papers Folder 5 - Daybook of N.L. Douglas.pdf	50	VI	George-Douglas-Annotated-Transcription-Volume-VI.pdf	37
08-051	George Douglas Papers Folder 5 - Daybook of N.L. Douglas.pdf	51	VI	George-Douglas-Annotated-Transcription-Volume-VI.pdf	37
08-052	George Douglas Papers Folder 5 - Daybook of N.L. Douglas.pdf	52	VI	George-Douglas-Annotated-Transcription-Volume-VI.pdf	38
08-053	George Douglas Papers Folder 5 - Daybook of N.L. Douglas.pdf	53	VI	George-Douglas-Annotated-Transcription-Volume-VI.pdf	39
08-054	George Douglas Papers Folder 5 - Daybook of N.L. Douglas.pdf	54	VI	George-Douglas-Annotated-Transcription-Volume-VI.pdf	40
08-055	George Douglas Papers Folder 5 - Daybook of N.L. Douglas.pdf	55	VI	George-Douglas-Annotated-Transcription-Volume-VI.pdf	40
08-056	George Douglas Papers Folder 5 - Daybook of N.L. Douglas.pdf	56	VI	George-Douglas-Annotated-Transcription-Volume-VI.pdf	41
08-057	George Douglas Papers Folder 5 - Daybook of N.L. Douglas.pdf	57	VI	George-Douglas-Annotated-Transcription-Volume-VI.pdf	42
08-058	George Douglas Papers Folder 5 - Daybook of N.L. Douglas.pdf	58	VI	George-Douglas-Annotated-Transcription-Volume-VI.pdf	42
08-059	George Douglas Papers Folder 5 - Daybook of N.L. Douglas.pdf	59	VI	George-Douglas-Annotated-Transcription-Volume-VI.pdf	43
08-060	George Douglas Papers Folder 5 - Daybook of N.L. Douglas.pdf	60	VI	George-Douglas-Annotated-Transcription-Volume-VI.pdf	44
08-061	George Douglas Papers Folder 5 - Daybook of N.L. Douglas.pdf	61	VI	George-Douglas-Annotated-Transcription-Volume-VI.pdf	45
08-062	George Douglas Papers Folder 5 - Daybook of N.L. Douglas.pdf	62	VI	George-Douglas-Annotated-Transcription-Volume-VI.pdf	46
08-063	George Douglas Papers Folder 5 - Daybook of N.L. Douglas.pdf	63	VI	George-Douglas-Annotated-Transcription-Volume-VI.pdf	46
08-064	George Douglas Papers Folder 5 - Daybook of N.L. Douglas.pdf	64	VI	George-Douglas-Annotated-Transcription-Volume-VI.pdf	47
08-065	George Douglas Papers Folder 5 - Daybook of N.L. Douglas.pdf	65	VI	George-Douglas-Annotated-Transcription-Volume-VI.pdf	48
08-066	George Douglas Papers Folder 5 - Daybook of N.L. Douglas.pdf	66	VI	George-Douglas-Annotated-Transcription-Volume-VI.pdf	48
08-067	George Douglas Papers Folder 5 - Daybook of N.L. Douglas.pdf	67	VI	George-Douglas-Annotated-Transcription-Volume-VI.pdf	49
08-068	George Douglas Papers Folder 5 - Daybook of N.L. Douglas.pdf	68	VI	George-Douglas-Annotated-Transcription-Volume-VI.pdf	49
08-069	George Douglas Papers Folder 5 - Daybook of N.L. Douglas.pdf	69	VI	George-Douglas-Annotated-Transcription-Volume-VI.pdf	49
08-070	George Douglas Papers Folder 5 - Daybook of N.L. Douglas.pdf	70	VI	George-Douglas-Annotated-Transcription-Volume-VI.pdf	50
08-071	George Douglas Papers Folder 5 - Daybook of N.L. Douglas.pdf	71	VI	George-Douglas-Annotated-Transcription-Volume-VI.pdf	50
08-072	George Douglas Papers Folder 5 - Daybook of N.L. Douglas.pdf	72	VI	George-Douglas-Annotated-Transcription-Volume-VI.pdf	51
08-073	George Douglas Papers Folder 5 - Daybook of N.L. Douglas.pdf	73	VI	George-Douglas-Annotated-Transcription-Volume-VI.pdf	51
08-074	George Douglas Papers Folder 5 - Daybook of N.L. Douglas.pdf	74	VI	George-Douglas-Annotated-Transcription-Volume-VI.pdf	52
08-075	George Douglas Papers Folder 5 - Daybook of N.L. Douglas.pdf	75	VI	George-Douglas-Annotated-Transcription-Volume-VI.pdf	52
08-076	George Douglas Papers Folder 5 - Daybook of N.L. Douglas.pdf	76	VI	George-Douglas-Annotated-Transcription-Volume-VI.pdf	53
08-077	George Douglas Papers Folder 5 - Daybook of N.L. Douglas.pdf	77	VI	George-Douglas-Annotated-Transcription-Volume-VI.pdf	53
08-078	George Douglas Papers Folder 5 - Daybook of N.L. Douglas.pdf	78	VI	George-Douglas-Annotated-Transcription-Volume-VI.pdf	54
08-079	George Douglas Papers Folder 5 - Daybook of N.L. Douglas.pdf	79	VI	George-Douglas-Annotated-Transcription-Volume-VI.pdf	54
08-080	George Douglas Papers Folder 5 - Daybook of N.L. Douglas.pdf	80	VI	George-Douglas-Annotated-Transcription-Volume-VI.pdf	55
08-081	George Douglas Papers Folder 5 - Daybook of N.L. Douglas.pdf	81	VI	George-Douglas-Annotated-Transcription-Volume-VI.pdf	55
08-082	George Douglas Papers Folder 5 - Daybook of N.L. Douglas.pdf	82	VI	George-Douglas-Annotated-Transcription-Volume-VI.pdf	56
08-083	George Douglas Papers Folder 5 - Daybook of N.L. Douglas.pdf	83	VI	George-Douglas-Annotated-Transcription-Volume-VI.pdf	56
08-084	George Douglas Papers Folder 5 - Daybook of N.L. Douglas.pdf	84	VI	George-Douglas-Annotated-Transcription-Volume-VI.pdf	57
08-085	George Douglas Papers Folder 5 - Daybook of N.L. Douglas.pdf	85	VI	George-Douglas-Annotated-Transcription-Volume-VI.pdf	58
08-086	George Douglas Papers Folder 5 - Daybook of N.L. Douglas.pdf	86	VI	George-Douglas-Annotated-Transcription-Volume-VI.pdf	58
08-087	George Douglas Papers Folder 5 - Daybook of N.L. Douglas.pdf	87	VI	George-Douglas-Annotated-Transcription-Volume-VI.pdf	59
08-088	George Douglas Papers Folder 5 - Daybook of N.L. Douglas.pdf	88	VI	George-Douglas-Annotated-Transcription-Volume-VI.pdf	60
08-089	George Douglas Papers Folder 5 - Daybook of N.L. Douglas.pdf	89	VI	George-Douglas-Annotated-Transcription-Volume-VI.pdf	60
08-090	George Douglas Papers Folder 5 - Daybook of N.L. Douglas.pdf	90	VI	George-Douglas-Annotated-Transcription-Volume-VI.pdf	61
08-091	George Douglas Papers Folder 5 - Daybook of N.L. Douglas.pdf	91	VI	George-Douglas-Annotated-Transcription-Volume-VI.pdf	61
08-092	George Douglas Papers Folder 5 - Daybook of N.L. Douglas.pdf	92	VI	George-Douglas-Annotated-Transcription-Volume-VI.pdf	62
08-093	George Douglas Papers Folder 5 - Daybook of N.L. Douglas.pdf	93	VI	George-Douglas-Annotated-Transcription-Volume-VI.pdf	62
08-094	George Douglas Papers Folder 5 - Daybook of N.L. Douglas.pdf	94	VI	George-Douglas-Annotated-Transcription-Volume-VI.pdf	63
08-095	George Douglas Papers Folder 5 - Daybook of N.L. Douglas.pdf	95	VI	George-Douglas-Annotated-Transcription-Volume-VI.pdf	63
08-096	George Douglas Papers Folder 5 - Daybook of N.L. Douglas.pdf	96	VI	George-Douglas-Annotated-Transcription-Volume-VI.pdf	63
08-097	George Douglas Papers Folder 5 - Daybook of N.L. Douglas.pdf	97	VI	George-Douglas-Annotated-Transcription-Volume-VI.pdf	64
08-098	George Douglas Papers Folder 5 - Daybook of N.L. Douglas.pdf	98	VI	George-Douglas-Annotated-Transcription-Volume-VI.pdf	64
08-099	George Douglas Papers Folder 5 - Daybook of N.L. Douglas.pdf	99	VI	George-Douglas-Annotated-Transcription-Volume-VI.pdf	65
08-100	George Douglas Papers Folder 5 - Daybook of N.L. Douglas.pdf	100	VI	George-Douglas-Annotated-Transcription-Volume-VI.pdf	65
08-101	George Douglas Papers Folder 5 - Daybook of N.L. Douglas.pdf	101	VI	George-Douglas-Annotated-Transcription-Volume-VI.pdf	66
08-102	George Douglas Papers Folder 5 - Daybook of N.L. Douglas.pdf	102	VI	George-Douglas-Annotated-Transcription-Volume-VI.pdf	66
08-103	George Douglas Papers Folder 5 - Daybook of N.L. Douglas.pdf	103	VI	George-Douglas-Annotated-Transcription-Volume-VI.pdf	67
08-104	George Douglas Papers Folder 5 - Daybook of N.L. Douglas.pdf	104	VI	George-Douglas-Annotated-Transcription-Volume-VI.pdf	67
08-105	George Douglas Papers Folder 5 - Daybook of N.L. Douglas.pdf	105	VI	George-Douglas-Annotated-Transcription-Volume-VI.pdf	67
08-106	George Douglas Papers Folder 5 - Daybook of N.L. Douglas.pdf	106	VI	George-Douglas-Annotated-Transcription-Volume-VI.pdf	68
08-107	George Douglas Papers Folder 5 - Daybook of N.L. Douglas.pdf	107	VI	George-Douglas-Annotated-Transcription-Volume-VI.pdf	68
08-108	George Douglas Papers Folder 5 - Daybook of N.L. Douglas.pdf	108	VI	George-Douglas-Annotated-Transcription-Volume-VI.pdf	68
08-109	George Douglas Papers Folder 5 - Daybook of N.L. Douglas.pdf	109	VI	George-Douglas-Annotated-Transcription-Volume-VI.pdf	69
08-110	George Douglas Papers Folder 5 - Daybook of N.L. Douglas.pdf	110	VI	George-Douglas-Annotated-Transcription-Volume-VI.pdf	69
08-111	George Douglas Papers Folder 5 - Daybook of N.L. Douglas.pdf	111	VI	George-Douglas-Annotated-Transcription-Volume-VI.pdf	69
08-112	George Douglas Papers Folder 5 - Daybook of N.L. Douglas.pdf	112	VI	George-Douglas-Annotated-Transcription-Volume-VI.pdf	70
08-113	George Douglas Papers Folder 5 - Daybook of N.L. Douglas.pdf	113	VI	George-Douglas-Annotated-Transcription-Volume-VI.pdf	70
08-114	George Douglas Papers Folder 5 - Daybook of N.L. Douglas.pdf	114	VI	George-Douglas-Annotated-Transcription-Volume-VI.pdf	71
08-115	George Douglas Papers Folder 5 - Daybook of N.L. Douglas.pdf	115	VI	George-Douglas-Annotated-Transcription-Volume-VI.pdf	71
08-116	George Douglas Papers Folder 5 - Daybook of N.L. Douglas.pdf	116	VI	George-Douglas-Annotated-Transcription-Volume-VI.pdf	72
08-117	George Douglas Papers Folder 5 - Daybook of N.L. Douglas.pdf	117	VI	George-Douglas-Annotated-Transcription-Volume-VI.pdf	72
08-118	George Douglas Papers Folder 5 - Daybook of N.L. Douglas.pdf	118	VI	George-Douglas-Annotated-Transcription-Volume-VI.pdf	73
08-119	George Douglas Papers Folder 5 - Daybook of N.L. Douglas.pdf	119	VI	George-Douglas-Annotated-Transcription-Volume-VI.pdf	74
08-120	George Douglas Papers Folder 5 - Daybook of N.L. Douglas.pdf	120	VI	George-Douglas-Annotated-Transcription-Volume-VI.pdf	74
08-121	George Douglas Papers Folder 5 - Daybook of N.L. Douglas.pdf	121	VI	George-Douglas-Annotated-Transcription-Volume-VI.pdf	74
08-122	George Douglas Papers Folder 5 - Daybook of N.L. Douglas.pdf	122	VI	George-Douglas-Annotated-Transcription-Volume-VI.pdf	75
08-123	George Douglas Papers Folder 5 - Daybook of N.L. Douglas.pdf	123	VI	George-Douglas-Annotated-Transcription-Volume-VI.pdf	75
08-124	George Douglas Papers Folder 5 - Daybook of N.L. Douglas.pdf	124	VI	George-Douglas-Annotated-Transcription-Volume-VI.pdf	76
08-125	George Douglas Papers Folder 5 - Daybook of N.L. Douglas.pdf	125	VI	George-Douglas-Annotated-Transcription-Volume-VI.pdf	76
08-126	George Douglas Papers Folder 5 - Daybook of N.L. Douglas.pdf	126	VI	George-Douglas-Annotated-Transcription-Volume-VI.pdf	76
08-127	George Douglas Papers Folder 5 - Daybook of N.L. Douglas.pdf	127	VI	George-Douglas-Annotated-Transcription-Volume-VI.pdf	77
08-128	George Douglas Papers Folder 5 - Daybook of N.L. Douglas.pdf	128	VI	George-Douglas-Annotated-Transcription-Volume-VI.pdf	77
08-129	George Douglas Papers Folder 5 - Daybook of N.L. Douglas.pdf	129	VI	George-Douglas-Annotated-Transcription-Volume-VI.pdf	78
08-130	George Douglas Papers Folder 5 - Daybook of N.L. Douglas.pdf	130	VI	George-Douglas-Annotated-Transcription-Volume-VI.pdf	78
08-131	George Douglas Papers Folder 5 - Daybook of N.L. Douglas.pdf	131	VI	George-Douglas-Annotated-Transcription-Volume-VI.pdf	79
08-132	George Douglas Papers Folder 5 - Daybook of N.L. Douglas.pdf	132	VI	George-Douglas-Annotated-Transcription-Volume-VI.pdf	79
08-133	George Douglas Papers Folder 5 - Daybook of N.L. Douglas.pdf	133	VI	George-Douglas-Annotated-Transcription-Volume-VI.pdf	79
08-134	George Douglas Papers Folder 5 - Daybook of N.L. Douglas.pdf	134	VI	George-Douglas-Annotated-Transcription-Volume-VI.pdf	80
08-135	George Douglas Papers Folder 5 - Daybook of N.L. Douglas.pdf	135	VI	George-Douglas-Annotated-Transcription-Volume-VI.pdf	80
08-136	George Douglas Papers Folder 5 - Daybook of N.L. Douglas.pdf	136	VI	George-Douglas-Annotated-Transcription-Volume-VI.pdf	81
08-137	George Douglas Papers Folder 5 - Daybook of N.L. Douglas.pdf	137	VI	George-Douglas-Annotated-Transcription-Volume-VI.pdf	81
08-138	George Douglas Papers Folder 5 - Daybook of N.L. Douglas.pdf	138	VI	George-Douglas-Annotated-Transcription-Volume-VI.pdf	81
08-139	George Douglas Papers Folder 5 - Daybook of N.L. Douglas.pdf	139	VI	George-Douglas-Annotated-Transcription-Volume-VI.pdf	82
08-140	George Douglas Papers Folder 5 - Daybook of N.L. Douglas.pdf	140	VI	George-Douglas-Annotated-Transcription-Volume-VI.pdf	82
08-141	George Douglas Papers Folder 5 - Daybook of N.L. Douglas.pdf	141	VI	George-Douglas-Annotated-Transcription-Volume-VI.pdf	82
08-142	George Douglas Papers Folder 5 - Daybook of N.L. Douglas.pdf	142	VI	George-Douglas-Annotated-Transcription-Volume-VI.pdf	83
08-143	George Douglas Papers Folder 5 - Daybook of N.L. Douglas.pdf	143	VI	George-Douglas-Annotated-Transcription-Volume-VI.pdf	84
08-144	George Douglas Papers Folder 5 - Daybook of N.L. Douglas.pdf	144	VI	George-Douglas-Annotated-Transcription-Volume-VI.pdf	84
08-145	George Douglas Papers Folder 5 - Daybook of N.L. Douglas.pdf	145	VI	George-Douglas-Annotated-Transcription-Volume-VI.pdf	84
08-146	George Douglas Papers Folder 5 - Daybook of N.L. Douglas.pdf	146	VI	George-Douglas-Annotated-Transcription-Volume-VI.pdf	85
08-147	George Douglas Papers Folder 5 - Daybook of N.L. Douglas.pdf	147	VI	George-Douglas-Annotated-Transcription-Volume-VI.pdf	85
08-148	George Douglas Papers Folder 5 - Daybook of N.L. Douglas.pdf	148	VI	George-Douglas-Annotated-Transcription-Volume-VI.pdf	85
08-149	George Douglas Papers Folder 5 - Daybook of N.L. Douglas.pdf	149	VI	George-Douglas-Annotated-Transcription-Volume-VI.pdf	86
08-150	George Douglas Papers Folder 5 - Daybook of N.L. Douglas.pdf	150	VI	George-Douglas-Annotated-Transcription-Volume-VI.pdf	87
08-151	George Douglas Papers Folder 5 - Daybook of N.L. Douglas.pdf	151	VI	George-Douglas-Annotated-Transcription-Volume-VI.pdf	87
08-152	George Douglas Papers Folder 5 - Daybook of N.L. Douglas.pdf	152	VI	George-Douglas-Annotated-Transcription-Volume-VI.pdf	87
08-153	George Douglas Papers Folder 5 - Daybook of N.L. Douglas.pdf	153	VI	George-Douglas-Annotated-Transcription-Volume-VI.pdf	88
08-154	George Douglas Papers Folder 5 - Daybook of N.L. Douglas.pdf	154	VI	George-Douglas-Annotated-Transcription-Volume-VI.pdf	88
08-155	George Douglas Papers Folder 5 - Daybook of N.L. Douglas.pdf	155	VI	George-Douglas-Annotated-Transcription-Volume-VI.pdf	88
08-156	George Douglas Papers Folder 5 - Daybook of N.L. Douglas.pdf	156	VI	George-Douglas-Annotated-Transcription-Volume-VI.pdf	89
08-157	George Douglas Papers Folder 5 - Daybook of N.L. Douglas.pdf	157	VI	George-Douglas-Annotated-Transcription-Volume-VI.pdf	89
08-158	George Douglas Papers Folder 5 - Daybook of N.L. Douglas.pdf	158	VI	George-Douglas-Annotated-Transcription-Volume-VI.pdf	89
08-159	George Douglas Papers Folder 5 - Daybook of N.L. Douglas.pdf	159	VI	George-Douglas-Annotated-Transcription-Volume-VI.pdf	90
08-160	George Douglas Papers Folder 5 - Daybook of N.L. Douglas.pdf	160	VI	George-Douglas-Annotated-Transcription-Volume-VI.pdf	91
08-161	George Douglas Papers Folder 5 - Daybook of N.L. Douglas.pdf	161	VI	George-Douglas-Annotated-Transcription-Volume-VI.pdf	91
08-162	George Douglas Papers Folder 5 - Daybook of N.L. Douglas.pdf	162	VI	George-Douglas-Annotated-Transcription-Volume-VI.pdf	91
08-163	George Douglas Papers Folder 5 - Daybook of N.L. Douglas.pdf	163	VI	George-Douglas-Annotated-Transcription-Volume-VI.pdf	94
08-164	George Douglas Papers Folder 5 - Daybook of N.L. Douglas.pdf	164	VI	George-Douglas-Annotated-Transcription-Volume-VI.pdf	94
08-165	George Douglas Papers Folder 5 - Daybook of N.L. Douglas.pdf	165	VI	George-Douglas-Annotated-Transcription-Volume-VI.pdf	95
08-166	George Douglas Papers Folder 5 - Daybook of N.L. Douglas.pdf	166	VI	George-Douglas-Annotated-Transcription-Volume-VI.pdf	95
08-167	George Douglas Papers Folder 5 - Daybook of N.L. Douglas.pdf	167	VI	George-Douglas-Annotated-Transcription-Volume-VI.pdf	95
09-001	George Douglas Papers Folder 6 - Correspondence.pdf	1	VII	George-Douglas-Annotated-Transcription-Volume-VII.pdf	4
09-002	George Douglas Papers Folder 6 - Correspondence.pdf	2	VII	George-Douglas-Annotated-Transcription-Volume-VII.pdf	4
09-003	George Douglas Papers Folder 6 - Correspondence.pdf	3	VII	George-Douglas-Annotated-Transcription-Volume-VII.pdf	4
09-004	George Douglas Papers Folder 6 - Correspondence.pdf	4	VII	George-Douglas-Annotated-Transcription-Volume-VII.pdf	5
09-005	George Douglas Papers Folder 6 - Correspondence.pdf	5	VII	George-Douglas-Annotated-Transcription-Volume-VII.pdf	6
09-006	George Douglas Papers Folder 6 - Correspondence.pdf	6	VII	George-Douglas-Annotated-Transcription-Volume-VII.pdf	6
09-007	George Douglas Papers Folder 6 - Correspondence.pdf	7	VII	George-Douglas-Annotated-Transcription-Volume-VII.pdf	7
09-008	George Douglas Papers Folder 6 - Correspondence.pdf	8	VII	George-Douglas-Annotated-Transcription-Volume-VII.pdf	7
09-009	George Douglas Papers Folder 6 - Correspondence.pdf	9	VII	George-Douglas-Annotated-Transcription-Volume-VII.pdf	7
09-010	George Douglas Papers Folder 6 - Correspondence.pdf	10	VII	George-Douglas-Annotated-Transcription-Volume-VII.pdf	8
09-011	George Douglas Papers Folder 6 - Correspondence.pdf	11	VII	George-Douglas-Annotated-Transcription-Volume-VII.pdf	8
09-012	George Douglas Papers Folder 6 - Correspondence.pdf	12	VII	George-Douglas-Annotated-Transcription-Volume-VII.pdf	9
09-013	George Douglas Papers Folder 6 - Correspondence.pdf	13	VII	George-Douglas-Annotated-Transcription-Volume-VII.pdf	9
09-014	George Douglas Papers Folder 6 - Correspondence.pdf	14	VII	George-Douglas-Annotated-Transcription-Volume-VII.pdf	10
09-015	George Douglas Papers Folder 6 - Correspondence.pdf	15	VII	George-Douglas-Annotated-Transcription-Volume-VII.pdf	10
09-016	George Douglas Papers Folder 6 - Correspondence.pdf	16	VII	George-Douglas-Annotated-Transcription-Volume-VII.pdf	10
09-017	George Douglas Papers Folder 6 - Correspondence.pdf	17	VII	George-Douglas-Annotated-Transcription-Volume-VII.pdf	11
09-018	George Douglas Papers Folder 6 - Correspondence.pdf	18	VII	George-Douglas-Annotated-Transcription-Volume-VII.pdf	11
09-019	George Douglas Papers Folder 6 - Correspondence.pdf	19	VII	George-Douglas-Annotated-Transcription-Volume-VII.pdf	12
09-020	George Douglas Papers Folder 6 - Correspondence.pdf	20	VII	George-Douglas-Annotated-Transcription-Volume-VII.pdf	12
09-021	George Douglas Papers Folder 6 - Correspondence.pdf	21	VII	George-Douglas-Annotated-Transcription-Volume-VII.pdf	13
09-022	George Douglas Papers Folder 6 - Correspondence.pdf	22	VII	George-Douglas-Annotated-Transcription-Volume-VII.pdf	13
09-023	George Douglas Papers Folder 6 - Correspondence.pdf	23	VII	George-Douglas-Annotated-Transcription-Volume-VII.pdf	14
09-024	George Douglas Papers Folder 6 - Correspondence.pdf	24	VII	George-Douglas-Annotated-Transcription-Volume-VII.pdf	14
09-025	George Douglas Papers Folder 6 - Correspondence.pdf	25	VII	George-Douglas-Annotated-Transcription-Volume-VII.pdf	14
09-026	George Douglas Papers Folder 6 - Correspondence.pdf	26	VII	George-Douglas-Annotated-Transcription-Volume-VII.pdf	15
09-027	George Douglas Papers Folder 6 - Correspondence.pdf	27	VII	George-Douglas-Annotated-Transcription-Volume-VII.pdf	15
09-028	George Douglas Papers Folder 6 - Correspondence.pdf	28	VII	George-Douglas-Annotated-Transcription-Volume-VII.pdf	15
09-029	George Douglas Papers Folder 6 - Correspondence.pdf	29	VII	George-Douglas-Annotated-Transcription-Volume-VII.pdf	16
09-030	George Douglas Papers Folder 6 - Correspondence.pdf	30	VII	George-Douglas-Annotated-Transcription-Volume-VII.pdf	16
09-031	George Douglas Papers Folder 6 - Correspondence.pdf	31	VII	George-Douglas-Annotated-Transcription-Volume-VII.pdf	17
09-032	George Douglas Papers Folder 6 - Correspondence.pdf	32	VII	George-Douglas-Annotated-Transcription-Volume-VII.pdf	17
09-033	George Douglas Papers Folder 6 - Correspondence.pdf	33	VII	George-Douglas-Annotated-Transcription-Volume-VII.pdf	18
09-034	George Douglas Papers Folder 6 - Correspondence.pdf	34	VII	George-Douglas-Annotated-Transcription-Volume-VII.pdf	18
09-035	George Douglas Papers Folder 6 - Correspondence.pdf	35	VII	George-Douglas-Annotated-Transcription-Volume-VII.pdf	19
09-036	George Douglas Papers Folder 6 - Correspondence.pdf	36	VII	George-Douglas-Annotated-Transcription-Volume-VII.pdf	19
09-037	George Douglas Papers Folder 6 - Correspondence.pdf	37	VII	George-Douglas-Annotated-Transcription-Volume-VII.pdf	19
09-038	George Douglas Papers Folder 6 - Correspondence.pdf	38	VII	George-Douglas-Annotated-Transcription-Volume-VII.pdf	20
09-039	George Douglas Papers Folder 6 - Correspondence.pdf	39	VII	George-Douglas-Annotated-Transcription-Volume-VII.pdf	20
09-040	George Douglas Papers Folder 6 - Correspondence.pdf	40	VII	George-Douglas-Annotated-Transcription-Volume-VII.pdf	21
09-041	George Douglas Papers Folder 6 - Correspondence.pdf	41	VII	George-Douglas-Annotated-Transcription-Volume-VII.pdf	21
09-042	George Douglas Papers Folder 6 - Correspondence.pdf	42	VII	George-Douglas-Annotated-Transcription-Volume-VII.pdf	22
09-043	George Douglas Papers Folder 6 - Correspondence.pdf	43	VII	George-Douglas-Annotated-Transcription-Volume-VII.pdf	22
09-044	George Douglas Papers Folder 6 - Correspondence.pdf	44	VII	George-Douglas-Annotated-Transcription-Volume-VII.pdf	22
09-045	George Douglas Papers Folder 6 - Correspondence.pdf	45	VII	George-Douglas-Annotated-Transcription-Volume-VII.pdf	23
09-046	George Douglas Papers Folder 6 - Correspondence.pdf	46	VII	George-Douglas-Annotated-Transcription-Volume-VII.pdf	24
09-047	George Douglas Papers Folder 6 - Correspondence.pdf	47	VII	George-Douglas-Annotated-Transcription-Volume-VII.pdf	24
09-048	George Douglas Papers Folder 6 - Correspondence.pdf	48	VII	George-Douglas-Annotated-Transcription-Volume-VII.pdf	25
09-049	George Douglas Papers Folder 6 - Correspondence.pdf	49	VII	George-Douglas-Annotated-Transcription-Volume-VII.pdf	25
09-050	George Douglas Papers Folder 6 - Correspondence.pdf	50	VII	George-Douglas-Annotated-Transcription-Volume-VII.pdf	26
09-051	George Douglas Papers Folder 6 - Correspondence.pdf	51	VII	George-Douglas-Annotated-Transcription-Volume-VII.pdf	27
09-052	George Douglas Papers Folder 6 - Correspondence.pdf	52	VII	George-Douglas-Annotated-Transcription-Volume-VII.pdf	27
09-053	George Douglas Papers Folder 6 - Correspondence.pdf	53	VII	George-Douglas-Annotated-Transcription-Volume-VII.pdf	27
09-054	George Douglas Papers Folder 6 - Correspondence.pdf	54	VII	George-Douglas-Annotated-Transcription-Volume-VII.pdf	28
09-055	George Douglas Papers Folder 6 - Correspondence.pdf	55	VII	George-Douglas-Annotated-Transcription-Volume-VII.pdf	28
09-056	George Douglas Papers Folder 6 - Correspondence.pdf	56	VII	George-Douglas-Annotated-Transcription-Volume-VII.pdf	28
09-057	George Douglas Papers Folder 6 - Correspondence.pdf	57	VII	George-Douglas-Annotated-Transcription-Volume-VII.pdf	29
09-058	George Douglas Papers Folder 6 - Correspondence.pdf	58	VII	George-Douglas-Annotated-Transcription-Volume-VII.pdf	29
09-059	George Douglas Papers Folder 6 - Correspondence.pdf	59	VII	George-Douglas-Annotated-Transcription-Volume-VII.pdf	30
09-060	George Douglas Papers Folder 6 - Correspondence.pdf	60	VII	George-Douglas-Annotated-Transcription-Volume-VII.pdf	30
09-061	George Douglas Papers Folder 6 - Correspondence.pdf	61	VII	George-Douglas-Annotated-Transcription-Volume-VII.pdf	31
09-062	George Douglas Papers Folder 6 - Correspondence.pdf	62	VII	George-Douglas-Annotated-Transcription-Volume-VII.pdf	31
09-063	George Douglas Papers Folder 6 - Correspondence.pdf	63	VII	George-Douglas-Annotated-Transcription-Volume-VII.pdf	32
09-064	George Douglas Papers Folder 6 - Correspondence.pdf	64	VII	George-Douglas-Annotated-Transcription-Volume-VII.pdf	32
09-065	George Douglas Papers Folder 6 - Correspondence.pdf	65	VII	George-Douglas-Annotated-Transcription-Volume-VII.pdf	33
09-066	George Douglas Papers Folder 6 - Correspondence.pdf	66	VII	George-Douglas-Annotated-Transcription-Volume-VII.pdf	33
09-067	George Douglas Papers Folder 6 - Correspondence.pdf	67	VII	George-Douglas-Annotated-Transcription-Volume-VII.pdf	34
09-068	George Douglas Papers Folder 6 - Correspondence.pdf	68	VII	George-Douglas-Annotated-Transcription-Volume-VII.pdf	35
09-069	George Douglas Papers Folder 6 - Correspondence.pdf	69	VII	George-Douglas-Annotated-Transcription-Volume-VII.pdf	36
09-070	George Douglas Papers Folder 6 - Correspondence.pdf	70	VII	George-Douglas-Annotated-Transcription-Volume-VII.pdf	36
09-071	George Douglas Papers Folder 6 - Correspondence.pdf	71	VII	George-Douglas-Annotated-Transcription-Volume-VII.pdf	37
09-072	George Douglas Papers Folder 6 - Correspondence.pdf	72	VII	George-Douglas-Annotated-Transcription-Volume-VII.pdf	37
09-073	George Douglas Papers Folder 6 - Correspondence.pdf	73	VII	George-Douglas-Annotated-Transcription-Volume-VII.pdf	38
09-074	George Douglas Papers Folder 6 - Correspondence.pdf	74	VII	George-Douglas-Annotated-Transcription-Volume-VII.pdf	38
09-075	George Douglas Papers Folder 6 - Correspondence.pdf	75	VII	George-Douglas-Annotated-Transcription-Volume-VII.pdf	39
09-076	George Douglas Papers Folder 6 - Correspondence.pdf	76	VII	George-Douglas-Annotated-Transcription-Volume-VII.pdf	39
09-077	George Douglas Papers Folder 6 - Correspondence.pdf	77	VII	George-Douglas-Annotated-Transcription-Volume-VII.pdf	40
09-078	George Douglas Papers Folder 6 - Correspondence.pdf	78	VII	George-Douglas-Annotated-Transcription-Volume-VII.pdf	40
09-079	George Douglas Papers Folder 6 - Correspondence.pdf	79	VII	George-Douglas-Annotated-Transcription-Volume-VII.pdf	40
09-080	George Douglas Papers Folder 6 - Correspondence.pdf	80	VII	George-Douglas-Annotated-Transcription-Volume-VII.pdf	41
09-081	George Douglas Papers Folder 6 - Correspondence.pdf	81	VII	George-Douglas-Annotated-Transcription-Volume-VII.pdf	41
09-082	George Douglas Papers Folder 6 - Correspondence.pdf	82	VII	George-Douglas-Annotated-Transcription-Volume-VII.pdf	42
09-083	George Douglas Papers Folder 6 - Correspondence.pdf	83	VII	George-Douglas-Annotated-Transcription-Volume-VII.pdf	42
09-084	George Douglas Papers Folder 6 - Correspondence.pdf	84	VII	George-Douglas-Annotated-Transcription-Volume-VII.pdf	43
09-085	George Douglas Papers Folder 6 - Correspondence.pdf	85	VII	George-Douglas-Annotated-Transcription-Volume-VII.pdf	43
09-086	George Douglas Papers Folder 6 - Correspondence.pdf	86	VII	George-Douglas-Annotated-Transcription-Volume-VII.pdf	44
09-087	George Douglas Papers Folder 6 - Correspondence.pdf	87	VII	George-Douglas-Annotated-Transcription-Volume-VII.pdf	45
09-088	George Douglas Papers Folder 6 - Correspondence.pdf	88	VII	George-Douglas-Annotated-Transcription-Volume-VII.pdf	45
09-089	George Douglas Papers Folder 6 - Correspondence.pdf	89	VII	George-Douglas-Annotated-Transcription-Volume-VII.pdf	45
09-090	George Douglas Papers Folder 6 - Correspondence.pdf	90	VII	George-Douglas-Annotated-Transcription-Volume-VII.pdf	46
09-091	George Douglas Papers Folder 6 - Correspondence.pdf	91	VII	George-Douglas-Annotated-Transcription-Volume-VII.pdf	46
09-092	George Douglas Papers Folder 6 - Correspondence.pdf	92	VII	George-Douglas-Annotated-Transcription-Volume-VII.pdf	47
09-093	George Douglas Papers Folder 6 - Correspondence.pdf	93	VII	George-Douglas-Annotated-Transcription-Volume-VII.pdf	47
09-094	George Douglas Papers Folder 6 - Correspondence.pdf	94	VII	George-Douglas-Annotated-Transcription-Volume-VII.pdf	48
09-095	George Douglas Papers Folder 6 - Correspondence.pdf	95	VII	George-Douglas-Annotated-Transcription-Volume-VII.pdf	48
09-096	George Douglas Papers Folder 6 - Correspondence.pdf	96	VII	George-Douglas-Annotated-Transcription-Volume-VII.pdf	49
09-097	George Douglas Papers Folder 6 - Correspondence.pdf	97	VII	George-Douglas-Annotated-Transcription-Volume-VII.pdf	49
09-098	George Douglas Papers Folder 6 - Correspondence.pdf	98	VII	George-Douglas-Annotated-Transcription-Volume-VII.pdf	50
09-099	George Douglas Papers Folder 6 - Correspondence.pdf	99	VII	George-Douglas-Annotated-Transcription-Volume-VII.pdf	50
09-100	George Douglas Papers Folder 6 - Correspondence.pdf	100	VII	George-Douglas-Annotated-Transcription-Volume-VII.pdf	51
09-101	George Douglas Papers Folder 6 - Correspondence.pdf	101	VII	George-Douglas-Annotated-Transcription-Volume-VII.pdf	52
09-102	George Douglas Papers Folder 6 - Correspondence.pdf	102	VII	George-Douglas-Annotated-Transcription-Volume-VII.pdf	52
09-103	George Douglas Papers Folder 6 - Correspondence.pdf	103	VII	George-Douglas-Annotated-Transcription-Volume-VII.pdf	53
09-104	George Douglas Papers Folder 6 - Correspondence.pdf	104	VII	George-Douglas-Annotated-Transcription-Volume-VII.pdf	53
09-105	George Douglas Papers Folder 6 - Correspondence.pdf	105	VII	George-Douglas-Annotated-Transcription-Volume-VII.pdf	53
09-106	George Douglas Papers Folder 6 - Correspondence.pdf	106	VII	George-Douglas-Annotated-Transcription-Volume-VII.pdf	53
09-107	George Douglas Papers Folder 6 - Correspondence.pdf	107	VII	George-Douglas-Annotated-Transcription-Volume-VII.pdf	54
09-108	George Douglas Papers Folder 6 - Correspondence.pdf	108	VII	George-Douglas-Annotated-Transcription-Volume-VII.pdf	54
09-109	George Douglas Papers Folder 6 - Correspondence.pdf	109	VII	George-Douglas-Annotated-Transcription-Volume-VII.pdf	55
09-110	George Douglas Papers Folder 6 - Correspondence.pdf	110	VII	George-Douglas-Annotated-Transcription-Volume-VII.pdf	55
09-111	George Douglas Papers Folder 6 - Correspondence.pdf	111	VII	George-Douglas-Annotated-Transcription-Volume-VII.pdf	55
09-112	George Douglas Papers Folder 6 - Correspondence.pdf	112	VII	George-Douglas-Annotated-Transcription-Volume-VII.pdf	56
09-113	George Douglas Papers Folder 6 - Correspondence.pdf	113	VII	George-Douglas-Annotated-Transcription-Volume-VII.pdf	56
09-114	George Douglas Papers Folder 6 - Correspondence.pdf	114	VII	George-Douglas-Annotated-Transcription-Volume-VII.pdf	57
09-115	George Douglas Papers Folder 6 - Correspondence.pdf	115	VII	George-Douglas-Annotated-Transcription-Volume-VII.pdf	57
09-116	George Douglas Papers Folder 6 - Correspondence.pdf	116	VII	George-Douglas-Annotated-Transcription-Volume-VII.pdf	58
09-117	George Douglas Papers Folder 6 - Correspondence.pdf	117	VII	George-Douglas-Annotated-Transcription-Volume-VII.pdf	58
09-118	George Douglas Papers Folder 6 - Correspondence.pdf	118	VII	George-Douglas-Annotated-Transcription-Volume-VII.pdf	59
09-119	George Douglas Papers Folder 6 - Correspondence.pdf	119	VII	George-Douglas-Annotated-Transcription-Volume-VII.pdf	59
09-120	George Douglas Papers Folder 6 - Correspondence.pdf	120	VII	George-Douglas-Annotated-Transcription-Volume-VII.pdf	60
09-121	George Douglas Papers Folder 6 - Correspondence.pdf	121	VII	George-Douglas-Annotated-Transcription-Volume-VII.pdf	60
09-122	George Douglas Papers Folder 6 - Correspondence.pdf	122	VII	George-Douglas-Annotated-Transcription-Volume-VII.pdf	61
09-123	George Douglas Papers Folder 6 - Correspondence.pdf	123	VII	George-Douglas-Annotated-Transcription-Volume-VII.pdf	61
09-124	George Douglas Papers Folder 6 - Correspondence.pdf	124	VII	George-Douglas-Annotated-Transcription-Volume-VII.pdf	62
09-125	George Douglas Papers Folder 6 - Correspondence.pdf	125	VII	George-Douglas-Annotated-Transcription-Volume-VII.pdf	62
09-126	George Douglas Papers Folder 6 - Correspondence.pdf	126	VII	George-Douglas-Annotated-Transcription-Volume-VII.pdf	63
09-127	George Douglas Papers Folder 6 - Correspondence.pdf	127	VII	George-Douglas-Annotated-Transcription-Volume-VII.pdf	63
09-128	George Douglas Papers Folder 6 - Correspondence.pdf	128	VII	George-Douglas-Annotated-Transcription-Volume-VII.pdf	64
09-129	George Douglas Papers Folder 6 - Correspondence.pdf	129	VII	George-Douglas-Annotated-Transcription-Volume-VII.pdf	64
09-130	George Douglas Papers Folder 6 - Correspondence.pdf	130	VII	George-Douglas-Annotated-Transcription-Volume-VII.pdf	65
09-131	George Douglas Papers Folder 6 - Correspondence.pdf	131	VII	George-Douglas-Annotated-Transcription-Volume-VII.pdf	65
09-132	George Douglas Papers Folder 6 - Correspondence.pdf	132	VII	George-Douglas-Annotated-Transcription-Volume-VII.pdf	66
09-133	George Douglas Papers Folder 6 - Correspondence.pdf	133	VII	George-Douglas-Annotated-Transcription-Volume-VII.pdf	66
09-134	George Douglas Papers Folder 6 - Correspondence.pdf	134	VII	George-Douglas-Annotated-Transcription-Volume-VII.pdf	67
10-001	George Douglas Papers Folder 7 - Poems Etc.pdf	1	VIII	George-Douglas-Annotated-Transcription-Volume-VIII.pdf	4
10-002	George Douglas Papers Folder 7 - Poems Etc.pdf	2	VIII	George-Douglas-Annotated-Transcription-Volume-VIII.pdf	4
10-003	George Douglas Papers Folder 7 - Poems Etc.pdf	3	VIII	George-Douglas-Annotated-Transcription-Volume-VIII.pdf	4
10-004	George Douglas Papers Folder 7 - Poems Etc.pdf	4	VIII	George-Douglas-Annotated-Transcription-Volume-VIII.pdf	5
10-005	George Douglas Papers Folder 7 - Poems Etc.pdf	5	VIII	George-Douglas-Annotated-Transcription-Volume-VIII.pdf	6
10-006	George Douglas Papers Folder 7 - Poems Etc.pdf	6	VIII	George-Douglas-Annotated-Transcription-Volume-VIII.pdf	6
10-007	George Douglas Papers Folder 7 - Poems Etc.pdf	7	VIII	George-Douglas-Annotated-Transcription-Volume-VIII.pdf	7
10-008	George Douglas Papers Folder 7 - Poems Etc.pdf	8	VIII	George-Douglas-Annotated-Transcription-Volume-VIII.pdf	7
10-009	George Douglas Papers Folder 7 - Poems Etc.pdf	9	VIII	George-Douglas-Annotated-Transcription-Volume-VIII.pdf	8
10-010	George Douglas Papers Folder 7 - Poems Etc.pdf	10	VIII	George-Douglas-Annotated-Transcription-Volume-VIII.pdf	9
10-011	George Douglas Papers Folder 7 - Poems Etc.pdf	11	VIII	George-Douglas-Annotated-Transcription-Volume-VIII.pdf	9
10-012	George Douglas Papers Folder 7 - Poems Etc.pdf	12	VIII	George-Douglas-Annotated-Transcription-Volume-VIII.pdf	10
10-013	George Douglas Papers Folder 7 - Poems Etc.pdf	13	VIII	George-Douglas-Annotated-Transcription-Volume-VIII.pdf	11
10-014	George Douglas Papers Folder 7 - Poems Etc.pdf	14	VIII	George-Douglas-Annotated-Transcription-Volume-VIII.pdf	12
10-015	George Douglas Papers Folder 7 - Poems Etc.pdf	15	VIII	George-Douglas-Annotated-Transcription-Volume-VIII.pdf	12
10-016	George Douglas Papers Folder 7 - Poems Etc.pdf	16	VIII	George-Douglas-Annotated-Transcription-Volume-VIII.pdf	13
10-017	George Douglas Papers Folder 7 - Poems Etc.pdf	17	VIII	George-Douglas-Annotated-Transcription-Volume-VIII.pdf	14
10-018	George Douglas Papers Folder 7 - Poems Etc.pdf	18	VIII	George-Douglas-Annotated-Transcription-Volume-VIII.pdf	15
10-019	George Douglas Papers Folder 7 - Poems Etc.pdf	19	VIII	George-Douglas-Annotated-Transcription-Volume-VIII.pdf	16
10-020	George Douglas Papers Folder 7 - Poems Etc.pdf	20	VIII	George-Douglas-Annotated-Transcription-Volume-VIII.pdf	17
10-021	George Douglas Papers Folder 7 - Poems Etc.pdf	21	VIII	George-Douglas-Annotated-Transcription-Volume-VIII.pdf	18
10-022	George Douglas Papers Folder 7 - Poems Etc.pdf	22	VIII	George-Douglas-Annotated-Transcription-Volume-VIII.pdf	19
10-023	George Douglas Papers Folder 7 - Poems Etc.pdf	23	VIII	George-Douglas-Annotated-Transcription-Volume-VIII.pdf	20
10-024	George Douglas Papers Folder 7 - Poems Etc.pdf	24	VIII	George-Douglas-Annotated-Transcription-Volume-VIII.pdf	20
10-025	George Douglas Papers Folder 7 - Poems Etc.pdf	25	VIII	George-Douglas-Annotated-Transcription-Volume-VIII.pdf	21
10-026	George Douglas Papers Folder 7 - Poems Etc.pdf	26	VIII	George-Douglas-Annotated-Transcription-Volume-VIII.pdf	22
10-027	George Douglas Papers Folder 7 - Poems Etc.pdf	27	VIII	George-Douglas-Annotated-Transcription-Volume-VIII.pdf	23
10-028	George Douglas Papers Folder 7 - Poems Etc.pdf	28	VIII	George-Douglas-Annotated-Transcription-Volume-VIII.pdf	24
10-029	George Douglas Papers Folder 7 - Poems Etc.pdf	29	VIII	George-Douglas-Annotated-Transcription-Volume-VIII.pdf	25
10-030	George Douglas Papers Folder 7 - Poems Etc.pdf	30	VIII	George-Douglas-Annotated-Transcription-Volume-VIII.pdf	26
10-031	George Douglas Papers Folder 7 - Poems Etc.pdf	31	VIII	George-Douglas-Annotated-Transcription-Volume-VIII.pdf	27
10-032	George Douglas Papers Folder 7 - Poems Etc.pdf	32	VIII	George-Douglas-Annotated-Transcription-Volume-VIII.pdf	27
10-033	George Douglas Papers Folder 7 - Poems Etc.pdf	33	VIII	George-Douglas-Annotated-Transcription-Volume-VIII.pdf	28
10-034	George Douglas Papers Folder 7 - Poems Etc.pdf	34	VIII	George-Douglas-Annotated-Transcription-Volume-VIII.pdf	28
10-035	George Douglas Papers Folder 7 - Poems Etc.pdf	35	VIII	George-Douglas-Annotated-Transcription-Volume-VIII.pdf	29
10-036	George Douglas Papers Folder 7 - Poems Etc.pdf	36	VIII	George-Douglas-Annotated-Transcription-Volume-VIII.pdf	31
10-037	George Douglas Papers Folder 7 - Poems Etc.pdf	37	VIII	George-Douglas-Annotated-Transcription-Volume-VIII.pdf	32
10-038	George Douglas Papers Folder 7 - Poems Etc.pdf	38	VIII	George-Douglas-Annotated-Transcription-Volume-VIII.pdf	33
10-039	George Douglas Papers Folder 7 - Poems Etc.pdf	39	VIII	George-Douglas-Annotated-Transcription-Volume-VIII.pdf	35
10-040	George Douglas Papers Folder 7 - Poems Etc.pdf	40	VIII	George-Douglas-Annotated-Transcription-Volume-VIII.pdf	36
10-041	George Douglas Papers Folder 7 - Poems Etc.pdf	41	VIII	George-Douglas-Annotated-Transcription-Volume-VIII.pdf	37
10-042	George Douglas Papers Folder 7 - Poems Etc.pdf	42	VIII	George-Douglas-Annotated-Transcription-Volume-VIII.pdf	38
10-043	George Douglas Papers Folder 7 - Poems Etc.pdf	43	VIII	George-Douglas-Annotated-Transcription-Volume-VIII.pdf	39
10-044	George Douglas Papers Folder 7 - Poems Etc.pdf	44	VIII	George-Douglas-Annotated-Transcription-Volume-VIII.pdf	40
10-045	George Douglas Papers Folder 7 - Poems Etc.pdf	45	VIII	George-Douglas-Annotated-Transcription-Volume-VIII.pdf	41
10-046	George Douglas Papers Folder 7 - Poems Etc.pdf	46	VIII	George-Douglas-Annotated-Transcription-Volume-VIII.pdf	42
10-047	George Douglas Papers Folder 7 - Poems Etc.pdf	47	VIII	George-Douglas-Annotated-Transcription-Volume-VIII.pdf	43
10-048	George Douglas Papers Folder 7 - Poems Etc.pdf	48	VIII	George-Douglas-Annotated-Transcription-Volume-VIII.pdf	44
10-049	George Douglas Papers Folder 7 - Poems Etc.pdf	49	VIII	George-Douglas-Annotated-Transcription-Volume-VIII.pdf	45
10-050	George Douglas Papers Folder 7 - Poems Etc.pdf	50	VIII	George-Douglas-Annotated-Transcription-Volume-VIII.pdf	46
10-051	George Douglas Papers Folder 7 - Poems Etc.pdf	51	VIII	George-Douglas-Annotated-Transcription-Volume-VIII.pdf	47
10-052	George Douglas Papers Folder 7 - Poems Etc.pdf	52	VIII	George-Douglas-Annotated-Transcription-Volume-VIII.pdf	47
10-053	George Douglas Papers Folder 7 - Poems Etc.pdf	53	VIII	George-Douglas-Annotated-Transcription-Volume-VIII.pdf	48
10-054	George Douglas Papers Folder 7 - Poems Etc.pdf	54	VIII	George-Douglas-Annotated-Transcription-Volume-VIII.pdf	49
10-055	George Douglas Papers Folder 7 - Poems Etc.pdf	55	VIII	George-Douglas-Annotated-Transcription-Volume-VIII.pdf	50
10-056	George Douglas Papers Folder 7 - Poems Etc.pdf	56	VIII	George-Douglas-Annotated-Transcription-Volume-VIII.pdf	51
10-057	George Douglas Papers Folder 7 - Poems Etc.pdf	57	VIII	George-Douglas-Annotated-Transcription-Volume-VIII.pdf	51
10-058	George Douglas Papers Folder 7 - Poems Etc.pdf	58	VIII	George-Douglas-Annotated-Transcription-Volume-VIII.pdf	52
10-059	George Douglas Papers Folder 7 - Poems Etc.pdf	59	VIII	George-Douglas-Annotated-Transcription-Volume-VIII.pdf	53
10-060	George Douglas Papers Folder 7 - Poems Etc.pdf	60	VIII	George-Douglas-Annotated-Transcription-Volume-VIII.pdf	54
10-061	George Douglas Papers Folder 7 - Poems Etc.pdf	61	VIII	George-Douglas-Annotated-Transcription-Volume-VIII.pdf	55
10-062	George Douglas Papers Folder 7 - Poems Etc.pdf	62	VIII	George-Douglas-Annotated-Transcription-Volume-VIII.pdf	56
10-063	George Douglas Papers Folder 7 - Poems Etc.pdf	63	VIII	George-Douglas-Annotated-Transcription-Volume-VIII.pdf	57
10-064	George Douglas Papers Folder 7 - Poems Etc.pdf	64	VIII	George-Douglas-Annotated-Transcription-Volume-VIII.pdf	57
10-065	George Douglas Papers Folder 7 - Poems Etc.pdf	65	VIII	George-Douglas-Annotated-Transcription-Volume-VIII.pdf	58
10-066	George Douglas Papers Folder 7 - Poems Etc.pdf	66	VIII	George-Douglas-Annotated-Transcription-Volume-VIII.pdf	59
10-067	George Douglas Papers Folder 7 - Poems Etc.pdf	67	VIII	George-Douglas-Annotated-Transcription-Volume-VIII.pdf	60
10-068	George Douglas Papers Folder 7 - Poems Etc.pdf	68	VIII	George-Douglas-Annotated-Transcription-Volume-VIII.pdf	61
10-069	George Douglas Papers Folder 7 - Poems Etc.pdf	69	VIII	George-Douglas-Annotated-Transcription-Volume-VIII.pdf	62
10-070	George Douglas Papers Folder 7 - Poems Etc.pdf	70	VIII	George-Douglas-Annotated-Transcription-Volume-VIII.pdf	63
10-071	George Douglas Papers Folder 7 - Poems Etc.pdf	71	VIII	George-Douglas-Annotated-Transcription-Volume-VIII.pdf	63
10-072	George Douglas Papers Folder 7 - Poems Etc.pdf	72	VIII	George-Douglas-Annotated-Transcription-Volume-VIII.pdf	64
10-073	George Douglas Papers Folder 7 - Poems Etc.pdf	73	VIII	George-Douglas-Annotated-Transcription-Volume-VIII.pdf	64
10-074	George Douglas Papers Folder 7 - Poems Etc.pdf	74	VIII	George-Douglas-Annotated-Transcription-Volume-VIII.pdf	65
10-075	George Douglas Papers Folder 7 - Poems Etc.pdf	75	VIII	George-Douglas-Annotated-Transcription-Volume-VIII.pdf	65
10-076	George Douglas Papers Folder 7 - Poems Etc.pdf	76	VIII	George-Douglas-Annotated-Transcription-Volume-VIII.pdf	66
10-077	George Douglas Papers Folder 7 - Poems Etc.pdf	77	VIII	George-Douglas-Annotated-Transcription-Volume-VIII.pdf	67
10-078	George Douglas Papers Folder 7 - Poems Etc.pdf	78	VIII	George-Douglas-Annotated-Transcription-Volume-VIII.pdf	68
10-079	George Douglas Papers Folder 7 - Poems Etc.pdf	79	VIII	George-Douglas-Annotated-Transcription-Volume-VIII.pdf	69
10-080	George Douglas Papers Folder 7 - Poems Etc.pdf	80	VIII	George-Douglas-Annotated-Transcription-Volume-VIII.pdf	69
10-081	George Douglas Papers Folder 7 - Poems Etc.pdf	81	VIII	George-Douglas-Annotated-Transcription-Volume-VIII.pdf	70
10-082	George Douglas Papers Folder 7 - Poems Etc.pdf	82	VIII	George-Douglas-Annotated-Transcription-Volume-VIII.pdf	71
10-083	George Douglas Papers Folder 7 - Poems Etc.pdf	83	VIII	George-Douglas-Annotated-Transcription-Volume-VIII.pdf	72
10-084	George Douglas Papers Folder 7 - Poems Etc.pdf	84	VIII	George-Douglas-Annotated-Transcription-Volume-VIII.pdf	73
10-085	George Douglas Papers Folder 7 - Poems Etc.pdf	85	VIII	George-Douglas-Annotated-Transcription-Volume-VIII.pdf	73
10-086	George Douglas Papers Folder 7 - Poems Etc.pdf	86	VIII	George-Douglas-Annotated-Transcription-Volume-VIII.pdf	74
10-087	George Douglas Papers Folder 7 - Poems Etc.pdf	87	VIII	George-Douglas-Annotated-Transcription-Volume-VIII.pdf	75
10-088	George Douglas Papers Folder 7 - Poems Etc.pdf	88	VIII	George-Douglas-Annotated-Transcription-Volume-VIII.pdf	76
10-089	George Douglas Papers Folder 7 - Poems Etc.pdf	89	VIII	George-Douglas-Annotated-Transcription-Volume-VIII.pdf	77
10-090	George Douglas Papers Folder 7 - Poems Etc.pdf	90	VIII	George-Douglas-Annotated-Transcription-Volume-VIII.pdf	78
10-091	George Douglas Papers Folder 7 - Poems Etc.pdf	91	VIII	George-Douglas-Annotated-Transcription-Volume-VIII.pdf	79
10-092	George Douglas Papers Folder 7 - Poems Etc.pdf	92	VIII	George-Douglas-Annotated-Transcription-Volume-VIII.pdf	79
10-093	George Douglas Papers Folder 7 - Poems Etc.pdf	93	VIII	George-Douglas-Annotated-Transcription-Volume-VIII.pdf	81
10-094	George Douglas Papers Folder 7 - Poems Etc.pdf	94	VIII	George-Douglas-Annotated-Transcription-Volume-VIII.pdf	82
10-095	George Douglas Papers Folder 7 - Poems Etc.pdf	95	VIII	George-Douglas-Annotated-Transcription-Volume-VIII.pdf	82
10-096	George Douglas Papers Folder 7 - Poems Etc.pdf	96	VIII	George-Douglas-Annotated-Transcription-Volume-VIII.pdf	83
10-097	George Douglas Papers Folder 7 - Poems Etc.pdf	97	VIII	George-Douglas-Annotated-Transcription-Volume-VIII.pdf	84
10-098	George Douglas Papers Folder 7 - Poems Etc.pdf	98	VIII	George-Douglas-Annotated-Transcription-Volume-VIII.pdf	85
10-099	George Douglas Papers Folder 7 - Poems Etc.pdf	99	VIII	George-Douglas-Annotated-Transcription-Volume-VIII.pdf	85
10-100	George Douglas Papers Folder 7 - Poems Etc.pdf	100	VIII	George-Douglas-Annotated-Transcription-Volume-VIII.pdf	86
10-101	George Douglas Papers Folder 7 - Poems Etc.pdf	101	VIII	George-Douglas-Annotated-Transcription-Volume-VIII.pdf	87
10-102	George Douglas Papers Folder 7 - Poems Etc.pdf	102	VIII	George-Douglas-Annotated-Transcription-Volume-VIII.pdf	88
10-103	George Douglas Papers Folder 7 - Poems Etc.pdf	103	VIII	George-Douglas-Annotated-Transcription-Volume-VIII.pdf	89
10-104	George Douglas Papers Folder 7 - Poems Etc.pdf	104	VIII	George-Douglas-Annotated-Transcription-Volume-VIII.pdf	90
10-105	George Douglas Papers Folder 7 - Poems Etc.pdf	105	VIII	George-Douglas-Annotated-Transcription-Volume-VIII.pdf	91
10-106	George Douglas Papers Folder 7 - Poems Etc.pdf	106	VIII	George-Douglas-Annotated-Transcription-Volume-VIII.pdf	91
10-107	George Douglas Papers Folder 7 - Poems Etc.pdf	107	VIII	George-Douglas-Annotated-Transcription-Volume-VIII.pdf	92
10-108	George Douglas Papers Folder 7 - Poems Etc.pdf	108	VIII	George-Douglas-Annotated-Transcription-Volume-VIII.pdf	93
10-109	George Douglas Papers Folder 7 - Poems Etc.pdf	109	VIII	George-Douglas-Annotated-Transcription-Volume-VIII.pdf	94
10-110	George Douglas Papers Folder 7 - Poems Etc.pdf	110	VIII	George-Douglas-Annotated-Transcription-Volume-VIII.pdf	95
10-111	George Douglas Papers Folder 7 - Poems Etc.pdf	111	VIII	George-Douglas-Annotated-Transcription-Volume-VIII.pdf	96
10-112	George Douglas Papers Folder 7 - Poems Etc.pdf	112	VIII	George-Douglas-Annotated-Transcription-Volume-VIII.pdf	96
10-113	George Douglas Papers Folder 7 - Poems Etc.pdf	113	VIII	George-Douglas-Annotated-Transcription-Volume-VIII.pdf	97
10-114	George Douglas Papers Folder 7 - Poems Etc.pdf	114	VIII	George-Douglas-Annotated-Transcription-Volume-VIII.pdf	98
10-115	George Douglas Papers Folder 7 - Poems Etc.pdf	115	VIII	George-Douglas-Annotated-Transcription-Volume-VIII.pdf	99
10-116	George Douglas Papers Folder 7 - Poems Etc.pdf	116	VIII	George-Douglas-Annotated-Transcription-Volume-VIII.pdf	100
10-117	George Douglas Papers Folder 7 - Poems Etc.pdf	117	VIII	George-Douglas-Annotated-Transcription-Volume-VIII.pdf	100
10-118	George Douglas Papers Folder 7 - Poems Etc.pdf	118	VIII	George-Douglas-Annotated-Transcription-Volume-VIII.pdf	101
10-119	George Douglas Papers Folder 7 - Poems Etc.pdf	119	VIII	George-Douglas-Annotated-Transcription-Volume-VIII.pdf	102
10-120	George Douglas Papers Folder 7 - Poems Etc.pdf	120	VIII	George-Douglas-Annotated-Transcription-Volume-VIII.pdf	103
10-121	George Douglas Papers Folder 7 - Poems Etc.pdf	121	VIII	George-Douglas-Annotated-Transcription-Volume-VIII.pdf	104
10-122	George Douglas Papers Folder 7 - Poems Etc.pdf	122	VIII	George-Douglas-Annotated-Transcription-Volume-VIII.pdf	104
10-123	George Douglas Papers Folder 7 - Poems Etc.pdf	123	VIII	George-Douglas-Annotated-Transcription-Volume-VIII.pdf	105
10-124	George Douglas Papers Folder 7 - Poems Etc.pdf	124	VIII	George-Douglas-Annotated-Transcription-Volume-VIII.pdf	106
10-125	George Douglas Papers Folder 7 - Poems Etc.pdf	125	VIII	George-Douglas-Annotated-Transcription-Volume-VIII.pdf	107
10-126	George Douglas Papers Folder 7 - Poems Etc.pdf	126	VIII	George-Douglas-Annotated-Transcription-Volume-VIII.pdf	108
10-127	George Douglas Papers Folder 7 - Poems Etc.pdf	127	VIII	George-Douglas-Annotated-Transcription-Volume-VIII.pdf	109
10-128	George Douglas Papers Folder 7 - Poems Etc.pdf	128	VIII	George-Douglas-Annotated-Transcription-Volume-VIII.pdf	110
10-129	George Douglas Papers Folder 7 - Poems Etc.pdf	129	VIII	George-Douglas-Annotated-Transcription-Volume-VIII.pdf	110
10-130	George Douglas Papers Folder 7 - Poems Etc.pdf	130	VIII	George-Douglas-Annotated-Transcription-Volume-VIII.pdf	111
10-131	George Douglas Papers Folder 7 - Poems Etc.pdf	131	VIII	George-Douglas-Annotated-Transcription-Volume-VIII.pdf	112
10-132	George Douglas Papers Folder 7 - Poems Etc.pdf	132	VIII	George-Douglas-Annotated-Transcription-Volume-VIII.pdf	113
10-133	George Douglas Papers Folder 7 - Poems Etc.pdf	133	VIII	George-Douglas-Annotated-Transcription-Volume-VIII.pdf	113
