item	page_id	paragraph_id	source_pdf	scan_page	category	annotation	context	proposed_correction	reviewer_and_date	evidence
02-003-U001	02-003	02-003-P01	ACU CRS MS5 - 02 - L. Douglas Sermon Notes, 16 Feb 1883.pdf	3	tentative reading	[[Of?]]	[[Of?]] all the thoughts enclosed in the language of Inspiration [[lost:			
02-003-U002	02-003	02-003-P01	ACU CRS MS5 - 02 - L. Douglas Sermon Notes, 16 Feb 1883.pdf	3	loss	[[lost: left edge]]	[[Of?]] all the thoughts enclosed in the language of Inspiration [[lost: left edge]] its laws its precepts its promises what is there that conveys mo			
02-003-U003	02-003	02-003-P02	ACU CRS MS5 - 02 - L. Douglas Sermon Notes, 16 Feb 1883.pdf	3	tentative reading	[[greatness?]]	"s of men there were none born greater than Jesus."" His goodness, [[greatness?]], his omnipotent power, we cannot doubt. We stand in awe as we co"			
02-003-U004	02-003	02-003-P02	ACU CRS MS5 - 02 - L. Douglas Sermon Notes, 16 Feb 1883.pdf	3	loss	[[lost: torn edge]]	 by the sorrows and Suffering of our frail humanity: that Sympath[[lost: torn edge]]			
04-002-U001	04-002	04-002-P03	ACU CRS MS5 - 04 - Folder 1, Correspondence and Loan Papers.pdf	2	unread writing	[[illegible]]	h & fine spirits. Our Regt left Alexandria La Yesterday week for [[illegible]]. I was detailed to go down on Red River & join the Command at [[			
04-002-U002	04-002	04-002-P03	ACU CRS MS5 - 04 - Folder 1, Correspondence and Loan Papers.pdf	2	tentative reading	[[Walkers?]]	]]. I was detailed to go down on Red River & join the Command at [[Walkers?]] Bend - but it has not passed I expect them Every [[illegible]] T			
04-002-U003	04-002	04-002-P03	ACU CRS MS5 - 04 - Folder 1, Correspondence and Loan Papers.pdf	2	unread writing	[[illegible]]	at [[Walkers?]] Bend - but it has not passed I expect them Every [[illegible]] The Sabine laying up - I cant leave - Our field & [[illegible]] 			
04-002-U004	04-002	04-002-P03	ACU CRS MS5 - 04 - Folder 1, Correspondence and Loan Papers.pdf	2	unread writing	[[illegible]]	 [[illegible]] The Sabine laying up - I cant leave - Our field & [[illegible]] yet.			
04-002-U005	04-002	04-002-P04	ACU CRS MS5 - 04 - Folder 1, Correspondence and Loan Papers.pdf	2	unread writing	[[illegible]]	All at home to Eliza & family - also [[illegible]] well on [[illegible]] furlough I suppose you have heard of the d			
04-002-U006	04-002	04-002-P04	ACU CRS MS5 - 04 - Folder 1, Correspondence and Loan Papers.pdf	2	unread writing	[[illegible]]	All at home to Eliza & family - also [[illegible]] well on [[illegible]] furlough I suppose you have heard of the death of Uncle [[Alfred			
04-002-U007	04-002	04-002-P04	ACU CRS MS5 - 04 - Folder 1, Correspondence and Loan Papers.pdf	2	tentative reading	[[Alfred?]]	egible]] furlough I suppose you have heard of the death of Uncle [[Alfred?]] he died on the 5th of June from a wound Recd on the 18th of May 			
04-002-U008	04-002	04-002-P04	ACU CRS MS5 - 04 - Folder 1, Correspondence and Loan Papers.pdf	2	unread writing	[[illegible]]	m a wound Recd on the 18th of May - The Gentleman awaits on me & [[illegible]] you a too bad [[illegible]]. Please write to me all the news imm			
04-002-U009	04-002	04-002-P04	ACU CRS MS5 - 04 - Folder 1, Correspondence and Loan Papers.pdf	2	unread writing	[[illegible]]	f May - The Gentleman awaits on me & [[illegible]] you a too bad [[illegible]]. Please write to me all the news immediately Let me know how you			
04-002-U010	04-002	04-002-P04	ACU CRS MS5 - 04 - Folder 1, Correspondence and Loan Papers.pdf	2	unread writing	[[illegible]]	y Let me know how you are all getting along I have been going to [[illegible]] - Wish I could come & see you but I could [[illegible]].			
04-002-U011	04-002	04-002-P04	ACU CRS MS5 - 04 - Folder 1, Correspondence and Loan Papers.pdf	2	unread writing	[[illegible]]	going to [[illegible]] - Wish I could come & see you but I could [[illegible]].			
04-002-U012	04-002	04-002-P05	ACU CRS MS5 - 04 - Folder 1, Correspondence and Loan Papers.pdf	2	unread writing	[[illegible: closing]]	[[illegible: closing]] / [[J. H. Scott?]]			
04-002-U013	04-002	04-002-P05	ACU CRS MS5 - 04 - Folder 1, Correspondence and Loan Papers.pdf	2	tentative reading	[[J. H. Scott?]]	[[illegible: closing]] / [[J. H. Scott?]]			
04-003-U001	04-003	04-003-P01	ACU CRS MS5 - 04 - Folder 1, Correspondence and Loan Papers.pdf	3	unread writing	[[illegible]]	George Douglas / Co C / [[illegible]] Regt / Sab Pass			
04-004-U001	04-004	04-004-P02	ACU CRS MS5 - 04 - Folder 1, Correspondence and Loan Papers.pdf	4	tentative reading	[[Bro?]]	Mr George Douglas / Dear [[Bro?]] & Cousin,			
04-004-U002	04-004	04-004-P03	ACU CRS MS5 - 04 - Folder 1, Correspondence and Loan Papers.pdf	4	unread writing	[[illegible]]	y Whereabouts After an absence of twenty odd months I arrived at [[illegible]] on 22d of the month Since which time I have mingled with the fri			
04-004-U003	04-004	04-004-P03	ACU CRS MS5 - 04 - Folder 1, Correspondence and Loan Papers.pdf	4	unread writing	[[illegible]]	he month Since which time I have mingled with the friends of the [[illegible]]. Truly I have had a pleasant time - The courteous manner in whic			
04-004-U004	04-004	04-004-P04	ACU CRS MS5 - 04 - Folder 1, Correspondence and Loan Papers.pdf	4	unread writing	[[deleted: illegible]]	 last Sept but have never learned the destination of my letter - [[deleted: illegible]] you did not return it, [[deleted: illegible]] if you did I did n			
04-004-U005	04-004	04-004-P04	ACU CRS MS5 - 04 - Folder 1, Correspondence and Loan Papers.pdf	4	unread writing	[[deleted: illegible]]	ion of my letter - [[deleted: illegible]] you did not return it, [[deleted: illegible]] if you did I did not reply [[illegible]] this one will not prove			
04-004-U006	04-004	04-004-P04	ACU CRS MS5 - 04 - Folder 1, Correspondence and Loan Papers.pdf	4	unread writing	[[illegible]]	not return it, [[deleted: illegible]] if you did I did not reply [[illegible]] this one will not prove offensive to you. Since Feb 1st - I have			
04-004-U007	04-004	04-004-P04	ACU CRS MS5 - 04 - Folder 1, Correspondence and Loan Papers.pdf	4	unread writing	[[illegible]]	forage for the Command. Was engaged in this business two months. [[illegible]] of my [[Solitariness?]] passed more pleasantly the first month e			
04-004-U008	04-004	04-004-P04	ACU CRS MS5 - 04 - Folder 1, Correspondence and Loan Papers.pdf	4	tentative reading	[[Solitariness?]]	nd. Was engaged in this business two months. [[illegible]] of my [[Solitariness?]] passed more pleasantly the first month excepted than [[illegible			
04-004-U009	04-004	04-004-P04	ACU CRS MS5 - 04 - Folder 1, Correspondence and Loan Papers.pdf	4	unread writing	[[illegible]]	"tariness?]] passed more pleasantly the first month excepted than [[illegible]] to you all ""bibs"", and as a matter of course, [[illegible]] plea"			
04-004-U010	04-004	04-004-P04	ACU CRS MS5 - 04 - Folder 1, Correspondence and Loan Papers.pdf	4	unread writing	[[illegible]]	"than [[illegible]] to you all ""bibs"", and as a matter of course, [[illegible]] pleased more than the ladies in the prettiest Looks - Smiles & k"			
04-004-U011	04-004	04-004-P04	ACU CRS MS5 - 04 - Folder 1, Correspondence and Loan Papers.pdf	4	unread writing	[[illegible]]	d more than the ladies in the prettiest Looks - Smiles & kindest [[illegible]] and when the pot boiled the strongest and being not entirely [[i			
04-004-U012	04-004	04-004-P04	ACU CRS MS5 - 04 - Folder 1, Correspondence and Loan Papers.pdf	4	unread writing	[[illegible]]	e]] and when the pot boiled the strongest and being not entirely [[illegible]] of the influence of the gentle fair, on some occasions I [[illeg			
04-004-U013	04-004	04-004-P04	ACU CRS MS5 - 04 - Folder 1, Correspondence and Loan Papers.pdf	4	unread writing	[[illegible]]	gible]] of the influence of the gentle fair, on some occasions I [[illegible]] their claims. And was almost persuaded (I like to have said take			
04-004-U014	04-004	04-004-P04	ACU CRS MS5 - 04 - Folder 1, Correspondence and Loan Papers.pdf	4	unread writing	[[illegible]]	"s. And was almost persuaded (I like to have said taken unawares) [[illegible]] the ""equal"" in [[gentility?]] & [[illegible]] of the Young ladie"			
04-004-U015	04-004	04-004-P04	ACU CRS MS5 - 04 - Folder 1, Correspondence and Loan Papers.pdf	4	tentative reading	[[gentility?]]	"I like to have said taken unawares) [[illegible]] the ""equal"" in [[gentility?]] & [[illegible]] of the Young ladies of my former [[illegible]] -"			
04-004-U016	04-004	04-004-P04	ACU CRS MS5 - 04 - Folder 1, Correspondence and Loan Papers.pdf	4	unread writing	[[illegible]]	"id taken unawares) [[illegible]] the ""equal"" in [[gentility?]] & [[illegible]] of the Young ladies of my former [[illegible]] - The brindle of "			
04-004-U017	04-004	04-004-P04	ACU CRS MS5 - 04 - Folder 1, Correspondence and Loan Papers.pdf	4	unread writing	[[illegible]]	 [[gentility?]] & [[illegible]] of the Young ladies of my former [[illegible]] - The brindle of my acquaintances [[illegible]] shirts [[illegib			
04-004-U018	04-004	04-004-P04	ACU CRS MS5 - 04 - Folder 1, Correspondence and Loan Papers.pdf	4	unread writing	[[illegible]]	ies of my former [[illegible]] - The brindle of my acquaintances [[illegible]] shirts [[illegible]] as they seem to have especial claims of Sup			
04-004-U019	04-004	04-004-P04	ACU CRS MS5 - 04 - Folder 1, Correspondence and Loan Papers.pdf	4	unread writing	[[illegible]]	legible]] - The brindle of my acquaintances [[illegible]] shirts [[illegible]] as they seem to have especial claims of Superiority [[illegible]			
04-004-U020	04-004	04-004-P04	ACU CRS MS5 - 04 - Folder 1, Correspondence and Loan Papers.pdf	4	unread writing	[[illegible]]	[illegible]] as they seem to have especial claims of Superiority [[illegible]].			
04-005-U001	04-005	04-005-P02	ACU CRS MS5 - 04 - Folder 1, Correspondence and Loan Papers.pdf	5	tentative reading	[[Joda?]]	[[separate block]] / [[Joda?]] remembers you has a very loving hand & I am sure would like to [			
04-005-U002	04-005	04-005-P02	ACU CRS MS5 - 04 - Folder 1, Correspondence and Loan Papers.pdf	5	unread writing	[[illegible]]	] remembers you has a very loving hand & I am sure would like to [[illegible]] with you - So if you wish to [[illegible]] you & her [[illegible			
04-005-U003	04-005	04-005-P02	ACU CRS MS5 - 04 - Folder 1, Correspondence and Loan Papers.pdf	5	unread writing	[[illegible]]	am sure would like to [[illegible]] with you - So if you wish to [[illegible]] you & her [[illegible]] agree upon the condition of getting [[il			
04-005-U004	04-005	04-005-P02	ACU CRS MS5 - 04 - Folder 1, Correspondence and Loan Papers.pdf	5	unread writing	[[illegible]]	illegible]] with you - So if you wish to [[illegible]] you & her [[illegible]] agree upon the condition of getting [[illegible]] - I must say [			
04-005-U005	04-005	04-005-P02	ACU CRS MS5 - 04 - Folder 1, Correspondence and Loan Papers.pdf	5	unread writing	[[illegible]]	le]] you & her [[illegible]] agree upon the condition of getting [[illegible]] - I must say [[illegible]] [[partly?]] hard [[illegible]] perhap			
04-005-U006	04-005	04-005-P02	ACU CRS MS5 - 04 - Folder 1, Correspondence and Loan Papers.pdf	5	unread writing	[[illegible]]	] agree upon the condition of getting [[illegible]] - I must say [[illegible]] [[partly?]] hard [[illegible]] perhaps you can [[illegible]]. Co			
04-005-U007	04-005	04-005-P02	ACU CRS MS5 - 04 - Folder 1, Correspondence and Loan Papers.pdf	5	tentative reading	[[partly?]]	he condition of getting [[illegible]] - I must say [[illegible]] [[partly?]] hard [[illegible]] perhaps you can [[illegible]]. Cousin Lizzie 			
04-005-U008	04-005	04-005-P02	ACU CRS MS5 - 04 - Folder 1, Correspondence and Loan Papers.pdf	5	unread writing	[[illegible]]	etting [[illegible]] - I must say [[illegible]] [[partly?]] hard [[illegible]] perhaps you can [[illegible]]. Cousin Lizzie carries [[illegible			
04-005-U009	04-005	04-005-P02	ACU CRS MS5 - 04 - Folder 1, Correspondence and Loan Papers.pdf	5	unread writing	[[illegible]]	say [[illegible]] [[partly?]] hard [[illegible]] perhaps you can [[illegible]]. Cousin Lizzie carries [[illegible]] with her & now sits near me			
04-005-U010	04-005	04-005-P02	ACU CRS MS5 - 04 - Folder 1, Correspondence and Loan Papers.pdf	5	unread writing	[[illegible]]	illegible]] perhaps you can [[illegible]]. Cousin Lizzie carries [[illegible]] with her & now sits near me [[perusing?]] a Letter Which purport			
04-005-U011	04-005	04-005-P02	ACU CRS MS5 - 04 - Folder 1, Correspondence and Loan Papers.pdf	5	tentative reading	[[perusing?]]	 Cousin Lizzie carries [[illegible]] with her & now sits near me [[perusing?]] a Letter Which purports to have come from [[illegible]] the [[il			
04-005-U012	04-005	04-005-P02	ACU CRS MS5 - 04 - Folder 1, Correspondence and Loan Papers.pdf	5	unread writing	[[illegible]]	 near me [[perusing?]] a Letter Which purports to have come from [[illegible]] the [[illegible]].			
04-005-U013	04-005	04-005-P02	ACU CRS MS5 - 04 - Folder 1, Correspondence and Loan Papers.pdf	5	unread writing	[[illegible]]	g?]] a Letter Which purports to have come from [[illegible]] the [[illegible]].			
04-005-U014	04-005	04-005-P03	ACU CRS MS5 - 04 - Folder 1, Correspondence and Loan Papers.pdf	5	unread writing	[[illegible]]	Well George I could see a young lady Who I think is the [[illegible]] in my quarters [[illegible]] during the [[illegible]] took [[ill			
04-005-U015	04-005	04-005-P03	ACU CRS MS5 - 04 - Folder 1, Correspondence and Loan Papers.pdf	5	unread writing	[[illegible]]	see a young lady Who I think is the [[illegible]] in my quarters [[illegible]] during the [[illegible]] took [[illegible]] to speak in glowing 			
04-005-U016	04-005	04-005-P03	ACU CRS MS5 - 04 - Folder 1, Correspondence and Loan Papers.pdf	5	unread writing	[[illegible]]	ink is the [[illegible]] in my quarters [[illegible]] during the [[illegible]] took [[illegible]] to speak in glowing terms of you. Which [[ill			
04-005-U017	04-005	04-005-P03	ACU CRS MS5 - 04 - Folder 1, Correspondence and Loan Papers.pdf	5	unread writing	[[illegible]]	ble]] in my quarters [[illegible]] during the [[illegible]] took [[illegible]] to speak in glowing terms of you. Which [[illegible]] led [[ille			
04-005-U018	04-005	04-005-P03	ACU CRS MS5 - 04 - Folder 1, Correspondence and Loan Papers.pdf	5	unread writing	[[illegible]]	ble]] took [[illegible]] to speak in glowing terms of you. Which [[illegible]] led [[illegible]] of meaning [[deleted: illegible]] that I am wa			
04-005-U019	04-005	04-005-P03	ACU CRS MS5 - 04 - Folder 1, Correspondence and Loan Papers.pdf	5	unread writing	[[illegible]]	ible]] to speak in glowing terms of you. Which [[illegible]] led [[illegible]] of meaning [[deleted: illegible]] that I am warranted in saying 			
04-005-U020	04-005	04-005-P03	ACU CRS MS5 - 04 - Folder 1, Correspondence and Loan Papers.pdf	5	unread writing	[[deleted: illegible]]	g terms of you. Which [[illegible]] led [[illegible]] of meaning [[deleted: illegible]] that I am warranted in saying [[illegible]] have no fears, but t			
04-005-U021	04-005	04-005-P03	ACU CRS MS5 - 04 - Folder 1, Correspondence and Loan Papers.pdf	5	unread writing	[[illegible]]	 of meaning [[deleted: illegible]] that I am warranted in saying [[illegible]] have no fears, but that all will be well [[illegible]] any [[adh			
04-005-U022	04-005	04-005-P03	ACU CRS MS5 - 04 - Folder 1, Correspondence and Loan Papers.pdf	5	unread writing	[[illegible]]	in saying [[illegible]] have no fears, but that all will be well [[illegible]] any [[adherers?]].			
04-005-U023	04-005	04-005-P03	ACU CRS MS5 - 04 - Folder 1, Correspondence and Loan Papers.pdf	5	tentative reading	[[adherers?]]	ble]] have no fears, but that all will be well [[illegible]] any [[adherers?]].			
04-005-U024	04-005	04-005-P04	ACU CRS MS5 - 04 - Folder 1, Correspondence and Loan Papers.pdf	5	unread writing	[[illegible]]	Well George - As [[illegible]] of [[illegible]] and [[illegible]] - I will tell you that [[dele			
04-005-U025	04-005	04-005-P04	ACU CRS MS5 - 04 - Folder 1, Correspondence and Loan Papers.pdf	5	unread writing	[[illegible]]	Well George - As [[illegible]] of [[illegible]] and [[illegible]] - I will tell you that [[deleted: illegible]] 			
04-005-U026	04-005	04-005-P04	ACU CRS MS5 - 04 - Folder 1, Correspondence and Loan Papers.pdf	5	unread writing	[[illegible]]	Well George - As [[illegible]] of [[illegible]] and [[illegible]] - I will tell you that [[deleted: illegible]] the effect of Gene			
04-005-U027	04-005	04-005-P04	ACU CRS MS5 - 04 - Folder 1, Correspondence and Loan Papers.pdf	5	unread writing	[[deleted: illegible]]	ible]] of [[illegible]] and [[illegible]] - I will tell you that [[deleted: illegible]] the effect of General Remarks Since my arrival - If there is any			
04-005-U028	04-005	04-005-P04	ACU CRS MS5 - 04 - Folder 1, Correspondence and Loan Papers.pdf	5	unread writing	[[illegible]]	al - If there is any thing in Reports I have been married to two [[illegible]] in the Country & Started to get a License in the 3d instance. I 			
04-005-U029	04-005	04-005-P04	ACU CRS MS5 - 04 - Folder 1, Correspondence and Loan Papers.pdf	5	unread writing	[[illegible]]	untry & Started to get a License in the 3d instance. I hope to a [[illegible]] that I should be charged with such good things & no thanks [[ill			
04-005-U030	04-005	04-005-P04	ACU CRS MS5 - 04 - Folder 1, Correspondence and Loan Papers.pdf	5	unread writing	[[illegible]]	ble]] that I should be charged with such good things & no thanks [[illegible]]. [[illegible]] I made out to tell one [[illegible]] the report w			
04-005-U031	04-005	04-005-P04	ACU CRS MS5 - 04 - Folder 1, Correspondence and Loan Papers.pdf	5	unread writing	[[illegible]]	ould be charged with such good things & no thanks [[illegible]]. [[illegible]] I made out to tell one [[illegible]] the report was true - but S			
04-005-U032	04-005	04-005-P04	ACU CRS MS5 - 04 - Folder 1, Correspondence and Loan Papers.pdf	5	unread writing	[[illegible]]	" & no thanks [[illegible]]. [[illegible]] I made out to tell one [[illegible]] the report was true - but She Curled her lip & replied ""Indeed"" "			
04-005-U033	04-005	04-005-P04	ACU CRS MS5 - 04 - Folder 1, Correspondence and Loan Papers.pdf	5	unread writing	[[illegible]]	 my sins - I was not aware of being so popular - perhaps its the [[illegible]] the bracing Air dont you think -			
04-005-U034	04-005	04-005-P05	ACU CRS MS5 - 04 - Folder 1, Correspondence and Loan Papers.pdf	5	unread writing	[[illegible]]	By the way Since I [[illegible]] many of the Staff the officers of Braggs Army have [[illegible]]			
04-005-U035	04-005	04-005-P05	ACU CRS MS5 - 04 - Folder 1, Correspondence and Loan Papers.pdf	5	unread writing	[[illegible]]	[[illegible]] many of the Staff the officers of Braggs Army have [[illegible]] a considerable [[illegible]] of attention to [[illegible]] - I e			
04-005-U036	04-005	04-005-P05	ACU CRS MS5 - 04 - Folder 1, Correspondence and Loan Papers.pdf	5	unread writing	[[illegible]]	ff the officers of Braggs Army have [[illegible]] a considerable [[illegible]] of attention to [[illegible]] - I expect to hear of the [[illegi			
04-005-U037	04-005	04-005-P05	ACU CRS MS5 - 04 - Folder 1, Correspondence and Loan Papers.pdf	5	unread writing	[[illegible]]	 have [[illegible]] a considerable [[illegible]] of attention to [[illegible]] - I expect to hear of the [[illegible]] of the Ladies [[illegibl			
04-005-U038	04-005	04-005-P05	ACU CRS MS5 - 04 - Folder 1, Correspondence and Loan Papers.pdf	5	unread writing	[[illegible]]	egible]] of attention to [[illegible]] - I expect to hear of the [[illegible]] of the Ladies [[illegible]] - If so I think it would be a damn r			
04-005-U039	04-005	04-005-P05	ACU CRS MS5 - 04 - Folder 1, Correspondence and Loan Papers.pdf	5	unread writing	[[illegible]]	llegible]] - I expect to hear of the [[illegible]] of the Ladies [[illegible]] - If so I think it would be a damn reason to raise a Regt & wish			
04-005-U040	04-005	04-005-P05	ACU CRS MS5 - 04 - Folder 1, Correspondence and Loan Papers.pdf	5	unread writing	[[illegible]]	se a Regt & wish you to be my Chf of Staff What think you of the [[illegible]].			
04-005-U041	04-005	04-005-P06	ACU CRS MS5 - 04 - Folder 1, Correspondence and Loan Papers.pdf	5	unread writing	[[illegible]]	A Corporals guard came my [[illegible]] [[Sunday?]] [[illegible]] I think [[illegible]] I could have mad			
04-005-U042	04-005	04-005-P06	ACU CRS MS5 - 04 - Folder 1, Correspondence and Loan Papers.pdf	5	tentative reading	[[Sunday?]]	A Corporals guard came my [[illegible]] [[Sunday?]] [[illegible]] I think [[illegible]] I could have made up a Compa			
04-005-U043	04-005	04-005-P06	ACU CRS MS5 - 04 - Folder 1, Correspondence and Loan Papers.pdf	5	unread writing	[[illegible]]	A Corporals guard came my [[illegible]] [[Sunday?]] [[illegible]] I think [[illegible]] I could have made up a Company. I have use			
04-005-U044	04-005	04-005-P06	ACU CRS MS5 - 04 - Folder 1, Correspondence and Loan Papers.pdf	5	unread writing	[[illegible]]	ls guard came my [[illegible]] [[Sunday?]] [[illegible]] I think [[illegible]] I could have made up a Company. I have used the [[illegible]] & 			
04-005-U045	04-005	04-005-P06	ACU CRS MS5 - 04 - Folder 1, Correspondence and Loan Papers.pdf	5	unread writing	[[illegible]]	nk [[illegible]] I could have made up a Company. I have used the [[illegible]] & Mollie & they think the whole arrangement a fine one - I promi			
04-005-U046	04-005	04-005-P06	ACU CRS MS5 - 04 - Folder 1, Correspondence and Loan Papers.pdf	5	unread writing	[[illegible]]	ngement a fine one - I promised my influence upon condition they [[illegible]] be [[illegible]] - I must conclude as my thought is fleeting & [			
04-005-U047	04-005	04-005-P06	ACU CRS MS5 - 04 - Folder 1, Correspondence and Loan Papers.pdf	5	unread writing	[[illegible]]	e - I promised my influence upon condition they [[illegible]] be [[illegible]] - I must conclude as my thought is fleeting & [[illegible]] [[il			
04-005-U048	04-005	04-005-P06	ACU CRS MS5 - 04 - Folder 1, Correspondence and Loan Papers.pdf	5	unread writing	[[illegible]]	] be [[illegible]] - I must conclude as my thought is fleeting & [[illegible]] [[illegible: approximately one line]]. [[illegible]] them less t			
04-005-U049	04-005	04-005-P06	ACU CRS MS5 - 04 - Folder 1, Correspondence and Loan Papers.pdf	5	unread writing	[[illegible: approximately one line]]	le]] - I must conclude as my thought is fleeting & [[illegible]] [[illegible: approximately one line]]. [[illegible]] them less than a bushel with a [[illegible]] that			
04-005-U050	04-005	04-005-P06	ACU CRS MS5 - 04 - Folder 1, Correspondence and Loan Papers.pdf	5	unread writing	[[illegible]]	 fleeting & [[illegible]] [[illegible: approximately one line]]. [[illegible]] them less than a bushel with a [[illegible]] that you distribute			
04-005-U051	04-005	04-005-P06	ACU CRS MS5 - 04 - Folder 1, Correspondence and Loan Papers.pdf	5	unread writing	[[illegible]]	imately one line]]. [[illegible]] them less than a bushel with a [[illegible]] that you distribute between [[illegible]] & Quincy being Careful			
04-005-U052	04-005	04-005-P06	ACU CRS MS5 - 04 - Folder 1, Correspondence and Loan Papers.pdf	5	unread writing	[[illegible]]	s than a bushel with a [[illegible]] that you distribute between [[illegible]] & Quincy being Careful to return an ample amount [[illegible]] A			
04-005-U053	04-005	04-005-P06	ACU CRS MS5 - 04 - Folder 1, Correspondence and Loan Papers.pdf	5	unread writing	[[illegible]]	n [[illegible]] & Quincy being Careful to return an ample amount [[illegible]] Address me at Hempstead Tex Co G Browns Regt. Your Cousin Henry.			
04-005-U054	04-005	04-005-P07	ACU CRS MS5 - 04 - Folder 1, Correspondence and Loan Papers.pdf	5	tentative reading	[[Suite?]]	[[margin]] / Sat 30th I am on Lizzie [[Suite?]] & I expect to go to Lancaster tomorrow to hear Mr [[Brown?]] [[i			
04-005-U055	04-005	04-005-P07	ACU CRS MS5 - 04 - Folder 1, Correspondence and Loan Papers.pdf	5	tentative reading	[[Brown?]]	zie [[Suite?]] & I expect to go to Lancaster tomorrow to hear Mr [[Brown?]] [[illegible]]. If the weather is favorable & [[illegible]] [[opp			
04-005-U056	04-005	04-005-P07	ACU CRS MS5 - 04 - Folder 1, Correspondence and Loan Papers.pdf	5	unread writing	[[illegible]]	?]] & I expect to go to Lancaster tomorrow to hear Mr [[Brown?]] [[illegible]]. If the weather is favorable & [[illegible]] [[opportunity?]] fo			
04-005-U057	04-005	04-005-P07	ACU CRS MS5 - 04 - Folder 1, Correspondence and Loan Papers.pdf	5	unread writing	[[illegible]]	 hear Mr [[Brown?]] [[illegible]]. If the weather is favorable & [[illegible]] [[opportunity?]] for [[illegible]] I fear it will not be [[illeg			
04-005-U058	04-005	04-005-P07	ACU CRS MS5 - 04 - Folder 1, Correspondence and Loan Papers.pdf	5	tentative reading	[[opportunity?]]	wn?]] [[illegible]]. If the weather is favorable & [[illegible]] [[opportunity?]] for [[illegible]] I fear it will not be [[illegible]]. [[illegib			
04-005-U059	04-005	04-005-P07	ACU CRS MS5 - 04 - Folder 1, Correspondence and Loan Papers.pdf	5	unread writing	[[illegible]]	If the weather is favorable & [[illegible]] [[opportunity?]] for [[illegible]] I fear it will not be [[illegible]]. [[illegible]] and [[illegib			
04-005-U060	04-005	04-005-P07	ACU CRS MS5 - 04 - Folder 1, Correspondence and Loan Papers.pdf	5	unread writing	[[illegible]]	gible]] [[opportunity?]] for [[illegible]] I fear it will not be [[illegible]]. [[illegible]] and [[illegible]] Henry / [[/margin]]			
04-005-U061	04-005	04-005-P07	ACU CRS MS5 - 04 - Folder 1, Correspondence and Loan Papers.pdf	5	unread writing	[[illegible]]	tunity?]] for [[illegible]] I fear it will not be [[illegible]]. [[illegible]] and [[illegible]] Henry / [[/margin]]			
04-005-U062	04-005	04-005-P07	ACU CRS MS5 - 04 - Folder 1, Correspondence and Loan Papers.pdf	5	unread writing	[[illegible]]	legible]] I fear it will not be [[illegible]]. [[illegible]] and [[illegible]] Henry / [[/margin]]			
04-006-U001	04-006	04-006-P01	ACU CRS MS5 - 04 - Folder 1, Correspondence and Loan Papers.pdf	6	unread writing	[[illegible]]	of another year. As the war promises very little at present & [[illegible]]			
04-006-U002	04-006	04-006-P02	ACU CRS MS5 - 04 - Folder 1, Correspondence and Loan Papers.pdf	6	unread writing	[[illegible]]	[[illegible]] our country. While [[illegible]] most of our Soldiers lie down [			
04-006-U003	04-006	04-006-P02	ACU CRS MS5 - 04 - Folder 1, Correspondence and Loan Papers.pdf	6	unread writing	[[illegible]]	[[illegible]] our country. While [[illegible]] most of our Soldiers lie down [[illegible]] might we confront a 			
04-006-U004	04-006	04-006-P02	ACU CRS MS5 - 04 - Folder 1, Correspondence and Loan Papers.pdf	6	unread writing	[[illegible]]	] our country. While [[illegible]] most of our Soldiers lie down [[illegible]] might we confront a Large army. [[illegible]] foes Scattered as 			
04-006-U005	04-006	04-006-P02	ACU CRS MS5 - 04 - Folder 1, Correspondence and Loan Papers.pdf	6	unread writing	[[illegible]]	 Soldiers lie down [[illegible]] might we confront a Large army. [[illegible]] foes Scattered as they are [[illegible]] of the disaffection in 			
04-006-U006	04-006	04-006-P02	ACU CRS MS5 - 04 - Folder 1, Correspondence and Loan Papers.pdf	6	unread writing	[[illegible]]	 confront a Large army. [[illegible]] foes Scattered as they are [[illegible]] of the disaffection in [[illegible]] Battalions — Nothing is mor			
04-006-U007	04-006	04-006-P02	ACU CRS MS5 - 04 - Folder 1, Correspondence and Loan Papers.pdf	6	unread writing	[[illegible]]	 foes Scattered as they are [[illegible]] of the disaffection in [[illegible]] Battalions — Nothing is more [[illegible]] a Soldier than to be 			
04-006-U008	04-006	04-006-P02	ACU CRS MS5 - 04 - Folder 1, Correspondence and Loan Papers.pdf	6	unread writing	[[illegible]]	f the disaffection in [[illegible]] Battalions — Nothing is more [[illegible]] a Soldier than to be oppressed & tyranized over — In this respec			
04-006-U009	04-006	04-006-P02	ACU CRS MS5 - 04 - Folder 1, Correspondence and Loan Papers.pdf	6	unread writing	[[illegible]]	 Soldier than to be oppressed & tyranized over — In this respect [[illegible]] off Well. We have enjoyed priviliges that are [[illegible]] Sold			
04-006-U010	04-006	04-006-P02	ACU CRS MS5 - 04 - Folder 1, Correspondence and Loan Papers.pdf	6	unread writing	[[illegible]]	pect [[illegible]] off Well. We have enjoyed priviliges that are [[illegible]] Soldiers [[illegible]] Army. Monotonous time indeed would be wri			
04-006-U011	04-006	04-006-P02	ACU CRS MS5 - 04 - Folder 1, Correspondence and Loan Papers.pdf	6	unread writing	[[illegible]]	Well. We have enjoyed priviliges that are [[illegible]] Soldiers [[illegible]] Army. Monotonous time indeed would be written [[illegible]] but 			
04-006-U012	04-006	04-006-P02	ACU CRS MS5 - 04 - Folder 1, Correspondence and Loan Papers.pdf	6	unread writing	[[illegible]]	iers [[illegible]] Army. Monotonous time indeed would be written [[illegible]] but I reckon a person can habituate himself to most any thing as			
04-006-U013	04-006	04-006-P03	ACU CRS MS5 - 04 - Folder 1, Correspondence and Loan Papers.pdf	6	unread writing	[[illegible]]	ying good health. In the main I perceive no great change in them [[illegible]] developing a little more anxiety. The Young [[illegible]] home [			
04-006-U014	04-006	04-006-P03	ACU CRS MS5 - 04 - Folder 1, Correspondence and Loan Papers.pdf	6	unread writing	[[illegible]]	n them [[illegible]] developing a little more anxiety. The Young [[illegible]] home [[illegible]] I [[would?]] have [[illegible]] engaged Siste			
04-006-U015	04-006	04-006-P03	ACU CRS MS5 - 04 - Folder 1, Correspondence and Loan Papers.pdf	6	unread writing	[[illegible]]	] developing a little more anxiety. The Young [[illegible]] home [[illegible]] I [[would?]] have [[illegible]] engaged Sister E [[illegible]] h			
04-006-U016	04-006	04-006-P03	ACU CRS MS5 - 04 - Folder 1, Correspondence and Loan Papers.pdf	6	tentative reading	[[would?]]	ittle more anxiety. The Young [[illegible]] home [[illegible]] I [[would?]] have [[illegible]] engaged Sister E [[illegible]] her [[illegibl			
04-006-U017	04-006	04-006-P03	ACU CRS MS5 - 04 - Folder 1, Correspondence and Loan Papers.pdf	6	unread writing	[[illegible]]	ty. The Young [[illegible]] home [[illegible]] I [[would?]] have [[illegible]] engaged Sister E [[illegible]] her [[illegible]] to [[illegible]			
04-006-U018	04-006	04-006-P03	ACU CRS MS5 - 04 - Folder 1, Correspondence and Loan Papers.pdf	6	unread writing	[[illegible]]	e [[illegible]] I [[would?]] have [[illegible]] engaged Sister E [[illegible]] her [[illegible]] to [[illegible]] this Letter [[illegible]] but			
04-006-U019	04-006	04-006-P03	ACU CRS MS5 - 04 - Folder 1, Correspondence and Loan Papers.pdf	6	unread writing	[[illegible]]	[[would?]] have [[illegible]] engaged Sister E [[illegible]] her [[illegible]] to [[illegible]] this Letter [[illegible]] but She will not agre			
04-006-U020	04-006	04-006-P03	ACU CRS MS5 - 04 - Folder 1, Correspondence and Loan Papers.pdf	6	unread writing	[[illegible]]	[illegible]] engaged Sister E [[illegible]] her [[illegible]] to [[illegible]] this Letter [[illegible]] but She will not agree to do it. The Y			
04-006-U021	04-006	04-006-P03	ACU CRS MS5 - 04 - Folder 1, Correspondence and Loan Papers.pdf	6	unread writing	[[illegible]]	r E [[illegible]] her [[illegible]] to [[illegible]] this Letter [[illegible]] but She will not agree to do it. The Young ladies are looking ve			
04-006-U022	04-006	04-006-P03	ACU CRS MS5 - 04 - Folder 1, Correspondence and Loan Papers.pdf	6	unread writing	[[illegible]]	ld have been with me to have taken a charge, as I could not make [[illegible]] of myself consequently had to manifest partiality. I go most [[i			
04-006-U023	04-006	04-006-P03	ACU CRS MS5 - 04 - Folder 1, Correspondence and Loan Papers.pdf	6	unread writing	[[illegible]]	e]] of myself consequently had to manifest partiality. I go most [[illegible]] Miss [[illegible]] Pet & [[McChapel?]] Staid with us [[illegible			
04-006-U024	04-006	04-006-P03	ACU CRS MS5 - 04 - Folder 1, Correspondence and Loan Papers.pdf	6	unread writing	[[illegible]]	quently had to manifest partiality. I go most [[illegible]] Miss [[illegible]] Pet & [[McChapel?]] Staid with us [[illegible]] months [[illegib			
04-006-U025	04-006	04-006-P03	ACU CRS MS5 - 04 - Folder 1, Correspondence and Loan Papers.pdf	6	tentative reading	[[McChapel?]]	est partiality. I go most [[illegible]] Miss [[illegible]] Pet & [[McChapel?]] Staid with us [[illegible]] months [[illegible]] & Miss [[illegi			
04-006-U026	04-006	04-006-P03	ACU CRS MS5 - 04 - Folder 1, Correspondence and Loan Papers.pdf	6	unread writing	[[illegible]]	illegible]] Miss [[illegible]] Pet & [[McChapel?]] Staid with us [[illegible]] months [[illegible]] & Miss [[illegible]] whom I am home with [[			
04-006-U027	04-006	04-006-P03	ACU CRS MS5 - 04 - Folder 1, Correspondence and Loan Papers.pdf	6	unread writing	[[illegible]]	legible]] Pet & [[McChapel?]] Staid with us [[illegible]] months [[illegible]] & Miss [[illegible]] whom I am home with [[illegible]] suffice i			
04-006-U028	04-006	04-006-P03	ACU CRS MS5 - 04 - Folder 1, Correspondence and Loan Papers.pdf	6	unread writing	[[illegible]]	hapel?]] Staid with us [[illegible]] months [[illegible]] & Miss [[illegible]] whom I am home with [[illegible]] suffice it to say She [[illegi			
04-006-U029	04-006	04-006-P03	ACU CRS MS5 - 04 - Folder 1, Correspondence and Loan Papers.pdf	6	unread writing	[[illegible]]	]] months [[illegible]] & Miss [[illegible]] whom I am home with [[illegible]] suffice it to say She [[illegible]] I visited [[illegible]] the 			
04-006-U030	04-006	04-006-P03	ACU CRS MS5 - 04 - Folder 1, Correspondence and Loan Papers.pdf	6	unread writing	[[illegible]]	egible]] whom I am home with [[illegible]] suffice it to say She [[illegible]] I visited [[illegible]] the Colony. Was at Mrs G's last evening.			
04-006-U031	04-006	04-006-P03	ACU CRS MS5 - 04 - Folder 1, Correspondence and Loan Papers.pdf	6	unread writing	[[illegible]]	with [[illegible]] suffice it to say She [[illegible]] I visited [[illegible]] the Colony. Was at Mrs G's last evening. Miss Ella & Laura Were 			
04-006-U032	04-006	04-006-P03	ACU CRS MS5 - 04 - Folder 1, Correspondence and Loan Papers.pdf	6	unread writing	[[illegible]]	tion was of a party at McFaddens last night. I told them I would [[illegible]] go with them to the Elysian [[Fields?]] as I cared nothing for t			
04-006-U033	04-006	04-006-P03	ACU CRS MS5 - 04 - Folder 1, Correspondence and Loan Papers.pdf	6	tentative reading	[[Fields?]]	t. I told them I would [[illegible]] go with them to the Elysian [[Fields?]] as I cared nothing for the party. [[illegible]]			
04-006-U034	04-006	04-006-P03	ACU CRS MS5 - 04 - Folder 1, Correspondence and Loan Papers.pdf	6	unread writing	[[illegible]]	hem to the Elysian [[Fields?]] as I cared nothing for the party. [[illegible]]			
04-006-U035	04-006	04-006-P04	ACU CRS MS5 - 04 - Folder 1, Correspondence and Loan Papers.pdf	6	unread writing	[[illegible]]	[[illegible]] that is all. — I hope [[illegible]]			
04-006-U036	04-006	04-006-P04	ACU CRS MS5 - 04 - Folder 1, Correspondence and Loan Papers.pdf	6	unread writing	[[illegible]]	[[illegible]] that is all. — I hope [[illegible]]			
04-006-U037	04-006	04-006-P05	ACU CRS MS5 - 04 - Folder 1, Correspondence and Loan Papers.pdf	6	unread writing	[[illegible]]	I tell you the time of day which is 2 PM. [[illegible]]			
04-006-U038	04-006	04-006-P06	ACU CRS MS5 - 04 - Folder 1, Correspondence and Loan Papers.pdf	6	unread writing	[[illegible]]	[[margin]] / [[illegible]] / [[/margin]]			
04-007-U001	04-007	04-007-P01	ACU CRS MS5 - 04 - Folder 1, Correspondence and Loan Papers.pdf	7	unread writing	[[illegible]]	Sent to this State on the Same business, Where we were mortified [[illegible]] Texas Contained quite a [[illegible]] of the above Character. I 			
04-007-U002	04-007	04-007-P01	ACU CRS MS5 - 04 - Folder 1, Correspondence and Loan Papers.pdf	7	unread writing	[[illegible]]	s, Where we were mortified [[illegible]] Texas Contained quite a [[illegible]] of the above Character. I joined the Command in Hopkins County t			
04-007-U003	04-007	04-007-P01	ACU CRS MS5 - 04 - Folder 1, Correspondence and Loan Papers.pdf	7	unread writing	[[illegible]]	d to deliver them at Shreveport — Was there ordered to take Some [[illegible]] Guns to Bonham. This [[illegible]] to me [[illegible]] thinking 			
04-007-U004	04-007	04-007-P01	ACU CRS MS5 - 04 - Folder 1, Correspondence and Loan Papers.pdf	7	unread writing	[[illegible]]	as there ordered to take Some [[illegible]] Guns to Bonham. This [[illegible]] to me [[illegible]] thinking the [[illegible]] would not admit [			
04-007-U005	04-007	04-007-P01	ACU CRS MS5 - 04 - Folder 1, Correspondence and Loan Papers.pdf	7	unread writing	[[illegible]]	take Some [[illegible]] Guns to Bonham. This [[illegible]] to me [[illegible]] thinking the [[illegible]] would not admit [[illegible]] home — 			
04-007-U006	04-007	04-007-P01	ACU CRS MS5 - 04 - Folder 1, Correspondence and Loan Papers.pdf	7	unread writing	[[illegible]]	s to Bonham. This [[illegible]] to me [[illegible]] thinking the [[illegible]] would not admit [[illegible]] home — we Concluded to go on to Bo			
04-007-U007	04-007	04-007-P01	ACU CRS MS5 - 04 - Folder 1, Correspondence and Loan Papers.pdf	7	unread writing	[[illegible]]	] to me [[illegible]] thinking the [[illegible]] would not admit [[illegible]] home — we Concluded to go on to Bonham. Our Co was permitted to 			
04-007-U008	04-007	04-007-P01	ACU CRS MS5 - 04 - Folder 1, Correspondence and Loan Papers.pdf	7	unread writing	[[illegible]]	& from there has gone to San Augustine. I will prefere not to be [[illegible]] at this business As it is by no means agreeable to my feelings. 			
04-007-U009	04-007	04-007-P01	ACU CRS MS5 - 04 - Folder 1, Correspondence and Loan Papers.pdf	7	unread writing	[[illegible]]	y Way of Shreveport & I hope our detachment will be permitted to [[illegible]] it on the Way.			
04-007-U010	04-007	04-007-P02	ACU CRS MS5 - 04 - Folder 1, Correspondence and Loan Papers.pdf	7	unread writing	[[illegible]]	ts expiration was detailed to transact some business here. Those [[illegible]] to the Co are given Every 2 mo — I have not drawn a [[illegible]			
04-007-U011	04-007	04-007-P02	ACU CRS MS5 - 04 - Folder 1, Correspondence and Loan Papers.pdf	7	unread writing	[[illegible]]	[illegible]] to the Co are given Every 2 mo — I have not drawn a [[illegible]] leave yet. Jim Lowder of Ross' Regt is home on furlough. The Squ			
04-007-U012	04-007	04-007-P02	ACU CRS MS5 - 04 - Folder 1, Correspondence and Loan Papers.pdf	7	unread writing	[[illegible]]	lough. The Squad he came With brought Some Arms across the “Trans[[illegible]]” [[illegible]] 6 millions in Confed. Money. He reports the Miss 			
04-007-U013	04-007	04-007-P02	ACU CRS MS5 - 04 - Folder 1, Correspondence and Loan Papers.pdf	7	unread writing	[[illegible]]	d he came With brought Some Arms across the “Trans[[illegible]]” [[illegible]] 6 millions in Confed. Money. He reports the Miss Army — Well sup			
04-007-U014	04-007	04-007-P02	ACU CRS MS5 - 04 - Folder 1, Correspondence and Loan Papers.pdf	7	unread writing	[[illegible]]	rmy — Well supplied & buoyant in Spirits. We have not heard from [[illegible]] & James Since the middle of Oct. James was [[illegible]] Wounded			
04-007-U015	04-007	04-007-P02	ACU CRS MS5 - 04 - Folder 1, Correspondence and Loan Papers.pdf	7	unread writing	[[illegible]]	rd from [[illegible]] & James Since the middle of Oct. James was [[illegible]] Wounded [[illegible]] in the Chickamauga Battle. I am very anxio			
04-007-U016	04-007	04-007-P02	ACU CRS MS5 - 04 - Folder 1, Correspondence and Loan Papers.pdf	7	unread writing	[[illegible]]	& James Since the middle of Oct. James was [[illegible]] Wounded [[illegible]] in the Chickamauga Battle. I am very anxious to know how They ca			
04-007-U017	04-007	04-007-P02	ACU CRS MS5 - 04 - Folder 1, Correspondence and Loan Papers.pdf	7	unread writing	[[illegible]]	re not pleased With the Capt put over them at the instigation of [[illegible]] Command. The last [[illegible]] of the militia has been called o			
04-007-U018	04-007	04-007-P02	ACU CRS MS5 - 04 - Folder 1, Correspondence and Loan Papers.pdf	7	unread writing	[[illegible]]	 over them at the instigation of [[illegible]] Command. The last [[illegible]] of the militia has been called out too & are now enroute for Gal			
04-008-U001	04-008	04-008-P02	ACU CRS MS5 - 04 - Folder 1, Correspondence and Loan Papers.pdf	8	loss	[[lost: edge]]	Dear Cousin — I Spent the Evening [[lost: edge]] / I took a peep at your “Shadow” which looked [[lost: edge]] / [[ill			
04-008-U002	04-008	04-008-P02	ACU CRS MS5 - 04 - Folder 1, Correspondence and Loan Papers.pdf	8	loss	[[lost: edge]]	ening [[lost: edge]] / I took a peep at your “Shadow” which looked [[lost: edge]] / [[illegible]] — Read Some poetical Contributions [[lost: edge]] / 			
04-008-U003	04-008	04-008-P02	ACU CRS MS5 - 04 - Folder 1, Correspondence and Loan Papers.pdf	8	unread writing	[[illegible]]	dge]] / I took a peep at your “Shadow” which looked [[lost: edge]] / [[illegible]] — Read Some poetical Contributions [[lost: edge]] / [[illegible]] 			
04-008-U004	04-008	04-008-P02	ACU CRS MS5 - 04 - Folder 1, Correspondence and Loan Papers.pdf	8	loss	[[lost: edge]]	 [[lost: edge]] / [[illegible]] — Read Some poetical Contributions [[lost: edge]] / [[illegible]] — [[illegible]] tis fruitful imagination [[lost: e			
04-008-U005	04-008	04-008-P02	ACU CRS MS5 - 04 - Folder 1, Correspondence and Loan Papers.pdf	8	unread writing	[[illegible]]	 / [[illegible]] — Read Some poetical Contributions [[lost: edge]] / [[illegible]] — [[illegible]] tis fruitful imagination [[lost: edge]]			
04-008-U006	04-008	04-008-P02	ACU CRS MS5 - 04 - Folder 1, Correspondence and Loan Papers.pdf	8	unread writing	[[illegible]]	 Read Some poetical Contributions [[lost: edge]] / [[illegible]] — [[illegible]] tis fruitful imagination [[lost: edge]]			
04-008-U007	04-008	04-008-P02	ACU CRS MS5 - 04 - Folder 1, Correspondence and Loan Papers.pdf	8	loss	[[lost: edge]]	t: edge]] / [[illegible]] — [[illegible]] tis fruitful imagination [[lost: edge]]			
04-008-U008	04-008	04-008-P04	ACU CRS MS5 - 04 - Folder 1, Correspondence and Loan Papers.pdf	8	loss	[[lost: edge]]	Col Patton has [[lost: edge]] / a force of 2500 [[lost: edge]] / [[illegible]] the siege [[lost: e			
04-008-U009	04-008	04-008-P04	ACU CRS MS5 - 04 - Folder 1, Correspondence and Loan Papers.pdf	8	loss	[[lost: edge]]	Col Patton has [[lost: edge]] / a force of 2500 [[lost: edge]] / [[illegible]] the siege [[lost: edge]] / [[illegible]] the mouth o			
04-008-U010	04-008	04-008-P04	ACU CRS MS5 - 04 - Folder 1, Correspondence and Loan Papers.pdf	8	unread writing	[[illegible]]	Col Patton has [[lost: edge]] / a force of 2500 [[lost: edge]] / [[illegible]] the siege [[lost: edge]] / [[illegible]] the mouth of [[lost: edge			
04-008-U011	04-008	04-008-P04	ACU CRS MS5 - 04 - Folder 1, Correspondence and Loan Papers.pdf	8	loss	[[lost: edge]]	t: edge]] / a force of 2500 [[lost: edge]] / [[illegible]] the siege [[lost: edge]] / [[illegible]] the mouth of [[lost: edge]] / [[illegible]] a certai			
04-008-U012	04-008	04-008-P04	ACU CRS MS5 - 04 - Folder 1, Correspondence and Loan Papers.pdf	8	unread writing	[[illegible]]	ce of 2500 [[lost: edge]] / [[illegible]] the siege [[lost: edge]] / [[illegible]] the mouth of [[lost: edge]] / [[illegible]] a certain amount of [[			
04-008-U013	04-008	04-008-P04	ACU CRS MS5 - 04 - Folder 1, Correspondence and Loan Papers.pdf	8	loss	[[lost: edge]]	[illegible]] the siege [[lost: edge]] / [[illegible]] the mouth of [[lost: edge]] / [[illegible]] a certain amount of [[lost: edge]]			
04-008-U014	04-008	04-008-P04	ACU CRS MS5 - 04 - Folder 1, Correspondence and Loan Papers.pdf	8	unread writing	[[illegible]]	e siege [[lost: edge]] / [[illegible]] the mouth of [[lost: edge]] / [[illegible]] a certain amount of [[lost: edge]]			
04-008-U015	04-008	04-008-P04	ACU CRS MS5 - 04 - Folder 1, Correspondence and Loan Papers.pdf	8	loss	[[lost: edge]]	]] the mouth of [[lost: edge]] / [[illegible]] a certain amount of [[lost: edge]]			
04-008-U016	04-008	04-008-P06	ACU CRS MS5 - 04 - Folder 1, Correspondence and Loan Papers.pdf	8	loss	[[lost: edge]]	[[lost: edge]] from Charleston [[illegible]] / [[lost: edge]] at [[illegible]] no			
04-008-U017	04-008	04-008-P06	ACU CRS MS5 - 04 - Folder 1, Correspondence and Loan Papers.pdf	8	unread writing	[[illegible]]	[[lost: edge]] from Charleston [[illegible]] / [[lost: edge]] at [[illegible]] now / [[lost: edge]] blockade [[il			
04-008-U018	04-008	04-008-P06	ACU CRS MS5 - 04 - Folder 1, Correspondence and Loan Papers.pdf	8	loss	[[lost: edge]]	[[lost: edge]] from Charleston [[illegible]] / [[lost: edge]] at [[illegible]] now / [[lost: edge]] blockade [[illegible]]			
04-008-U019	04-008	04-008-P06	ACU CRS MS5 - 04 - Folder 1, Correspondence and Loan Papers.pdf	8	unread writing	[[illegible]]	[[lost: edge]] from Charleston [[illegible]] / [[lost: edge]] at [[illegible]] now / [[lost: edge]] blockade [[illegible]]			
04-008-U020	04-008	04-008-P06	ACU CRS MS5 - 04 - Folder 1, Correspondence and Loan Papers.pdf	8	loss	[[lost: edge]]	rom Charleston [[illegible]] / [[lost: edge]] at [[illegible]] now / [[lost: edge]] blockade [[illegible]]			
04-008-U021	04-008	04-008-P06	ACU CRS MS5 - 04 - Folder 1, Correspondence and Loan Papers.pdf	8	unread writing	[[illegible]]	le]] / [[lost: edge]] at [[illegible]] now / [[lost: edge]] blockade [[illegible]]			
04-009-U001	04-009	04-009-P02	ACU CRS MS5 - 04 - Folder 1, Correspondence and Loan Papers.pdf	9	loss	[[lost: edge]]	[[lost: edge]] the Vicksburg affair / [[lost: edge]] [[illegible]] a certain [[il			
04-009-U002	04-009	04-009-P02	ACU CRS MS5 - 04 - Folder 1, Correspondence and Loan Papers.pdf	9	loss	[[lost: edge]]	[[lost: edge]] the Vicksburg affair / [[lost: edge]] [[illegible]] a certain [[illegible]] “Your Last” You have been 			
04-009-U003	04-009	04-009-P02	ACU CRS MS5 - 04 - Folder 1, Correspondence and Loan Papers.pdf	9	unread writing	[[illegible]]	[[lost: edge]] the Vicksburg affair / [[lost: edge]] [[illegible]] a certain [[illegible]] “Your Last” You have been deprived / of [[			
04-009-U004	04-009	04-009-P02	ACU CRS MS5 - 04 - Folder 1, Correspondence and Loan Papers.pdf	9	unread writing	[[illegible]]	ge]] the Vicksburg affair / [[lost: edge]] [[illegible]] a certain [[illegible]] “Your Last” You have been deprived / of [[illegible]] but that is 			
04-009-U005	04-009	04-009-P02	ACU CRS MS5 - 04 - Folder 1, Correspondence and Loan Papers.pdf	9	unread writing	[[illegible]]	]] a certain [[illegible]] “Your Last” You have been deprived / of [[illegible]] but that is not [[illegible]] at least act [[illegible]] / my fain			
04-009-U006	04-009	04-009-P02	ACU CRS MS5 - 04 - Folder 1, Correspondence and Loan Papers.pdf	9	unread writing	[[illegible]]	ur Last” You have been deprived / of [[illegible]] but that is not [[illegible]] at least act [[illegible]] / my faint [[illegible]] pray God to gi			
04-009-U007	04-009	04-009-P02	ACU CRS MS5 - 04 - Folder 1, Correspondence and Loan Papers.pdf	9	unread writing	[[illegible]]	ived / of [[illegible]] but that is not [[illegible]] at least act [[illegible]] / my faint [[illegible]] pray God to give [[illegible]] / [[illegibl			
04-009-U008	04-009	04-009-P02	ACU CRS MS5 - 04 - Folder 1, Correspondence and Loan Papers.pdf	9	unread writing	[[illegible]]	ut that is not [[illegible]] at least act [[illegible]] / my faint [[illegible]] pray God to give [[illegible]] / [[illegible]] these few [[illegib			
04-009-U009	04-009	04-009-P02	ACU CRS MS5 - 04 - Folder 1, Correspondence and Loan Papers.pdf	9	unread writing	[[illegible]]	 least act [[illegible]] / my faint [[illegible]] pray God to give [[illegible]] / [[illegible]] these few [[illegible]] friends [[illegible]]			
04-009-U010	04-009	04-009-P02	ACU CRS MS5 - 04 - Folder 1, Correspondence and Loan Papers.pdf	9	unread writing	[[illegible]]	llegible]] / my faint [[illegible]] pray God to give [[illegible]] / [[illegible]] these few [[illegible]] friends [[illegible]]			
04-009-U011	04-009	04-009-P02	ACU CRS MS5 - 04 - Folder 1, Correspondence and Loan Papers.pdf	9	unread writing	[[illegible]]	legible]] pray God to give [[illegible]] / [[illegible]] these few [[illegible]] friends [[illegible]]			
04-009-U012	04-009	04-009-P02	ACU CRS MS5 - 04 - Folder 1, Correspondence and Loan Papers.pdf	9	unread writing	[[illegible]]	give [[illegible]] / [[illegible]] these few [[illegible]] friends [[illegible]]			
04-009-U013	04-009	04-009-P04	ACU CRS MS5 - 04 - Folder 1, Correspondence and Loan Papers.pdf	9	loss	[[lost: edge]]	[[lost: edge]] has been Considerable Stirring & quibbling on / [[lost: edge]] the			
04-009-U014	04-009	04-009-P04	ACU CRS MS5 - 04 - Folder 1, Correspondence and Loan Papers.pdf	9	loss	[[lost: edge]]	[[lost: edge]] has been Considerable Stirring & quibbling on / [[lost: edge]] they all have to go if the Emergency is Such [[lost: edge]] / [[lo			
04-009-U015	04-009	04-009-P04	ACU CRS MS5 - 04 - Folder 1, Correspondence and Loan Papers.pdf	9	loss	[[lost: edge]]	g on / [[lost: edge]] they all have to go if the Emergency is Such [[lost: edge]] / [[lost: edge]] [[illegible]] [[Yankee?]] is certain [[lost: edge			
04-009-U016	04-009	04-009-P04	ACU CRS MS5 - 04 - Folder 1, Correspondence and Loan Papers.pdf	9	loss	[[lost: edge]]	ge]] they all have to go if the Emergency is Such [[lost: edge]] / [[lost: edge]] [[illegible]] [[Yankee?]] is certain [[lost: edge]]			
04-009-U017	04-009	04-009-P04	ACU CRS MS5 - 04 - Folder 1, Correspondence and Loan Papers.pdf	9	unread writing	[[illegible]]	ave to go if the Emergency is Such [[lost: edge]] / [[lost: edge]] [[illegible]] [[Yankee?]] is certain [[lost: edge]]			
04-009-U018	04-009	04-009-P04	ACU CRS MS5 - 04 - Folder 1, Correspondence and Loan Papers.pdf	9	tentative reading	[[Yankee?]]	he Emergency is Such [[lost: edge]] / [[lost: edge]] [[illegible]] [[Yankee?]] is certain [[lost: edge]]			
04-009-U019	04-009	04-009-P04	ACU CRS MS5 - 04 - Folder 1, Correspondence and Loan Papers.pdf	9	loss	[[lost: edge]]	lost: edge]] / [[lost: edge]] [[illegible]] [[Yankee?]] is certain [[lost: edge]]			
04-009-U020	04-009	04-009-P06	ACU CRS MS5 - 04 - Folder 1, Correspondence and Loan Papers.pdf	9	unread writing	[[illegible]]	[[illegible]] / very friendly / [[illegible]] friend [[lost: edge]] / [[illegible]] 			
04-009-U021	04-009	04-009-P06	ACU CRS MS5 - 04 - Folder 1, Correspondence and Loan Papers.pdf	9	unread writing	[[illegible]]	[[illegible]] / very friendly / [[illegible]] friend [[lost: edge]] / [[illegible]] the [[lost: edge]]			
04-009-U022	04-009	04-009-P06	ACU CRS MS5 - 04 - Folder 1, Correspondence and Loan Papers.pdf	9	loss	[[lost: edge]]	[[illegible]] / very friendly / [[illegible]] friend [[lost: edge]] / [[illegible]] the [[lost: edge]]			
04-009-U023	04-009	04-009-P06	ACU CRS MS5 - 04 - Folder 1, Correspondence and Loan Papers.pdf	9	unread writing	[[illegible]]	[[illegible]] / very friendly / [[illegible]] friend [[lost: edge]] / [[illegible]] the [[lost: edge]]			
04-009-U024	04-009	04-009-P06	ACU CRS MS5 - 04 - Folder 1, Correspondence and Loan Papers.pdf	9	loss	[[lost: edge]]	y friendly / [[illegible]] friend [[lost: edge]] / [[illegible]] the [[lost: edge]]			
04-010-U001	04-010	04-010-P01	ACU CRS MS5 - 04 - Folder 1, Correspondence and Loan Papers.pdf	10	tentative reading	[[Yavely?]]	Camp [[Yavely?]] Texas / March 13/65 —			
04-010-U002	04-010	04-010-P04	ACU CRS MS5 - 04 - Folder 1, Correspondence and Loan Papers.pdf	10	unread writing	[[illegible]]	f Life are overtaken by the Cold relentless Clay are moved to an [[illegible]] of mortality thro our own frailness then [[illegible]] our comfo			
04-010-U003	04-010	04-010-P04	ACU CRS MS5 - 04 - Folder 1, Correspondence and Loan Papers.pdf	10	unread writing	[[illegible]]	ved to an [[illegible]] of mortality thro our own frailness then [[illegible]] our comfort [[illegible]] duty and happiness			
04-010-U004	04-010	04-010-P04	ACU CRS MS5 - 04 - Folder 1, Correspondence and Loan Papers.pdf	10	unread writing	[[illegible]]	 mortality thro our own frailness then [[illegible]] our comfort [[illegible]] duty and happiness			
04-011-U001	04-011	04-011-P01	ACU CRS MS5 - 04 - Folder 1, Correspondence and Loan Papers.pdf	11	unread writing	[[illegible]]	eable times We Came to this place the 5th of March and will more [[illegible]] very likely be to the Brazos County. I suppose the forage in thi			
04-011-U002	04-011	04-011-P01	ACU CRS MS5 - 04 - Folder 1, Correspondence and Loan Papers.pdf	11	tentative reading	[[Lafayette?]]	e in this section will become exhausted in Ten days or less when [[Lafayette?]] arrival was very Unexpected to me. I had great fears that he had			
04-011-U003	04-011	04-011-P01	ACU CRS MS5 - 04 - Folder 1, Correspondence and Loan Papers.pdf	11	unread writing	[[illegible]]	at fears that he had not survived The Tenn Campaign. Through him [[illegible]] I Recd a Letter from Brother James which I enclose to you.			
04-011-U004	04-011	04-011-P02	ACU CRS MS5 - 04 - Folder 1, Correspondence and Loan Papers.pdf	11	tentative reading	[[Saffold's?]]	 Department. Mat Brawner of this Co desires To be transferred to [[Saffold's?]] Command & has [[illegible]] Capt [[Wad?]] on the subject — The C			
04-011-U005	04-011	04-011-P02	ACU CRS MS5 - 04 - Folder 1, Correspondence and Loan Papers.pdf	11	unread writing	[[illegible]]	his Co desires To be transferred to [[Saffold's?]] Command & has [[illegible]] Capt [[Wad?]] on the subject — The Capt Will make an Effort to h			
04-011-U006	04-011	04-011-P02	ACU CRS MS5 - 04 - Folder 1, Correspondence and Loan Papers.pdf	11	tentative reading	[[Wad?]]	e transferred to [[Saffold's?]] Command & has [[illegible]] Capt [[Wad?]] on the subject — The Capt Will make an Effort to have it arrange			
04-011-U007	04-011	04-011-P03	ACU CRS MS5 - 04 - Folder 1, Correspondence and Loan Papers.pdf	11	tentative reading	[[Rea?]]	I am looking for Fayette with Sam'l [[Rea?]] in a few days. I have lately heard from Aunt [[Matten?]] all her			
04-011-U008	04-011	04-011-P03	ACU CRS MS5 - 04 - Folder 1, Correspondence and Loan Papers.pdf	11	tentative reading	[[Matten?]]	with Sam'l [[Rea?]] in a few days. I have lately heard from Aunt [[Matten?]] all here was quite well. Write & Address me at Hempstead which i			
04-013-U001	04-013	04-013-P08	ACU CRS MS5 - 04 - Folder 1, Correspondence and Loan Papers.pdf	13	unread writing	[[illegible]]	ng inclination, I have drawn a Copy for you — believing you will [[illegible]] folly. I think them very beautiful — and this Express doubtless 			
04-015-U001	04-015	04-015-P01	ACU CRS MS5 - 04 - Folder 1, Correspondence and Loan Papers.pdf	15	unread writing	[[illegible]]	[[illegible]] Prairie [[illegible]] Apr 10 [[lost: edge]] / Mr Henry Seale / Nashv			
04-015-U002	04-015	04-015-P01	ACU CRS MS5 - 04 - Folder 1, Correspondence and Loan Papers.pdf	15	unread writing	[[illegible]]	[[illegible]] Prairie [[illegible]] Apr 10 [[lost: edge]] / Mr Henry Seale / Nashville Milam / Texas			
04-015-U003	04-015	04-015-P01	ACU CRS MS5 - 04 - Folder 1, Correspondence and Loan Papers.pdf	15	loss	[[lost: edge]]	[[illegible]] Prairie [[illegible]] Apr 10 [[lost: edge]] / Mr Henry Seale / Nashville Milam / Texas			
04-016-U001	04-016	04-016-P01	ACU CRS MS5 - 04 - Folder 1, Correspondence and Loan Papers.pdf	16	loss	[[lost: edge]]	Nashville Texas Ap[[lost: edge]] / Miss Lizzy Douglas / Redoak Po / Texas			
04-017-U001	04-017	04-017-P01	ACU CRS MS5 - 04 - Folder 1, Correspondence and Loan Papers.pdf	17	tentative reading	[[Yellow?]]	[[Yellow?]] Branch [[illegible]] / Sept 18th 1863			
04-017-U002	04-017	04-017-P01	ACU CRS MS5 - 04 - Folder 1, Correspondence and Loan Papers.pdf	17	unread writing	[[illegible]]	[[Yellow?]] Branch [[illegible]] / Sept 18th 1863			
04-017-U003	04-017	04-017-P02	ACU CRS MS5 - 04 - Folder 1, Correspondence and Loan Papers.pdf	17	tentative reading	[[Denmark?]]	 and if Silence is the response I may know Something is wrong in [[Denmark?]], & will call off my hounds. But as I am floating in rather a dul			
04-017-U004	04-017	04-017-P03	ACU CRS MS5 - 04 - Folder 1, Correspondence and Loan Papers.pdf	17	unread writing	[[illegible]]	it not for absent ones I believe the people here would be happy. [[illegible]] quite warm weathering Carried on in North Carolina. As yet I hav			
04-017-U005	04-017	04-017-P03	ACU CRS MS5 - 04 - Folder 1, Correspondence and Loan Papers.pdf	17	unread writing	[[illegible]]	y observation teaches me That the germs of this malady are in an [[illegible]] State and only need Sunshine to bring them to bloom, Expand & Ca			
04-017-U006	04-017	04-017-P04	ACU CRS MS5 - 04 - Folder 1, Correspondence and Loan Papers.pdf	17	unread writing	[[illegible]]	the Solicitation of an Old Gentleman who has a Daughter that has [[illegible]] Claims upon him — I think the meeting is Still in operation — If			
04-018-U001	04-018	04-018-P01	ACU CRS MS5 - 04 - Folder 1, Correspondence and Loan Papers.pdf	18	unread writing	[[illegible]]	 it was ordered West & have just returned to about where we! The [[illegible]] was Countermanded & it with another [[illegible]] returned to th			
04-018-U002	04-018	04-018-P01	ACU CRS MS5 - 04 - Folder 1, Correspondence and Loan Papers.pdf	18	unread writing	[[illegible]]	 where we! The [[illegible]] was Countermanded & it with another [[illegible]] returned to the vicinity of [[illegible]] Remained in the Same a			
04-018-U003	04-018	04-018-P01	ACU CRS MS5 - 04 - Folder 1, Correspondence and Loan Papers.pdf	18	unread writing	[[illegible]]	nded & it with another [[illegible]] returned to the vicinity of [[illegible]] Remained in the Same about a month recruiting our horses. About 			
04-018-U004	04-018	04-018-P01	ACU CRS MS5 - 04 - Folder 1, Correspondence and Loan Papers.pdf	18	unread writing	[[deleted: illegible]]	rge Animal in Ark for they will have to ride it as they Left it. [[deleted: illegible]] The Division will be home before there — and they will have a to			
04-018-U005	04-018	04-018-P01	ACU CRS MS5 - 04 - Folder 1, Correspondence and Loan Papers.pdf	18	unread writing	[[illegible]]	ime of it with Genl Steele. Majors' Div is also gone to take the [[illegible]] of Walker's [[illegible]] — Had taken up line of march for [[ill			
04-018-U006	04-018	04-018-P01	ACU CRS MS5 - 04 - Folder 1, Correspondence and Loan Papers.pdf	18	unread writing	[[illegible]]	. Majors' Div is also gone to take the [[illegible]] of Walker's [[illegible]] — Had taken up line of march for [[illegible]] & it was believed			
04-018-U007	04-018	04-018-P01	ACU CRS MS5 - 04 - Folder 1, Correspondence and Loan Papers.pdf	18	unread writing	[[illegible]]	ble]] of Walker's [[illegible]] — Had taken up line of march for [[illegible]] & it was believed they would follow also — So now you may listen			
04-018-U008	04-018	04-018-P02	ACU CRS MS5 - 04 - Folder 1, Correspondence and Loan Papers.pdf	18	unread writing	[[illegible]]	urned over about 30 fine Horses their arms &c to the Yankee Sent [[illegible]] of them went down to New Orleans to get some Crackers. The other			
04-018-U009	04-018	04-018-P02	ACU CRS MS5 - 04 - Folder 1, Correspondence and Loan Papers.pdf	18	tentative reading	[[weeds?]]	 Crackers. The others made their Escape Swimming & hiding in the [[weeds?]]. They were Completely Surprised at 3 oclk AM on the 28 of Aug — 			
04-018-U010	04-018	04-018-P02	ACU CRS MS5 - 04 - Folder 1, Correspondence and Loan Papers.pdf	18	tentative reading	[[killed?]]	 3 oclk AM on the 28 of Aug — and a great Wonder all did not get [[killed?]]. Capt [[Vardeman?]] again Got into [[illegible]] Some Candy — He			
04-018-U011	04-018	04-018-P02	ACU CRS MS5 - 04 - Folder 1, Correspondence and Loan Papers.pdf	18	tentative reading	[[Vardeman?]]	28 of Aug — and a great Wonder all did not get [[killed?]]. Capt [[Vardeman?]] again Got into [[illegible]] Some Candy — He & the dismounted me			
04-018-U012	04-018	04-018-P02	ACU CRS MS5 - 04 - Folder 1, Correspondence and Loan Papers.pdf	18	unread writing	[[illegible]]	r all did not get [[killed?]]. Capt [[Vardeman?]] again Got into [[illegible]] Some Candy — He & the dismounted men are now at home [[illegible			
04-018-U013	04-018	04-018-P02	ACU CRS MS5 - 04 - Folder 1, Correspondence and Loan Papers.pdf	18	unread writing	[[illegible]]	illegible]] Some Candy — He & the dismounted men are now at home [[illegible]] the election — I was not in the Regt yet & Some [[illegible]] of			
04-018-U014	04-018	04-018-P02	ACU CRS MS5 - 04 - Folder 1, Correspondence and Loan Papers.pdf	18	unread writing	[[illegible]]	me [[illegible]] the election — I was not in the Regt yet & Some [[illegible]] of my mess but [[illegible]] had not come out on [[illegible]]. 			
04-018-U015	04-018	04-018-P02	ACU CRS MS5 - 04 - Folder 1, Correspondence and Loan Papers.pdf	18	unread writing	[[illegible]]	 — I was not in the Regt yet & Some [[illegible]] of my mess but [[illegible]] had not come out on [[illegible]]. Bob got to Camps the day befo			
04-018-U016	04-018	04-018-P02	ACU CRS MS5 - 04 - Folder 1, Correspondence and Loan Papers.pdf	18	unread writing	[[illegible]]	e [[illegible]] of my mess but [[illegible]] had not come out on [[illegible]]. Bob got to Camps the day before I left — I had had chills for a			
04-018-U017	04-018	04-018-P03	ACU CRS MS5 - 04 - Folder 1, Correspondence and Loan Papers.pdf	18	tentative reading	[[Laura?]]	n Lizzie spent Sunday with you & she Returned to John on Monday. [[Laura?]] Spent last night here. Mother has had a very Sick Spell is getti			
04-018-U018	04-018	04-018-P03	ACU CRS MS5 - 04 - Folder 1, Correspondence and Loan Papers.pdf	18	tentative reading	[[Br?]]	 Spell is getting over it. Had a fine Rain day before yesterday. [[Br?]] Sam Austin Called in today Returning from the meeting — The same			
04-018-U019	04-018	04-018-P03	ACU CRS MS5 - 04 - Folder 1, Correspondence and Loan Papers.pdf	18	unread writing	[[illegible]]	in today Returning from the meeting — The same is Still going on [[illegible]] the Camp but has been dispersed with only 7 professions So far —			
04-018-U020	04-018	04-018-P03	ACU CRS MS5 - 04 - Folder 1, Correspondence and Loan Papers.pdf	18	tentative reading	[[date?]]	professions So far — We recently Recd a Letter from Lafayette of [[date?]] 1st of Aug. Their Brigade had a heavy fight on the 22nd of July 			
04-018-U021	04-018	04-018-P03	ACU CRS MS5 - 04 - Folder 1, Correspondence and Loan Papers.pdf	18	unread writing	[[illegible]]	 Battle with 320 & Came out with about 80 — James who was in the [[illegible]] had a narrow Escape [[illegible]] All are Stout & healthy — They			
04-018-U022	04-018	04-018-P03	ACU CRS MS5 - 04 - Folder 1, Correspondence and Loan Papers.pdf	18	unread writing	[[illegible]]	bout 80 — James who was in the [[illegible]] had a narrow Escape [[illegible]] All are Stout & healthy — They are [[illegible]] in high hopes o			
04-018-U023	04-018	04-018-P03	ACU CRS MS5 - 04 - Folder 1, Correspondence and Loan Papers.pdf	18	unread writing	[[illegible]]	a narrow Escape [[illegible]] All are Stout & healthy — They are [[illegible]] in high hopes of Early End of the War. I hope their [[illegible]			
04-018-U024	04-018	04-018-P03	ACU CRS MS5 - 04 - Folder 1, Correspondence and Loan Papers.pdf	18	unread writing	[[illegible]]	[illegible]] in high hopes of Early End of the War. I hope their [[illegible]] may be realized.			
04-018-U025	04-018	04-018-P04	ACU CRS MS5 - 04 - Folder 1, Correspondence and Loan Papers.pdf	18	unread writing	[[illegible]]	[[margin]] / Since [[illegible]] — Those of their Co that was not killed had to Surrender & while			
04-018-U026	04-018	04-018-P04	ACU CRS MS5 - 04 - Folder 1, Correspondence and Loan Papers.pdf	18	unread writing	[[illegible]]	not killed had to Surrender & while They were Stacking arms Hage [[illegible]] through [[illegible]] & Clem [[illegible]] was found at hind [[i			
04-018-U027	04-018	04-018-P04	ACU CRS MS5 - 04 - Folder 1, Correspondence and Loan Papers.pdf	18	unread writing	[[illegible]]	ender & while They were Stacking arms Hage [[illegible]] through [[illegible]] & Clem [[illegible]] was found at hind [[illegible]] My paper is			
04-018-U028	04-018	04-018-P04	ACU CRS MS5 - 04 - Folder 1, Correspondence and Loan Papers.pdf	18	unread writing	[[illegible]]	re Stacking arms Hage [[illegible]] through [[illegible]] & Clem [[illegible]] was found at hind [[illegible]] My paper is full — I hope to hea			
04-018-U029	04-018	04-018-P04	ACU CRS MS5 - 04 - Folder 1, Correspondence and Loan Papers.pdf	18	unread writing	[[illegible]]	e]] through [[illegible]] & Clem [[illegible]] was found at hind [[illegible]] My paper is full — I hope to hear from you before I leave for th			
04-019-U001	04-019	04-019-P04	ACU CRS MS5 - 04 - Folder 1, Correspondence and Loan Papers.pdf	19	tentative reading	[[Mr?]]	Devil in co. (F.) I was ordered to report to the Brigade Quarter [[Mr?]] for fatigue duty this morning. got half way turned round and cam			
04-019-U002	04-019	04-019-P05	ACU CRS MS5 - 04 - Folder 1, Correspondence and Loan Papers.pdf	19	tentative reading	[[as wet foots?]]	t time at this camp duty easy Drill Four evry day except Sundays [[as wet foots?]] we also have a chain guard around our camp wont let a fellow out			
04-019-U003	04-019	04-019-P05	ACU CRS MS5 - 04 - Folder 1, Correspondence and Loan Papers.pdf	19	tentative reading	[[there?]]	w how Soon they will for evry time the old fellow preaches Scare [[there?]] is A [[frog?]] in my throat as big as your fist			
04-019-U004	04-019	04-019-P05	ACU CRS MS5 - 04 - Folder 1, Correspondence and Loan Papers.pdf	19	tentative reading	[[frog?]]	will for evry time the old fellow preaches Scare [[there?]] is A [[frog?]] in my throat as big as your fist			
04-021-U001	04-021	04-021-P03	ACU CRS MS5 - 04 - Folder 1, Correspondence and Loan Papers.pdf	21	tentative reading	[[time?]]	d all the attention a confederate Soldier Could wish for. By the [[time?]] I was able to go on I had Concluded [[to spend?]] my furlong in 			
04-021-U002	04-021	04-021-P03	ACU CRS MS5 - 04 - Folder 1, Correspondence and Loan Papers.pdf	21	tentative reading	[[to spend?]]	d wish for. By the [[time?]] I was able to go on I had Concluded [[to spend?]] my furlong in that neighborhood & go to Mobile			
04-023-U001	04-023	04-023-P02	ACU CRS MS5 - 04 - Folder 1, Correspondence and Loan Papers.pdf	23	loss	[[lost: reproduced portion ends]]	rother / As Brother Lafayette will Start / home in a few days on furl[[lost: reproduced portion ends]]			
04-023-U002	04-023	04-023-P05	ACU CRS MS5 - 04 - Folder 1, Correspondence and Loan Papers.pdf	23	unread writing	[[deleted: illegible]]	ou all the news I would like to go home very much I tried to get [[deleted: illegible]] a furlough But failed. I Shall try and get on the Retired list a			
04-023-U003	04-023	04-023-P05	ACU CRS MS5 - 04 - Folder 1, Correspondence and Loan Papers.pdf	23	tentative reading	[[any?]]	ome for 3 months I dont think I would go home to Stay as long as [[any?]] Stays in this army as we have been to gether all the time I thin			
04-024-U001	04-024	04-024-P02	ACU CRS MS5 - 04 - Folder 1, Correspondence and Loan Papers.pdf	24	loss	[[lost: reproduced portion ends]]	e kind people of Ala. / At the expiration of my furlough I Started [[lost: reproduced portion ends]]			
04-024-U002	04-024	04-024-P04	ACU CRS MS5 - 04 - Folder 1, Correspondence and Loan Papers.pdf	24	unread writing	[[illegible]]	Lafayette has just Returned from the [[illegible]] Texas Squire gets a furlough they intended going to gether But S			
04-024-U003	04-024	04-024-P04	ACU CRS MS5 - 04 - Folder 1, Correspondence and Loan Papers.pdf	24	unread writing	[[illegible]]	ay Soon all meet again. I Remain as ever your true Brother / James [[illegible]]			
04-025-U001	04-025	04-025-P03	ACU CRS MS5 - 04 - Folder 1, Correspondence and Loan Papers.pdf	25	unread writing	[[illegible]]	[[postmark]] / RED OAK / AUG / [[illegible]] / TEXAS / [[/postmark]]			
04-027-U001	04-027	04-027-P03	ACU CRS MS5 - 04 - Folder 1, Correspondence and Loan Papers.pdf	27	unread writing	[[deleted: illegible]]	 spread at Sylvana. Among visitors present was White Stirman and [[deleted: illegible]] wife, (who sends her love to you) and Nellie Russell. They left 			
04-029-U001	04-029	04-029-P04	ACU CRS MS5 - 04 - Folder 1, Correspondence and Loan Papers.pdf	29	unread writing	[[illegible]]	n her.” Poor Child, she looks badly. Larkin is about the same as [[illegible]] (Saturday) If he has strength to stand it he may pull through al			
04-030-U001	04-030	04-030-P02	ACU CRS MS5 - 04 - Folder 1, Correspondence and Loan Papers.pdf	30	tentative reading	[[Bros?]]	Came up today and had a real civilized dinner with [[Bros?]] Duncan. I dont see why all women can't cook. Its so much nicer —			
04-030-U002	04-030	04-030-P06	ACU CRS MS5 - 04 - Folder 1, Correspondence and Loan Papers.pdf	30	loss	[[lost: reproduced line ends]]	[[margin]] / some of everything is made it has to be [[lost: reproduced line ends]] / [[/margin]]			
04-031-U001	04-031	04-031-P03	ACU CRS MS5 - 04 - Folder 1, Correspondence and Loan Papers.pdf	31	unread writing	[[illegible]]	[[postmark]] / RED OAK / AUG / [[illegible]] / [[/postmark]]			
04-041-U001	04-041	04-041-P09	ACU CRS MS5 - 04 - Folder 1, Correspondence and Loan Papers.pdf	41	tentative reading	[[$ com?]]	y. / WM. J. MILLS:LOW / TOTAL COST TO BORROWER IN SECURING THIS LOAN / [[$ com?]] / Bank charges (application fee), $17.00; Association charges, $ [			
04-043-U001	04-043	04-043-P03	ACU CRS MS5 - 04 - Folder 1, Correspondence and Loan Papers.pdf	43	obstruction	[[obscured: fold]]	nown who having Been examined by Me Privily and apart and out of [[obscured: fold]] that they Signed the Same of their own free will and accord with			
04-043-U002	04-043	04-043-P04	ACU CRS MS5 - 04 - Folder 1, Correspondence and Loan Papers.pdf	43	tentative reading	[[S. M.?]]	y hand and official Seal the 26th day of February A D 1875 / No 76 / [[S. M.?]] Hancock N P E C / Texas Precinct No 8 / [[seal]]			
04-043-U003	04-043	04-043-P06	ACU CRS MS5 - 04 - Folder 1, Correspondence and Loan Papers.pdf	43	tentative reading	[[Rusk?]]	The State of Texas / County of [[Rusk?]]			
04-043-U004	04-043	04-043-P07	ACU CRS MS5 - 04 - Folder 1, Correspondence and Loan Papers.pdf	43	tentative reading	[[Jeppe?]]	Personally appeared before me the undersigned authority [[Jeppe?]] Douglas to me well known who acknowledged to me that he signed s			
04-043-U005	04-043	04-043-P08	ACU CRS MS5 - 04 - Folder 1, Correspondence and Loan Papers.pdf	43	unread writing	[[illegible]]	 whereof I hereto Set my and affix my Official Seal at Office in [[illegible]] on the 9th day [[lost: reproduced portion ends]]			
04-043-U006	04-043	04-043-P08	ACU CRS MS5 - 04 - Folder 1, Correspondence and Loan Papers.pdf	43	loss	[[lost: reproduced portion ends]]	affix my Official Seal at Office in [[illegible]] on the 9th day [[lost: reproduced portion ends]]			
04-044-U001	04-044	04-044-P01	ACU CRS MS5 - 04 - Folder 1, Correspondence and Loan Papers.pdf	44	loss	[[lost: reproduced portion begins mid-sentence]]	[[lost: reproduced portion begins mid-sentence]] to me well known [[lost: top edge]] / Been examined by Me Privily 			
04-044-U002	04-044	04-044-P01	ACU CRS MS5 - 04 - Folder 1, Correspondence and Loan Papers.pdf	44	loss	[[lost: top edge]]	[lost: reproduced portion begins mid-sentence]] to me well known [[lost: top edge]] / Been examined by Me Privily and apart and out of hearing of thei			
04-044-U003	04-044	04-044-P02	ACU CRS MS5 - 04 - Folder 1, Correspondence and Loan Papers.pdf	44	tentative reading	[[S. M.?]]	y hand and official Seal the 26th day of February A D 1875 / No 76 / [[S. M.?]] Hancock N P E C / Texas Precinct No 8			
04-044-U004	04-044	04-044-P04	ACU CRS MS5 - 04 - Folder 1, Correspondence and Loan Papers.pdf	44	tentative reading	[[Rusk?]]	The State of Texas / County [[Rusk?]]			
04-044-U005	04-044	04-044-P05	ACU CRS MS5 - 04 - Folder 1, Correspondence and Loan Papers.pdf	44	tentative reading	[[Jeppe?]]	Personally appeared before me the undersigned authority [[Jeppe?]] Douglas to me well known who acknowledged to me that he signed s			
04-044-U006	04-044	04-044-P06	ACU CRS MS5 - 04 - Folder 1, Correspondence and Loan Papers.pdf	44	unread writing	[[illegible]]	 whereof I hereto Set my and affix my Official Seal at Office in [[illegible]] on the 9th [[lost: torn edge]] / March A. D. 1875.			
04-044-U007	04-044	04-044-P06	ACU CRS MS5 - 04 - Folder 1, Correspondence and Loan Papers.pdf	44	loss	[[lost: torn edge]]	and affix my Official Seal at Office in [[illegible]] on the 9th [[lost: torn edge]] / March A. D. 1875.			
04-044-U008	04-044	04-044-P07	ACU CRS MS5 - 04 - Folder 1, Correspondence and Loan Papers.pdf	44	unread writing	[[illegible signature]]	[[illegible signature]] / Notary Public / In [[illegible]] County / State of Texas			
04-044-U009	04-044	04-044-P07	ACU CRS MS5 - 04 - Folder 1, Correspondence and Loan Papers.pdf	44	unread writing	[[illegible]]	[[illegible signature]] / Notary Public / In [[illegible]] County / State of Texas			
04-045-U001	04-045	04-045-P01	ACU CRS MS5 - 04 - Folder 1, Correspondence and Loan Papers.pdf	45	tentative reading	[[Paid?]]	½ oclock am / Aug 21st 1875 / J M Phillips / Cl D C / Book O Page 2 / 85 — [[Paid?]]			
04-054-U001	04-054	04-054-P02	ACU CRS MS5 - 04 - Folder 1, Correspondence and Loan Papers.pdf	54	unread writing	[[illegible]]	Allie leaves tomorrow for [[illegible]] to run a Dormitory. I am staying with Dr Bird. Papa.			
04-064-U001	04-064	04-064-P02	ACU CRS MS5 - 04 - Folder 1, Correspondence and Loan Papers.pdf	64	unread writing	[[illegible]]	[[postmark]] / UNION CITY / SEP 12 / 12 PM / CA. / [[illegible]] / [[/postmark]]			
04-067-U001	04-067	04-067-P01	ACU CRS MS5 - 04 - Folder 1, Correspondence and Loan Papers.pdf	67	tentative reading	[[labor?]]	inserted: out]] ceeling under the joints, and that would make it [[labor?]] to prepare			
04-074-U001	04-074	04-074-P01	ACU CRS MS5 - 04 - Folder 1, Correspondence and Loan Papers.pdf	74	tentative reading	[[Funds?]]	3 / it as evidence in the suit pending in the [[Funds?]] tax business. / Then tell Buord Farrar to check on Red Oak for wha			
04-079-U001	04-079	04-079-P01	ACU CRS MS5 - 04 - Folder 1, Correspondence and Loan Papers.pdf	79	tentative reading	[[her?]]	ust been writing to sister Rebecca, and scolded a good deal with [[her?]] for none of you writing to me, but I see from your letter that t			
04-079-U002	04-079	04-079-P01	ACU CRS MS5 - 04 - Folder 1, Correspondence and Loan Papers.pdf	79	tentative reading	[[Burky?]]	Family, and it gives me some hopes that health may be enjoyed in [[Burky?]], as well as other places. This County although reputed to be one			
04-079-U003	04-079	04-079-P01	ACU CRS MS5 - 04 - Folder 1, Correspondence and Loan Papers.pdf	79	unread writing	[[illegible]]	llis Co. I think that Old Mr Benson is nearly willing to try the [[illegible]] again for he has not bettered himself so far as health is concer			
04-080-U001	04-080	04-080-P01	ACU CRS MS5 - 04 - Folder 1, Correspondence and Loan Papers.pdf	80	tentative reading	[[Hedlie?]]	live here I could make a tolerably fair living. I am now helping [[Hedlie?]] a large Livery Stable, my wages are $1,50 cts pr day, but after 			
04-081-U001	04-081	04-081-P01	ACU CRS MS5 - 04 - Folder 1, Correspondence and Loan Papers.pdf	81	unread writing	[[illegible]]	e climate. He is well pleased with the country in other respects [[illegible]] and says if he was to stay in Texas he would move up to your cou			
04-081-U002	04-081	04-081-P01	ACU CRS MS5 - 04 - Folder 1, Correspondence and Loan Papers.pdf	81	unread writing	[[illegible]]	nterest you. Nothing gratified me more than to hear of Susannahs [[illegible]] the Truth, may she hold out faithful to the end is my sincere pr			
04-081-U003	04-081	04-081-P01	ACU CRS MS5 - 04 - Folder 1, Correspondence and Loan Papers.pdf	81	tentative reading	[[tedious?]]	ers. My respects to the neighbors & friends generally, it is too [[tedious?]] to mention all the names. Write to me one and all of you, and te			
04-083-U001	04-083	04-083-P01	ACU CRS MS5 - 04 - Folder 1, Correspondence and Loan Papers.pdf	83	tentative reading	[[razzle?]]	as not well for a week before I am chilling now and have the old [[razzle?]] as heath calls it. [[Gaskin?]] had a chill last week and now has			
04-083-U002	04-083	04-083-P01	ACU CRS MS5 - 04 - Folder 1, Correspondence and Loan Papers.pdf	83	tentative reading	[[Gaskin?]]	 am chilling now and have the old [[razzle?]] as heath calls it. [[Gaskin?]] had a chill last week and now has very sore eyes he is walking a			
04-085-U001	04-085	04-085-P01	ACU CRS MS5 - 04 - Folder 1, Correspondence and Loan Papers.pdf	85	unread writing	[[illegible]]	I will do up on the [[illegible]] and no body very near unless some body comes and lives in their 			
04-085-U002	04-085	04-085-P01	ACU CRS MS5 - 04 - Folder 1, Correspondence and Loan Papers.pdf	85	tentative reading	[[you must as come?]]	eave as soon as beck is able for him to move her to her fathers. [[you must as come?]] and all write when you can My love to Father and Mother also Sue			
04-086-U001	04-086	04-086-P01	ACU CRS MS5 - 04 - Folder 1, Correspondence and Loan Papers.pdf	86	unread writing	[[illegible]]	 / I started yesterday to Brushy to see if I could secure the Land [[illegible]] you, but failed to get the certificate him as I expected / I suppo			
04-086-U002	04-086	04-086-P03	ACU CRS MS5 - 04 - Folder 1, Correspondence and Loan Papers.pdf	86	tentative reading	[[752?]]	ound the field but will soon. Wheat needs rain very much. I sent [[752?]] lbs wool to Shriveport it netted 26 cts			
04-090-U001	04-090	04-090-P01	ACU CRS MS5 - 04 - Folder 1, Correspondence and Loan Papers.pdf	90	tentative reading	[[Or. Otis Maynard?]]	the number. Also your son, [[Or. Otis Maynard?]] Lee [[Weatherford?]] Robbie [[Sullivan?]] Jesse Graves & Mrs [[B			
04-090-U002	04-090	04-090-P01	ACU CRS MS5 - 04 - Folder 1, Correspondence and Loan Papers.pdf	90	tentative reading	[[Weatherford?]]	the number. Also your son, [[Or. Otis Maynard?]] Lee [[Weatherford?]] Robbie [[Sullivan?]] Jesse Graves & Mrs [[Bur Pratts?]] & others			
04-090-U003	04-090	04-090-P01	ACU CRS MS5 - 04 - Folder 1, Correspondence and Loan Papers.pdf	90	tentative reading	[[Sullivan?]]	Also your son, [[Or. Otis Maynard?]] Lee [[Weatherford?]] Robbie [[Sullivan?]] Jesse Graves & Mrs [[Bur Pratts?]] & others unknown to you I wis			
04-090-U004	04-090	04-090-P01	ACU CRS MS5 - 04 - Folder 1, Correspondence and Loan Papers.pdf	90	tentative reading	[[Bur Pratts?]]	?]] Lee [[Weatherford?]] Robbie [[Sullivan?]] Jesse Graves & Mrs [[Bur Pratts?]] & others unknown to you I wish you could have been with us at th			
04-090-U005	04-090	04-090-P01	ACU CRS MS5 - 04 - Folder 1, Correspondence and Loan Papers.pdf	90	tentative reading	[[Strand?]]	ter / Henry Allen is going to move to Hood County near Acton & Sam [[Strand?]] has rented Mrs Bells place Mrs [[Thuston?]] has rented Dr Duffs 			
04-090-U006	04-090	04-090-P01	ACU CRS MS5 - 04 - Folder 1, Correspondence and Loan Papers.pdf	90	tentative reading	[[Thuston?]]	unty near Acton & Sam [[Strand?]] has rented Mrs Bells place Mrs [[Thuston?]] has rented Dr Duffs & her son in law [[Surren?]] Henry Orrs plac			
04-090-U007	04-090	04-090-P01	ACU CRS MS5 - 04 - Folder 1, Correspondence and Loan Papers.pdf	90	tentative reading	[[Surren?]]	ells place Mrs [[Thuston?]] has rented Dr Duffs & her son in law [[Surren?]] Henry Orrs place			
04-091-U001	04-091	04-091-P01	ACU CRS MS5 - 04 - Folder 1, Correspondence and Loan Papers.pdf	91	unread writing	[[illegible]]	ed on crops this year, & I don't know that he will go back there [[illegible]] Billy Davis fell off his wagon [[illegible]] [[near?]] [[Palmer?			
04-091-U002	04-091	04-091-P01	ACU CRS MS5 - 04 - Folder 1, Correspondence and Loan Papers.pdf	91	unread writing	[[illegible]]	 will go back there [[illegible]] Billy Davis fell off his wagon [[illegible]] [[near?]] [[Palmer?]] about 10 days ago. We have had a very heal			
04-091-U003	04-091	04-091-P01	ACU CRS MS5 - 04 - Folder 1, Correspondence and Loan Papers.pdf	91	tentative reading	[[near?]]	there [[illegible]] Billy Davis fell off his wagon [[illegible]] [[near?]] [[Palmer?]] about 10 days ago. We have had a very healthy year s			
04-091-U004	04-091	04-091-P01	ACU CRS MS5 - 04 - Folder 1, Correspondence and Loan Papers.pdf	91	tentative reading	[[Palmer?]]	legible]] Billy Davis fell off his wagon [[illegible]] [[near?]] [[Palmer?]] about 10 days ago. We have had a very healthy year so far, in fa			
04-091-U005	04-091	04-091-P01	ACU CRS MS5 - 04 - Folder 1, Correspondence and Loan Papers.pdf	91	unread writing	[[illegible]]	lly so / Give my love to Tom & Laura & family & also to John & Ann [[illegible]] I would like to see them all but apprehend the privilege never [			
04-091-U006	04-091	04-091-P01	ACU CRS MS5 - 04 - Folder 1, Correspondence and Loan Papers.pdf	91	unread writing	[[illegible]]	] I would like to see them all but apprehend the privilege never [[illegible]] as the little [[illegible]] is beginning to [[illegible]] days a			
04-091-U007	04-091	04-091-P01	ACU CRS MS5 - 04 - Folder 1, Correspondence and Loan Papers.pdf	91	unread writing	[[illegible]]	ll but apprehend the privilege never [[illegible]] as the little [[illegible]] is beginning to [[illegible]] days are growing short. Write me o			
04-091-U008	04-091	04-091-P01	ACU CRS MS5 - 04 - Folder 1, Correspondence and Loan Papers.pdf	91	unread writing	[[illegible]]	 never [[illegible]] as the little [[illegible]] is beginning to [[illegible]] days are growing short. Write me on receipt of this saying when 			
04-095-U001	04-095	04-095-P01	ACU CRS MS5 - 04 - Folder 1, Correspondence and Loan Papers.pdf	95	tentative reading	[[6?]]	em came, & Bro. Kendrick had all the preaching to do. There were [[6?]] baptized & one other added to the Church 2 of them were little b			
04-096-U001	04-096	04-096-P03	ACU CRS MS5 - 04 - Folder 1, Correspondence and Loan Papers.pdf	96	unread writing	[[illegible: fragment near seal]]	 Mary Douglas, / Red Oak, / Texas. / Mrs Mary Douglas / Mr Henry Douglas / [[illegible: fragment near seal]] / [[postmark]] [[illegible]] [[/postmark]]			
04-096-U002	04-096	04-096-P03	ACU CRS MS5 - 04 - Folder 1, Correspondence and Loan Papers.pdf	96	unread writing	[[illegible]]	 / Mr Henry Douglas / [[illegible: fragment near seal]] / [[postmark]] [[illegible]] [[/postmark]]			
05-003-U001	05-003	05-003-P01	ACU CRS MS5 - 05 - Folder 2, Correspondence and Legal Papers.pdf	3	unread writing	[[illegible]]	 any of you since I left there in Oct. But as I have not heard I [[illegible]] to write again [[illegible]] I think it rather uncertain [[illeg			
05-003-U002	05-003	05-003-P01	ACU CRS MS5 - 05 - Folder 2, Correspondence and Legal Papers.pdf	3	unread writing	[[illegible]]	e in Oct. But as I have not heard I [[illegible]] to write again [[illegible]] I think it rather uncertain [[illegible]] you would hear from me			
05-003-U003	05-003	05-003-P01	ACU CRS MS5 - 05 - Folder 2, Correspondence and Legal Papers.pdf	3	unread writing	[[illegible]]	gible]] to write again [[illegible]] I think it rather uncertain [[illegible]] you would hear from me / Lest you might have failed to get any of 			
05-004-U001	05-004	05-004-P01	ACU CRS MS5 - 05 - Folder 2, Correspondence and Legal Papers.pdf	4	tentative reading	[[numbers?]]	e I done wisely, or not? / We have great opposition here both from [[numbers?]] & prej[[illegible]] This latter is, however giving [[illegible]]			
05-004-U002	05-004	05-004-P01	ACU CRS MS5 - 05 - Folder 2, Correspondence and Legal Papers.pdf	4	unread writing	[[illegible]]	 not? / We have great opposition here both from [[numbers?]] & prej[[illegible]] This latter is, however giving [[illegible]] in the minds of the			
05-004-U003	05-004	05-004-P01	ACU CRS MS5 - 05 - Folder 2, Correspondence and Legal Papers.pdf	4	unread writing	[[illegible]]	 [[numbers?]] & prej[[illegible]] This latter is, however giving [[illegible]] in the minds of the people; & as for the Doctors, it makes but l			
05-007-U001	05-007	05-007-P02	ACU CRS MS5 - 05 - Folder 2, Correspondence and Legal Papers.pdf	7	tentative reading	[[Un.?]]	[[margin]] P.S. Give my love to all. Remember me to [[Un.?]] & aunt Cynthia. &c &c / H.D. [[/margin]]			
05-014-U001	05-014	05-014-P01	ACU CRS MS5 - 05 - Folder 2, Correspondence and Legal Papers.pdf	14	tentative reading	[[deleted: branch?]]	t buying it. I believe the Land is at the mouth of the five mile [[deleted: branch?]] [[inserted: creek]] / Write me what the Land is worth & give me an			
05-015-U001	05-015	05-015-P03	ACU CRS MS5 - 05 - Folder 2, Correspondence and Legal Papers.pdf	15	unread writing	[[illegible]]	[[separate block: faint lower marks]] / [[illegible]] / 3			
05-017-U001	05-017	05-017-P01	ACU CRS MS5 - 05 - Folder 2, Correspondence and Legal Papers.pdf	17	tentative reading	[[S. A.?]]	e received witness my and Seal This the 12th day of October 1852 / [[S. A.?]] Farrar / F. L. Farrar			
05-018-U001	05-018	05-018-P03	ACU CRS MS5 - 05 - Folder 2, Correspondence and Legal Papers.pdf	18	tentative reading	[[Ledbetter?]]	Pay the within to Mr [[Ledbetter?]] [[deleted: illegible]] / 1852 oct 28th / Geo A Sublett			
05-018-U002	05-018	05-018-P03	ACU CRS MS5 - 05 - Folder 2, Correspondence and Legal Papers.pdf	18	unread writing	[[deleted: illegible]]	Pay the within to Mr [[Ledbetter?]] [[deleted: illegible]] / 1852 oct 28th / Geo A Sublett			
05-021-U001	05-021	05-021-P01	ACU CRS MS5 - 05 - Folder 2, Correspondence and Legal Papers.pdf	21	unread writing	[[illegible]]	oke and Releas the above Land to the Riteful owners or owners of [[illegible]] heirs [[illegible]] and [[illegible]] Given under my hand and Se			
05-021-U002	05-021	05-021-P01	ACU CRS MS5 - 05 - Folder 2, Correspondence and Legal Papers.pdf	21	unread writing	[[illegible]]	bove Land to the Riteful owners or owners of [[illegible]] heirs [[illegible]] and [[illegible]] Given under my hand and Seal. / using a Scroll i			
05-021-U003	05-021	05-021-P01	ACU CRS MS5 - 05 - Folder 2, Correspondence and Legal Papers.pdf	21	unread writing	[[illegible]]	iteful owners or owners of [[illegible]] heirs [[illegible]] and [[illegible]] Given under my hand and Seal. / using a Scroll in way of Seal this			
05-022-U001	05-022	05-022-P02	ACU CRS MS5 - 05 - Folder 2, Correspondence and Legal Papers.pdf	22	tentative reading	[[S W?]]	uglas or bearer five dollars value received. January. 21st 1829. / [[S W?]] Webber			
05-024-U001	05-024	05-024-P02	ACU CRS MS5 - 05 - Folder 2, Correspondence and Legal Papers.pdf	24	tentative reading	[[A?]]	Filed Oct 29th 1852 at / 2½ Oclock P.M. / By [[A?]] Hawkins Clk / C.C.E.C.			
05-031-U001	05-031	05-031-P02	ACU CRS MS5 - 05 - Folder 2, Correspondence and Legal Papers.pdf	31	tentative reading	[[H?]]	Filed for Record at 9 Oclock A.M. Augt the 8th A.D. 1849 / R [[H?]] White C.C.C.N.C. / Recorded the 14th day of December A.D. 1849 in 			
05-031-U002	05-031	05-031-P02	ACU CRS MS5 - 05 - Folder 2, Correspondence and Legal Papers.pdf	31	tentative reading	[[H?]]	d the 14th day of December A.D. 1849 in Book A, pages 433 & 34 / R [[H?]] White Clk Navarro Co			
05-032-U001	05-032	05-032-P01	ACU CRS MS5 - 05 - Folder 2, Correspondence and Legal Papers.pdf	32	tentative reading	[[agent?]]	or / Robert Crow / redemption of / land grant for / taxes / N. L. Douglas, / [[agent?]] for / G A Sublett / Feb 1, 1851			
05-033-U001	05-033	05-033-P04	ACU CRS MS5 - 05 - Folder 2, Correspondence and Legal Papers.pdf	33	loss	[[lost: scan edge]]	 Collector for the county of Navarro doo hear by by the power Con[[lost: scan edge]]ted in me by an act approved the 11th February 1850 Revoke and Re			
05-034-U001	05-034	05-034-P01	ACU CRS MS5 - 05 - Folder 2, Correspondence and Legal Papers.pdf	34	unread writing	[[illegible]]	[[separate block: docket]] / Revocation for Robert Crow / 640 [[illegible]]			
05-034-U002	05-034	05-034-P02	ACU CRS MS5 - 05 - Folder 2, Correspondence and Legal Papers.pdf	34	tentative reading	[[H?]]	Filed for Record at 2 Oclock P.M. Febr. 3rd A.D. 1851 / R [[H?]] White C.C.C.N.C. / Recorded at ½ past 2 Oclock P.M. Febr. 3rd A.D.			
05-034-U003	05-034	05-034-P02	ACU CRS MS5 - 05 - Folder 2, Correspondence and Legal Papers.pdf	34	tentative reading	[[H?]]	t ½ past 2 Oclock P.M. Febr. 3rd A.D. 1851 in Book C, page 181 / R [[H?]] White Clk Navarro Co / Fee $1.25			
05-034-U004	05-034	05-034-P04	ACU CRS MS5 - 05 - Folder 2, Correspondence and Legal Papers.pdf	34	tentative reading	[[H?]]	Personally appeared before me R [[H?]] White Clerk of the County Court W. B. McCabe Assessor & Collecto			
05-034-U005	05-034	05-034-P05	ACU CRS MS5 - 05 - Folder 2, Correspondence and Legal Papers.pdf	34	tentative reading	[[H?]]	hand and Seal of office at Corsicana this 3rd day of Febr 1851 / R [[H?]] White C.C.C.N.C.			
05-035-U001	05-035	05-035-P01	ACU CRS MS5 - 05 - Folder 2, Correspondence and Legal Papers.pdf	35	tentative reading	[[Sat?]]	ouglas / from Niece / Sarah Gail (Douglas) Headrick / Bardsdale, Calif / [[Sat?]] 29, 1893			
05-035-U002	05-035	05-035-P03	ACU CRS MS5 - 05 - Folder 2, Correspondence and Legal Papers.pdf	35	tentative reading	[[1894?]]	[[postmark]] BARDSDALE AUG 9 [[1894?]] CAL. [[/postmark]]			
05-036-U001	05-036	05-036-P03	ACU CRS MS5 - 05 - Folder 2, Correspondence and Legal Papers.pdf	36	tentative reading	[[Curren?]]	wo rockers, two footstools, nicely covered, the stand-table, Mr. [[Curren?]] made, two tea-baskets on the mantle-piece, my vases, & two adver			
05-037-U001	05-037	05-037-P01	ACU CRS MS5 - 05 - Folder 2, Correspondence and Legal Papers.pdf	37	tentative reading	[[Chadens?]]	r) with the store. One day he came from the P.O. & said “Grandma [[Chadens?]] house isn’t togezzer is it Mamma?” “Ours is though” He noticed t			
05-037-U002	05-037	05-037-P01	ACU CRS MS5 - 05 - Folder 2, Correspondence and Legal Papers.pdf	37	tentative reading	[[Scholl?]]	Used all the rain water, so I didn’t get it done this week. Mrs. [[Scholl?]] started back to Kansas the 19th. Her son & children went with he			
05-037-U003	05-037	05-037-P01	ACU CRS MS5 - 05 - Folder 2, Correspondence and Legal Papers.pdf	37	unread writing	[[illegible]]	k to Kansas the 19th. Her son & children went with her. She said [[illegible]]			
05-038-U001	05-038	05-038-P01	ACU CRS MS5 - 05 - Folder 2, Correspondence and Legal Papers.pdf	38	tentative reading	[[George?]]	bles, as I was wont to do in by-gone days & also of seeing Uncle [[George?]] Strange I didn’t dream of any of the rest. A few nights before I			
05-039-U001	05-039	05-039-P01	ACU CRS MS5 - 05 - Folder 2, Correspondence and Legal Papers.pdf	39	tentative reading	[[for?]]	y side to hang them on, and Elmo will not let Bruce use his nail [[for?]] anything. You ought to see [[him?]] trudging in with kindling—wh			
05-039-U002	05-039	05-039-P01	ACU CRS MS5 - 05 - Folder 2, Correspondence and Legal Papers.pdf	39	tentative reading	[[him?]]	l not let Bruce use his nail [[for?]] anything. You ought to see [[him?]] trudging in with kindling—whenever, & wherever he finds it, he p			
05-039-U003	05-039	05-039-P01	ACU CRS MS5 - 05 - Folder 2, Correspondence and Legal Papers.pdf	39	tentative reading	[[McKie’s?]]	in—Last sunday they were sitting in a window, and along came Mr. [[McKie’s?]] cow—Elmo remarked if that cow was married, she would have a calf			
05-039-U004	05-039	05-039-P01	ACU CRS MS5 - 05 - Folder 2, Correspondence and Legal Papers.pdf	39	tentative reading	[[test?]]	arried, she would have a calf. (with her he meant) Making that a [[test?]] most of the California cows are unmarried.			
05-040-U001	05-040	05-040-P01	ACU CRS MS5 - 05 - Folder 2, Correspondence and Legal Papers.pdf	40	tentative reading	[[Lyffe?]]	There is a thought contained in the piece headed “A [[Lyffe?]]” (in Advocate of April 13th) by D. L. which had never entered my			
05-040-U002	05-040	05-040-P01	ACU CRS MS5 - 05 - Folder 2, Correspondence and Legal Papers.pdf	40	tentative reading	[[Curren?]]	en three mothers the benefit of the thought. I am surprised that [[Curren?]] has another [[boy?]]. Saw in my last paper, the announcement, by			
05-040-U003	05-040	05-040-P01	ACU CRS MS5 - 05 - Folder 2, Correspondence and Legal Papers.pdf	40	tentative reading	[[boy?]]	efit of the thought. I am surprised that [[Curren?]] has another [[boy?]]. Saw in my last paper, the announcement, by Uncle Geo. of the [[			
05-040-U004	05-040	05-040-P01	ACU CRS MS5 - 05 - Folder 2, Correspondence and Legal Papers.pdf	40	tentative reading	[[Elmwood?]]	]]. Saw in my last paper, the announcement, by Uncle Geo. of the [[Elmwood?]] camp-meeting—How I wish I could attend as of old. Remember me to			
05-041-U001	05-041	05-041-P01	ACU CRS MS5 - 05 - Folder 2, Correspondence and Legal Papers.pdf	41	tentative reading	[[Larson?]]	 the wrong impression. Last week Mr. H. went to Los Angeles—Kate [[Larson?]] staid with me, Bruce was sick with cold & fever & derangement of			
05-044-U001	05-044	05-044-P01	ACU CRS MS5 - 05 - Folder 2, Correspondence and Legal Papers.pdf	44	tentative reading	[[Chadens?]]	s glad. One day Elmo came in & said, “I wouldn’t live in Mrs. H. [[Chadens?]] house, would you, Mamma, with a barn pieced on?” He also said he			
05-046-U001	05-046	05-046-P01	ACU CRS MS5 - 05 - Folder 2, Correspondence and Legal Papers.pdf	46	unread writing	[[illegible: faint fragment below label]]	(aunt) / from / (Sarah) Sadie Gail / Douglas Headrick / Bardsdale / Aug. 8 / [[illegible: faint fragment below label]]			
05-047-U001	05-047	05-047-P01	ACU CRS MS5 - 05 - Folder 2, Correspondence and Legal Papers.pdf	47	tentative reading	[[Hinckley?]]	ation performed; which, I greatly fear she will not undergo. Dr. [[Hinckley?]] is back now and he Drs. Bard and Mott, are to do the work. I saw			
05-047-U002	05-047	05-047-P02	ACU CRS MS5 - 05 - Folder 2, Correspondence and Legal Papers.pdf	47	tentative reading	[[Curren’s?]]	 sat down, to read a little, down came Mr. Henry Chadsey in Mrs. [[Curren’s?]] surrey, for us. Lillie Chadsey had inquired of several why I was			
05-048-U001	05-048	05-048-P01	ACU CRS MS5 - 05 - Folder 2, Correspondence and Legal Papers.pdf	48	tentative reading	[[no part?]]	-cream. two swings a set of croquet, and a game of baseball. And [[no part?]] of the pleasure was due wholly to Lillie Chadsey. I was amused t			
05-048-U002	05-048	05-048-P01	ACU CRS MS5 - 05 - Folder 2, Correspondence and Legal Papers.pdf	48	tentative reading	[[Beckie’s?]]	ou know he always rather liked her. That was the 4th, and little [[Beckie’s?]] birthday, and what think you, she went to Santa Paula with Mr. [			
05-048-U003	05-048	05-048-P01	ACU CRS MS5 - 05 - Folder 2, Correspondence and Legal Papers.pdf	48	tentative reading	[[Reck?]]	] birthday, and what think you, she went to Santa Paula with Mr. [[Reck?]] [[Lehock?]] and married him unbeknowing to her father. The old g			
05-048-U004	05-048	05-048-P01	ACU CRS MS5 - 05 - Folder 2, Correspondence and Legal Papers.pdf	48	tentative reading	[[Lehock?]]	, and what think you, she went to Santa Paula with Mr. [[Reck?]] [[Lehock?]] and married him unbeknowing to her father. The old gentleman is 			
05-048-U005	05-048	05-048-P01	ACU CRS MS5 - 05 - Folder 2, Correspondence and Legal Papers.pdf	48	tentative reading	[[Wilmot?]]	 and threatened to disinherit her. It was her 18th birthday. The [[Wilmot?]] [[Hagarts?]] are not all dead yet. Grandma Roberts spent last su			
05-048-U006	05-048	05-048-P01	ACU CRS MS5 - 05 - Folder 2, Correspondence and Legal Papers.pdf	48	tentative reading	[[Hagarts?]]	ned to disinherit her. It was her 18th birthday. The [[Wilmot?]] [[Hagarts?]] are not all dead yet. Grandma Roberts spent last sunday night wi			
05-049-U001	05-049	05-049-P02	ACU CRS MS5 - 05 - Folder 2, Correspondence and Legal Papers.pdf	49	tentative reading	[[SANTA BARBARA CAL.?]]	POSTAGE DUE 2 CENTS / [[postmark]] [[SANTA BARBARA CAL.?]] APR 27 6:30 PM 1921 [[/postmark]]			
05-050-U001	05-050	05-050-P01	ACU CRS MS5 - 05 - Folder 2, Correspondence and Legal Papers.pdf	50	tentative reading	[[Annis?]]	r nothing. Ill joke go free—oh yes, oh yes. Now to the news. Mr. [[Annis?]] has bought the Clapp ranch over the mountains. Payed $1500. When			
05-050-U002	05-050	05-050-P01	ACU CRS MS5 - 05 - Folder 2, Correspondence and Legal Papers.pdf	50	tentative reading	[[Clapp?]]	bought the Clapp ranch over the mountains. Payed $1500. When Mr. [[Clapp?]] left, he sold the church organ—So Kate Burdick Wheeler & Mary Ye			
05-051-U001	05-051	05-051-P01	ACU CRS MS5 - 05 - Folder 2, Correspondence and Legal Papers.pdf	51	tentative reading	[[Wigart?]]	 you ever saw people smile a smile, it was last sunday, when Mr. [[Wigart?]] made this announcement. I had a faint hope of getting the people			
05-051-U002	05-051	05-051-P01	ACU CRS MS5 - 05 - Folder 2, Correspondence and Legal Papers.pdf	51	unread writing	[[illegible]]	use he knows a little. Last sunday we had a Holiness sermon from [[illegible]]. And such a one as it was—“Justified by faith & then away go on 			
05-052-U001	05-052	05-052-P01	ACU CRS MS5 - 05 - Folder 2, Correspondence and Legal Papers.pdf	52	tentative reading	[[Cenesto?]]	ter fitting that black spencer, insisted on my using one of Kate [[Cenesto?]], and put the whole responsibility on me, and after my doing my u			
05-052-U002	05-052	05-052-P01	ACU CRS MS5 - 05 - Folder 2, Correspondence and Legal Papers.pdf	52	tentative reading	[[Timmons?]]	all these annoyances, the dress didn’t fit any where but to Mrs. [[Timmons?]] & Hattie were both completely outdone & seemed, to blame me, and			
05-053-U001	05-053	05-053-P01	ACU CRS MS5 - 05 - Folder 2, Correspondence and Legal Papers.pdf	53	tentative reading	[[Wigart?]]	 have one of our preachers come in here. I was talking with Mrs. [[Wigart?]] on the subject of religion, & she doesn’t think water baptism, a			
05-053-U002	05-053	05-053-P01	ACU CRS MS5 - 05 - Folder 2, Correspondence and Legal Papers.pdf	53	tentative reading	[[Timmons?]]	r the mountains & worked three days. Hattie stayed with me. Mrs. [[Timmons?]] came down one day, with a dress for Hattie for me to cut & fit. 			
05-055-U001	05-055	05-055-P02	ACU CRS MS5 - 05 - Folder 2, Correspondence and Legal Papers.pdf	55	tentative reading	[[if?]]	[[if?]] you get sick all such trouble [[illegible]] they [[illegible]] t			
05-055-U002	05-055	05-055-P02	ACU CRS MS5 - 05 - Folder 2, Correspondence and Legal Papers.pdf	55	unread writing	[[illegible]]	[[if?]] you get sick all such trouble [[illegible]] they [[illegible]] there will always be enough left to [[illegib			
05-055-U003	05-055	05-055-P02	ACU CRS MS5 - 05 - Folder 2, Correspondence and Legal Papers.pdf	55	unread writing	[[illegible]]	[[if?]] you get sick all such trouble [[illegible]] they [[illegible]] there will always be enough left to [[illegible]] the [[illegibl			
05-055-U004	05-055	05-055-P02	ACU CRS MS5 - 05 - Folder 2, Correspondence and Legal Papers.pdf	55	unread writing	[[illegible]]	legible]] they [[illegible]] there will always be enough left to [[illegible]] the [[illegible]] in [[illegible]] [[here?]] and a dull [[illegi			
05-055-U005	05-055	05-055-P02	ACU CRS MS5 - 05 - Folder 2, Correspondence and Legal Papers.pdf	55	unread writing	[[illegible]]	llegible]] there will always be enough left to [[illegible]] the [[illegible]] in [[illegible]] [[here?]] and a dull [[illegible]]			
05-055-U006	05-055	05-055-P02	ACU CRS MS5 - 05 - Folder 2, Correspondence and Legal Papers.pdf	55	unread writing	[[illegible]]	will always be enough left to [[illegible]] the [[illegible]] in [[illegible]] [[here?]] and a dull [[illegible]]			
05-055-U007	05-055	05-055-P02	ACU CRS MS5 - 05 - Folder 2, Correspondence and Legal Papers.pdf	55	tentative reading	[[here?]]	 enough left to [[illegible]] the [[illegible]] in [[illegible]] [[here?]] and a dull [[illegible]]			
05-055-U008	05-055	05-055-P02	ACU CRS MS5 - 05 - Folder 2, Correspondence and Legal Papers.pdf	55	unread writing	[[illegible]]	egible]] the [[illegible]] in [[illegible]] [[here?]] and a dull [[illegible]]			
05-055-U009	05-055	05-055-P03	ACU CRS MS5 - 05 - Folder 2, Correspondence and Legal Papers.pdf	55	unread writing	[[illegible]]	Well [[illegible]] live without Young birds & we love only [[memory?]] [[illegible]			
05-055-U010	05-055	05-055-P03	ACU CRS MS5 - 05 - Folder 2, Correspondence and Legal Papers.pdf	55	tentative reading	[[memory?]]	Well [[illegible]] live without Young birds & we love only [[memory?]] [[illegible]] Haw [[Simons?]] and [[illegible]] Howard and [[ill			
05-055-U011	05-055	05-055-P03	ACU CRS MS5 - 05 - Folder 2, Correspondence and Legal Papers.pdf	55	unread writing	[[illegible]]	[illegible]] live without Young birds & we love only [[memory?]] [[illegible]] Haw [[Simons?]] and [[illegible]] Howard and [[illegible]] knowi			
05-055-U012	05-055	05-055-P03	ACU CRS MS5 - 05 - Folder 2, Correspondence and Legal Papers.pdf	55	tentative reading	[[Simons?]]	without Young birds & we love only [[memory?]] [[illegible]] Haw [[Simons?]] and [[illegible]] Howard and [[illegible]] knowing that I wish y			
05-055-U013	05-055	05-055-P03	ACU CRS MS5 - 05 - Folder 2, Correspondence and Legal Papers.pdf	55	unread writing	[[illegible]]	rds & we love only [[memory?]] [[illegible]] Haw [[Simons?]] and [[illegible]] Howard and [[illegible]] knowing that I wish you could be with u			
05-055-U014	05-055	05-055-P03	ACU CRS MS5 - 05 - Folder 2, Correspondence and Legal Papers.pdf	55	unread writing	[[illegible]]	ry?]] [[illegible]] Haw [[Simons?]] and [[illegible]] Howard and [[illegible]] knowing that I wish you could be with us but you [[illegible]]			
05-055-U015	05-055	05-055-P03	ACU CRS MS5 - 05 - Folder 2, Correspondence and Legal Papers.pdf	55	unread writing	[[illegible]]	d [[illegible]] knowing that I wish you could be with us but you [[illegible]]			
05-055-U016	05-055	05-055-P04	ACU CRS MS5 - 05 - Folder 2, Correspondence and Legal Papers.pdf	55	unread writing	[[illegible]]	[[illegible]] we will [[inserted: and]] we will [[illegible]] tell you say if 			
05-055-U017	05-055	05-055-P04	ACU CRS MS5 - 05 - Folder 2, Correspondence and Legal Papers.pdf	55	unread writing	[[illegible]]	[[illegible]] we will [[inserted: and]] we will [[illegible]] tell you say if you are suffring bad [[he?]] will not stay here 			
05-055-U018	05-055	05-055-P04	ACU CRS MS5 - 05 - Folder 2, Correspondence and Legal Papers.pdf	55	tentative reading	[[he?]]	and]] we will [[illegible]] tell you say if you are suffring bad [[he?]] will not stay here and be [[illegible]] to [[illegible]] for the			
05-055-U019	05-055	05-055-P04	ACU CRS MS5 - 05 - Folder 2, Correspondence and Legal Papers.pdf	55	unread writing	[[illegible]]	ou say if you are suffring bad [[he?]] will not stay here and be [[illegible]] to [[illegible]] for there [[illegible]]			
05-055-U020	05-055	05-055-P04	ACU CRS MS5 - 05 - Folder 2, Correspondence and Legal Papers.pdf	55	unread writing	[[illegible]]	 suffring bad [[he?]] will not stay here and be [[illegible]] to [[illegible]] for there [[illegible]]			
05-055-U021	05-055	05-055-P04	ACU CRS MS5 - 05 - Folder 2, Correspondence and Legal Papers.pdf	55	unread writing	[[illegible]]	ll not stay here and be [[illegible]] to [[illegible]] for there [[illegible]]			
05-055-U022	05-055	05-055-P05	ACU CRS MS5 - 05 - Folder 2, Correspondence and Legal Papers.pdf	55	unread writing	[[illegible]]	I am [[illegible]] for we [[illegible]] and [[illegible]] at [[illegible]] unknown 			
05-055-U023	05-055	05-055-P05	ACU CRS MS5 - 05 - Folder 2, Correspondence and Legal Papers.pdf	55	unread writing	[[illegible]]	I am [[illegible]] for we [[illegible]] and [[illegible]] at [[illegible]] unknown friends far away expr			
05-055-U024	05-055	05-055-P05	ACU CRS MS5 - 05 - Folder 2, Correspondence and Legal Papers.pdf	55	unread writing	[[illegible]]	I am [[illegible]] for we [[illegible]] and [[illegible]] at [[illegible]] unknown friends far away express [[illegible]] 			
05-055-U025	05-055	05-055-P05	ACU CRS MS5 - 05 - Folder 2, Correspondence and Legal Papers.pdf	55	unread writing	[[illegible]]	I am [[illegible]] for we [[illegible]] and [[illegible]] at [[illegible]] unknown friends far away express [[illegible]] thoughts in [[ill			
05-055-U026	05-055	05-055-P05	ACU CRS MS5 - 05 - Folder 2, Correspondence and Legal Papers.pdf	55	unread writing	[[illegible]]	 [[illegible]] at [[illegible]] unknown friends far away express [[illegible]] thoughts in [[illegible]] as a sister or mother [[illegible]]			
05-055-U027	05-055	05-055-P05	ACU CRS MS5 - 05 - Folder 2, Correspondence and Legal Papers.pdf	55	unread writing	[[illegible]]	ble]] unknown friends far away express [[illegible]] thoughts in [[illegible]] as a sister or mother [[illegible]]			
05-055-U028	05-055	05-055-P05	ACU CRS MS5 - 05 - Folder 2, Correspondence and Legal Papers.pdf	55	unread writing	[[illegible]]	ss [[illegible]] thoughts in [[illegible]] as a sister or mother [[illegible]]			
05-056-U001	05-056	05-056-P02	ACU CRS MS5 - 05 - Folder 2, Correspondence and Legal Papers.pdf	56	tentative reading	[[little?]]	Oh Lizzie I received a letter from one of the prettiest looking [[little?]] [[fellows?]] that left Johnson Co. If he is devoted [[if?]] I co			
05-056-U002	05-056	05-056-P02	ACU CRS MS5 - 05 - Folder 2, Correspondence and Legal Papers.pdf	56	tentative reading	[[fellows?]]	 received a letter from one of the prettiest looking [[little?]] [[fellows?]] that left Johnson Co. If he is devoted [[if?]] I could not tell 			
05-056-U003	05-056	05-056-P02	ACU CRS MS5 - 05 - Folder 2, Correspondence and Legal Papers.pdf	56	tentative reading	[[if?]]	 [[little?]] [[fellows?]] that left Johnson Co. If he is devoted [[if?]] I could not tell you who he is for fear you might [[turn?]] [[my			
05-056-U004	05-056	05-056-P02	ACU CRS MS5 - 05 - Folder 2, Correspondence and Legal Papers.pdf	56	tentative reading	[[turn?]]	evoted [[if?]] I could not tell you who he is for fear you might [[turn?]] [[my?]] [[rival?]] he has been a school mate of mine for [[illeg			
05-056-U005	05-056	05-056-P02	ACU CRS MS5 - 05 - Folder 2, Correspondence and Legal Papers.pdf	56	tentative reading	[[my?]]	f?]] I could not tell you who he is for fear you might [[turn?]] [[my?]] [[rival?]] he has been a school mate of mine for [[illegible]] I			
05-056-U006	05-056	05-056-P02	ACU CRS MS5 - 05 - Folder 2, Correspondence and Legal Papers.pdf	56	tentative reading	[[rival?]]	ould not tell you who he is for fear you might [[turn?]] [[my?]] [[rival?]] he has been a school mate of mine for [[illegible]] I have not s			
05-056-U007	05-056	05-056-P02	ACU CRS MS5 - 05 - Folder 2, Correspondence and Legal Papers.pdf	56	unread writing	[[illegible]]	turn?]] [[my?]] [[rival?]] he has been a school mate of mine for [[illegible]] I have not seen him [[illegible]] I should wonder if he [[illegi			
05-056-U008	05-056	05-056-P02	ACU CRS MS5 - 05 - Folder 2, Correspondence and Legal Papers.pdf	56	unread writing	[[illegible]]	been a school mate of mine for [[illegible]] I have not seen him [[illegible]] I should wonder if he [[illegible]] but [[illegible]]			
05-056-U009	05-056	05-056-P02	ACU CRS MS5 - 05 - Folder 2, Correspondence and Legal Papers.pdf	56	unread writing	[[illegible]]	egible]] I have not seen him [[illegible]] I should wonder if he [[illegible]] but [[illegible]]			
05-056-U010	05-056	05-056-P02	ACU CRS MS5 - 05 - Folder 2, Correspondence and Legal Papers.pdf	56	unread writing	[[illegible]]	t seen him [[illegible]] I should wonder if he [[illegible]] but [[illegible]]			
05-056-U011	05-056	05-056-P03	ACU CRS MS5 - 05 - Folder 2, Correspondence and Legal Papers.pdf	56	unread writing	[[illegible]]	[[illegible]]			
05-056-U012	05-056	05-056-P04	ACU CRS MS5 - 05 - Folder 2, Correspondence and Legal Papers.pdf	56	unread writing	[[illegible]]	[[illegible]] on Sunday [[illegible]] this [[past?]] [[illegible]] if it is le			
05-056-U013	05-056	05-056-P04	ACU CRS MS5 - 05 - Folder 2, Correspondence and Legal Papers.pdf	56	unread writing	[[illegible]]	[[illegible]] on Sunday [[illegible]] this [[past?]] [[illegible]] if it is leap year [[illegible]] gi			
05-056-U014	05-056	05-056-P04	ACU CRS MS5 - 05 - Folder 2, Correspondence and Legal Papers.pdf	56	tentative reading	[[past?]]	[[illegible]] on Sunday [[illegible]] this [[past?]] [[illegible]] if it is leap year [[illegible]] given any of them			
05-056-U015	05-056	05-056-P04	ACU CRS MS5 - 05 - Folder 2, Correspondence and Legal Papers.pdf	56	unread writing	[[illegible]]	[[illegible]] on Sunday [[illegible]] this [[past?]] [[illegible]] if it is leap year [[illegible]] given any of them a [[illegible			
05-056-U016	05-056	05-056-P04	ACU CRS MS5 - 05 - Folder 2, Correspondence and Legal Papers.pdf	56	unread writing	[[illegible]]	ay [[illegible]] this [[past?]] [[illegible]] if it is leap year [[illegible]] given any of them a [[illegible]]			
05-056-U017	05-056	05-056-P04	ACU CRS MS5 - 05 - Folder 2, Correspondence and Legal Papers.pdf	56	unread writing	[[illegible]]	illegible]] if it is leap year [[illegible]] given any of them a [[illegible]]			
05-056-U018	05-056	05-056-P05	ACU CRS MS5 - 05 - Folder 2, Correspondence and Legal Papers.pdf	56	unread writing	[[illegible]]	But I must not keep your [[illegible]] longer. I shall have to close for the want of space and time. I 			
05-056-U019	05-056	05-056-P05	ACU CRS MS5 - 05 - Folder 2, Correspondence and Legal Papers.pdf	56	tentative reading	[[Evan?]]	lose for the want of space and time. I must to write a letter to [[Evan?]] to night. I know he will be anxious to hear from home. Please gi			
05-056-U020	05-056	05-056-P05	ACU CRS MS5 - 05 - Folder 2, Correspondence and Legal Papers.pdf	56	unread writing	[[illegible]]	ious to hear from home. Please give my love to Laura and also to [[illegible]] accept [[illegible]] / [[illegible]] [[Fannie?]]			
05-056-U021	05-056	05-056-P05	ACU CRS MS5 - 05 - Folder 2, Correspondence and Legal Papers.pdf	56	unread writing	[[illegible]]	e. Please give my love to Laura and also to [[illegible]] accept [[illegible]] / [[illegible]] [[Fannie?]]			
05-056-U022	05-056	05-056-P05	ACU CRS MS5 - 05 - Folder 2, Correspondence and Legal Papers.pdf	56	unread writing	[[illegible]]	 my love to Laura and also to [[illegible]] accept [[illegible]] / [[illegible]] [[Fannie?]]			
05-056-U023	05-056	05-056-P05	ACU CRS MS5 - 05 - Folder 2, Correspondence and Legal Papers.pdf	56	tentative reading	[[Fannie?]]	ura and also to [[illegible]] accept [[illegible]] / [[illegible]] [[Fannie?]]			
05-057-U001	05-057	05-057-P01	ACU CRS MS5 - 05 - Folder 2, Correspondence and Legal Papers.pdf	57	unread writing	[[illegible]]	xas / [[postmark]] WOODBURY APR 10 TEN. [[/postmark]] / [[postmark]] [[illegible]] [[/postmark]]			
05-058-U001	05-058	05-058-P04	ACU CRS MS5 - 05 - Folder 2, Correspondence and Legal Papers.pdf	58	unread writing	[[deleted: illegible]]	eave our banner / Till in honor I can come / Tell those traitors all [[deleted: illegible]] [[illegible]] / That their cruel words we know / In every battle kil			
05-058-U002	05-058	05-058-P04	ACU CRS MS5 - 05 - Folder 2, Correspondence and Legal Papers.pdf	58	unread writing	[[illegible]]	 honor I can come / Tell those traitors all [[deleted: illegible]] [[illegible]] / That their cruel words we know / In every battle kill the soldier / 			
05-059-U001	05-059	05-059-P04	ACU CRS MS5 - 05 - Folder 2, Correspondence and Legal Papers.pdf	59	unread writing	[[illegible]]	[[separate block: miscellaneous notes at foot of sheet]] / [[illegible]] [[1?]] bottle [[illegible]] / [[illegible]] Handsome [[illegible]]			
05-059-U002	05-059	05-059-P04	ACU CRS MS5 - 05 - Folder 2, Correspondence and Legal Papers.pdf	59	tentative reading	[[1?]]	rate block: miscellaneous notes at foot of sheet]] / [[illegible]] [[1?]] bottle [[illegible]] / [[illegible]] Handsome [[illegible]] / [[2?]]			
05-059-U003	05-059	05-059-P04	ACU CRS MS5 - 05 - Folder 2, Correspondence and Legal Papers.pdf	59	unread writing	[[illegible]]	scellaneous notes at foot of sheet]] / [[illegible]] [[1?]] bottle [[illegible]] / [[illegible]] Handsome [[illegible]] / [[2?]] lbs of flour / 25 Cts 			
05-059-U004	05-059	05-059-P04	ACU CRS MS5 - 05 - Folder 2, Correspondence and Legal Papers.pdf	59	unread writing	[[illegible]]	tes at foot of sheet]] / [[illegible]] [[1?]] bottle [[illegible]] / [[illegible]] Handsome [[illegible]] / [[2?]] lbs of flour / 25 Cts worth [[illegi			
05-059-U005	05-059	05-059-P04	ACU CRS MS5 - 05 - Folder 2, Correspondence and Legal Papers.pdf	59	unread writing	[[illegible]]	[[illegible]] [[1?]] bottle [[illegible]] / [[illegible]] Handsome [[illegible]] / [[2?]] lbs of flour / 25 Cts worth [[illegible]] / [[illegible]] [[s			
05-059-U006	05-059	05-059-P04	ACU CRS MS5 - 05 - Folder 2, Correspondence and Legal Papers.pdf	59	tentative reading	[[2?]]	[[1?]] bottle [[illegible]] / [[illegible]] Handsome [[illegible]] / [[2?]] lbs of flour / 25 Cts worth [[illegible]] / [[illegible]] [[salted?]			
05-059-U007	05-059	05-059-P04	ACU CRS MS5 - 05 - Folder 2, Correspondence and Legal Papers.pdf	59	unread writing	[[illegible]]	egible]] Handsome [[illegible]] / [[2?]] lbs of flour / 25 Cts worth [[illegible]] / [[illegible]] [[salted?]] / [[illegible]] loaf / [[illegible]] [[for			
05-059-U008	05-059	05-059-P04	ACU CRS MS5 - 05 - Folder 2, Correspondence and Legal Papers.pdf	59	unread writing	[[illegible]]	ome [[illegible]] / [[2?]] lbs of flour / 25 Cts worth [[illegible]] / [[illegible]] [[salted?]] / [[illegible]] loaf / [[illegible]] [[fork?]]			
05-059-U009	05-059	05-059-P04	ACU CRS MS5 - 05 - Folder 2, Correspondence and Legal Papers.pdf	59	tentative reading	[[salted?]]	e]] / [[2?]] lbs of flour / 25 Cts worth [[illegible]] / [[illegible]] [[salted?]] / [[illegible]] loaf / [[illegible]] [[fork?]]			
05-059-U010	05-059	05-059-P04	ACU CRS MS5 - 05 - Folder 2, Correspondence and Legal Papers.pdf	59	unread writing	[[illegible]]	bs of flour / 25 Cts worth [[illegible]] / [[illegible]] [[salted?]] / [[illegible]] loaf / [[illegible]] [[fork?]]			
05-059-U011	05-059	05-059-P04	ACU CRS MS5 - 05 - Folder 2, Correspondence and Legal Papers.pdf	59	unread writing	[[illegible]]	worth [[illegible]] / [[illegible]] [[salted?]] / [[illegible]] loaf / [[illegible]] [[fork?]]			
05-059-U012	05-059	05-059-P04	ACU CRS MS5 - 05 - Folder 2, Correspondence and Legal Papers.pdf	59	tentative reading	[[fork?]]	ble]] / [[illegible]] [[salted?]] / [[illegible]] loaf / [[illegible]] [[fork?]]			
05-059-U013	05-059	05-059-P05	ACU CRS MS5 - 05 - Folder 2, Correspondence and Legal Papers.pdf	59	unread writing	[[illegible]]	Light domestic [[illegible]] / [[illegible]] [[wine?]] [[illegible]] gloves / sugar & coffee [[il			
05-059-U014	05-059	05-059-P05	ACU CRS MS5 - 05 - Folder 2, Correspondence and Legal Papers.pdf	59	unread writing	[[illegible]]	Light domestic [[illegible]] / [[illegible]] [[wine?]] [[illegible]] gloves / sugar & coffee [[illegible]] bott			
05-059-U015	05-059	05-059-P05	ACU CRS MS5 - 05 - Folder 2, Correspondence and Legal Papers.pdf	59	tentative reading	[[wine?]]	Light domestic [[illegible]] / [[illegible]] [[wine?]] [[illegible]] gloves / sugar & coffee [[illegible]] bottle			
05-059-U016	05-059	05-059-P05	ACU CRS MS5 - 05 - Folder 2, Correspondence and Legal Papers.pdf	59	unread writing	[[illegible]]	Light domestic [[illegible]] / [[illegible]] [[wine?]] [[illegible]] gloves / sugar & coffee [[illegible]] bottle			
05-059-U017	05-059	05-059-P05	ACU CRS MS5 - 05 - Folder 2, Correspondence and Legal Papers.pdf	59	unread writing	[[illegible]]	le]] / [[illegible]] [[wine?]] [[illegible]] gloves / sugar & coffee [[illegible]] bottle			
05-064-U001	05-064	05-064-P02	ACU CRS MS5 - 05 - Folder 2, Correspondence and Legal Papers.pdf	64	tentative reading	[[flee?]]	air to sorrow mated / Spread their pall upon the soul and bid hope [[flee?]] [[door?]] / Clouds above—the darkness falling / Night’s deep’ning gl			
05-064-U002	05-064	05-064-P02	ACU CRS MS5 - 05 - Folder 2, Correspondence and Legal Papers.pdf	64	tentative reading	[[door?]]	row mated / Spread their pall upon the soul and bid hope [[flee?]] [[door?]] / Clouds above—the darkness falling / Night’s deep’ning gloom in mis			
05-066-U001	05-066	05-066-P02	ACU CRS MS5 - 05 - Folder 2, Correspondence and Legal Papers.pdf	66	tentative reading	[[Was as for lovers nice?]]	ed hours have long gone by— / The furtive glance—the pensive sigh— / [[Was as for lovers nice?]]. / Give me a strong and helping hand / While adverse clouds hang low			
05-071-U001	05-071	05-071-P01	ACU CRS MS5 - 05 - Folder 2, Correspondence and Legal Papers.pdf	71	tentative reading	[[West?]]	ents conceded / And they will shine brightly / From the hills of the [[West?]]			
05-071-U002	05-071	05-071-P04	ACU CRS MS5 - 05 - Folder 2, Correspondence and Legal Papers.pdf	71	unread writing	[[illegible]]	 hear the sweet musick / Of the birds in the wood / And we should be [[illegible]]			
05-071-U003	05-071	05-071-P05	ACU CRS MS5 - 05 - Folder 2, Correspondence and Legal Papers.pdf	71	tentative reading	[[out?]]	[[separate block: lower fragment]] / and cast a ray [[out?]]			
05-071-U004	05-071	05-071-P06	ACU CRS MS5 - 05 - Folder 2, Correspondence and Legal Papers.pdf	71	tentative reading	[[most high?]]	 nature seems working / With its bright golden pen / The hand of the [[most high?]] / And make them a gain			
05-072-U001	05-072	05-072-P01	ACU CRS MS5 - 05 - Folder 2, Correspondence and Legal Papers.pdf	72	tentative reading	[[covered?]]	fragment]] / The beauties of nature / As we now behold / The great art [[covered?]] / With flowers of gold			
05-072-U002	05-072	05-072-P02	ACU CRS MS5 - 05 - Folder 2, Correspondence and Legal Papers.pdf	72	tentative reading	[[decent?]]	ragment]] / With patience and with care / And they will assist us / In [[decent?]] and in fear			
05-072-U003	05-072	05-072-P04	ACU CRS MS5 - 05 - Folder 2, Correspondence and Legal Papers.pdf	72	tentative reading	[[domain?]]	[[separate block: lower fragment]] / Some of this broad [[domain?]] / Are rich and [[wide?]] / That our tallents were not improved / Thoug			
05-072-U004	05-072	05-072-P04	ACU CRS MS5 - 05 - Folder 2, Correspondence and Legal Papers.pdf	72	tentative reading	[[wide?]]	ck: lower fragment]] / Some of this broad [[domain?]] / Are rich and [[wide?]] / That our tallents were not improved / Though burdened with [[wealt			
05-072-U005	05-072	05-072-P04	ACU CRS MS5 - 05 - Folder 2, Correspondence and Legal Papers.pdf	72	tentative reading	[[wealthe?]]	wide?]] / That our tallents were not improved / Though burdened with [[wealthe?]]			
05-073-U001	05-073	05-073-P01	ACU CRS MS5 - 05 - Folder 2, Correspondence and Legal Papers.pdf	73	tentative reading	[[14?]]	[[separate block: receipt]] / Waxahachie, Texas, Oct [[14?]] 1874 / A. TRIPPET & SON Bought of / [[blank]] Bales Cotton, / [[illegi			
05-073-U002	05-073	05-073-P01	ACU CRS MS5 - 05 - Folder 2, Correspondence and Legal Papers.pdf	73	unread writing	[[illegible]]	 [[14?]] 1874 / A. TRIPPET & SON Bought of / [[blank]] Bales Cotton, / [[illegible]] lbs. at [[6½?]]			
05-073-U003	05-073	05-073-P01	ACU CRS MS5 - 05 - Folder 2, Correspondence and Legal Papers.pdf	73	tentative reading	[[6½?]]	ET & SON Bought of / [[blank]] Bales Cotton, / [[illegible]] lbs. at [[6½?]]			
05-073-U004	05-073	05-073-P02	ACU CRS MS5 - 05 - Folder 2, Correspondence and Legal Papers.pdf	73	tentative reading	[[26.75?]]	hing, 15 / On account, [[blank]] / Rent, [[blank]] / Cash to balance, $[[26.75?]]			
05-078-U001	05-078	05-078-P01	ACU CRS MS5 - 05 - Folder 2, Correspondence and Legal Papers.pdf	78	tentative reading	[[Of?]]	[[Of?]] all the thoughts enclosed in the language of Inspiration [[lost:			
05-078-U002	05-078	05-078-P01	ACU CRS MS5 - 05 - Folder 2, Correspondence and Legal Papers.pdf	78	loss	[[lost: left edge]]	[[Of?]] all the thoughts enclosed in the language of Inspiration [[lost: left edge]] its laws its precepts its promises what is there that conveys mo			
05-078-U003	05-078	05-078-P02	ACU CRS MS5 - 05 - Folder 2, Correspondence and Legal Papers.pdf	78	tentative reading	[[greatness?]]	"s of men there were none born greater than Jesus."" His goodness, [[greatness?]], his omnipotent power, we cannot doubt. We stand in awe as we co"			
05-078-U004	05-078	05-078-P02	ACU CRS MS5 - 05 - Folder 2, Correspondence and Legal Papers.pdf	78	loss	[[lost: torn edge]]	 by the sorrows and Suffering of our frail humanity: that Sympath[[lost: torn edge]]			
05-081-U001	05-081	05-081-P05	ACU CRS MS5 - 05 - Folder 2, Correspondence and Legal Papers.pdf	81	unread writing	[[deleted: illegible]]	Then let us all [[deleted: illegible]] earnestly strive to accomplish this so that we may make ourselve			
05-081-U002	05-081	05-081-P06	ACU CRS MS5 - 05 - Folder 2, Correspondence and Legal Papers.pdf	81	tentative reading	[[21?]]	Sarah E. Douglas / April [[21?]].			
05-082-U001	05-082	05-082-P01	ACU CRS MS5 - 05 - Folder 2, Correspondence and Legal Papers.pdf	82	unread writing	[[illegible: approximately 3 lines]]	[[illegible: approximately 3 lines]] / [[illegible]] there is [[illegible]] / the cultivation of a [[ille			
05-082-U002	05-082	05-082-P01	ACU CRS MS5 - 05 - Folder 2, Correspondence and Legal Papers.pdf	82	unread writing	[[illegible]]	[[illegible: approximately 3 lines]] / [[illegible]] there is [[illegible]] / the cultivation of a [[illegible]] / but I 			
05-082-U003	05-082	05-082-P01	ACU CRS MS5 - 05 - Folder 2, Correspondence and Legal Papers.pdf	82	unread writing	[[illegible]]	[[illegible: approximately 3 lines]] / [[illegible]] there is [[illegible]] / the cultivation of a [[illegible]] / but I beg [[leave?]] to diffe			
05-082-U004	05-082	05-082-P01	ACU CRS MS5 - 05 - Folder 2, Correspondence and Legal Papers.pdf	82	unread writing	[[illegible]]	ines]] / [[illegible]] there is [[illegible]] / the cultivation of a [[illegible]] / but I beg [[leave?]] to differ with them and / to say [[illegible]			
05-082-U005	05-082	05-082-P01	ACU CRS MS5 - 05 - Folder 2, Correspondence and Legal Papers.pdf	82	tentative reading	[[leave?]]	re is [[illegible]] / the cultivation of a [[illegible]] / but I beg [[leave?]] to differ with them and / to say [[illegible]] is [[deleted: illeg			
05-082-U006	05-082	05-082-P01	ACU CRS MS5 - 05 - Folder 2, Correspondence and Legal Papers.pdf	82	unread writing	[[illegible]]	[illegible]] / but I beg [[leave?]] to differ with them and / to say [[illegible]] is [[deleted: illegible]] little or something more / than a mere [			
05-082-U007	05-082	05-082-P01	ACU CRS MS5 - 05 - Folder 2, Correspondence and Legal Papers.pdf	82	unread writing	[[deleted: illegible]]	I beg [[leave?]] to differ with them and / to say [[illegible]] is [[deleted: illegible]] little or something more / than a mere [[illegible]] it has [[ille			
05-082-U008	05-082	05-082-P01	ACU CRS MS5 - 05 - Folder 2, Correspondence and Legal Papers.pdf	82	unread writing	[[illegible]]	] is [[deleted: illegible]] little or something more / than a mere [[illegible]] it has [[illegible]] / There is more wealth [[illegible]] in [[ill			
05-082-U009	05-082	05-082-P01	ACU CRS MS5 - 05 - Folder 2, Correspondence and Legal Papers.pdf	82	unread writing	[[illegible]]	ible]] little or something more / than a mere [[illegible]] it has [[illegible]] / There is more wealth [[illegible]] in [[illegible]] than / greater			
05-082-U010	05-082	05-082-P01	ACU CRS MS5 - 05 - Folder 2, Correspondence and Legal Papers.pdf	82	unread writing	[[illegible]]	n a mere [[illegible]] it has [[illegible]] / There is more wealth [[illegible]] in [[illegible]] than / greater wealth [[illegible]] virtue and tr			
05-082-U011	05-082	05-082-P01	ACU CRS MS5 - 05 - Folder 2, Correspondence and Legal Papers.pdf	82	unread writing	[[illegible]]	ble]] it has [[illegible]] / There is more wealth [[illegible]] in [[illegible]] than / greater wealth [[illegible]] virtue and truth / It is said th			
05-082-U012	05-082	05-082-P01	ACU CRS MS5 - 05 - Folder 2, Correspondence and Legal Papers.pdf	82	unread writing	[[illegible]]	s more wealth [[illegible]] in [[illegible]] than / greater wealth [[illegible]] virtue and truth / It is said that [[illegible]] selfishness is th			
05-082-U013	05-082	05-082-P01	ACU CRS MS5 - 05 - Folder 2, Correspondence and Legal Papers.pdf	82	unread writing	[[illegible]]	an / greater wealth [[illegible]] virtue and truth / It is said that [[illegible]] selfishness is the [[illegible]] / Friendship and love [[illegible			
05-082-U014	05-082	05-082-P01	ACU CRS MS5 - 05 - Folder 2, Correspondence and Legal Papers.pdf	82	unread writing	[[illegible]]	irtue and truth / It is said that [[illegible]] selfishness is the [[illegible]] / Friendship and love [[illegible]] these [[illegible]] / esteem and			
05-082-U015	05-082	05-082-P01	ACU CRS MS5 - 05 - Folder 2, Correspondence and Legal Papers.pdf	82	unread writing	[[illegible]]	illegible]] selfishness is the [[illegible]] / Friendship and love [[illegible]] these [[illegible]] / esteem and affection are the principal eleme			
05-082-U016	05-082	05-082-P01	ACU CRS MS5 - 05 - Folder 2, Correspondence and Legal Papers.pdf	82	unread writing	[[illegible]]	ess is the [[illegible]] / Friendship and love [[illegible]] these [[illegible]] / esteem and affection are the principal elements / [[illegible]] of			
05-082-U017	05-082	05-082-P01	ACU CRS MS5 - 05 - Folder 2, Correspondence and Legal Papers.pdf	82	unread writing	[[illegible]]	se [[illegible]] / esteem and affection are the principal elements / [[illegible]] of the [[illegible]] affection [[illegible]] / [[illegible]] has [			
05-082-U018	05-082	05-082-P01	ACU CRS MS5 - 05 - Folder 2, Correspondence and Legal Papers.pdf	82	unread writing	[[illegible]]	em and affection are the principal elements / [[illegible]] of the [[illegible]] affection [[illegible]] / [[illegible]] has [[illegible]] after [[			
05-082-U019	05-082	05-082-P01	ACU CRS MS5 - 05 - Folder 2, Correspondence and Legal Papers.pdf	82	unread writing	[[illegible]]	 principal elements / [[illegible]] of the [[illegible]] affection [[illegible]] / [[illegible]] has [[illegible]] after [[illegible]] / [[illegible]			
05-082-U020	05-082	05-082-P01	ACU CRS MS5 - 05 - Folder 2, Correspondence and Legal Papers.pdf	82	unread writing	[[illegible]]	ments / [[illegible]] of the [[illegible]] affection [[illegible]] / [[illegible]] has [[illegible]] after [[illegible]] / [[illegible]] emotions [[i			
05-082-U021	05-082	05-082-P01	ACU CRS MS5 - 05 - Folder 2, Correspondence and Legal Papers.pdf	82	unread writing	[[illegible]]	] of the [[illegible]] affection [[illegible]] / [[illegible]] has [[illegible]] after [[illegible]] / [[illegible]] emotions [[illegible]] / for all			
05-082-U022	05-082	05-082-P01	ACU CRS MS5 - 05 - Folder 2, Correspondence and Legal Papers.pdf	82	unread writing	[[illegible]]	]] affection [[illegible]] / [[illegible]] has [[illegible]] after [[illegible]] / [[illegible]] emotions [[illegible]] / for all these [[illegible]]			
05-082-U023	05-082	05-082-P01	ACU CRS MS5 - 05 - Folder 2, Correspondence and Legal Papers.pdf	82	unread writing	[[illegible]]	[illegible]] / [[illegible]] has [[illegible]] after [[illegible]] / [[illegible]] emotions [[illegible]] / for all these [[illegible]] a tear / Who ha			
05-082-U024	05-082	05-082-P01	ACU CRS MS5 - 05 - Folder 2, Correspondence and Legal Papers.pdf	82	unread writing	[[illegible]]	e]] has [[illegible]] after [[illegible]] / [[illegible]] emotions [[illegible]] / for all these [[illegible]] a tear / Who has not felt the sweet fe			
05-082-U025	05-082	05-082-P01	ACU CRS MS5 - 05 - Folder 2, Correspondence and Legal Papers.pdf	82	unread writing	[[illegible]]	[[illegible]] / [[illegible]] emotions [[illegible]] / for all these [[illegible]] a tear / Who has not felt the sweet feeling of Friendship / [[illegi			
05-082-U026	05-082	05-082-P01	ACU CRS MS5 - 05 - Folder 2, Correspondence and Legal Papers.pdf	82	unread writing	[[illegible]]	egible]] a tear / Who has not felt the sweet feeling of Friendship / [[illegible]] To any of the [[illegible]] / [[illegible]] will [[illegible]] / [[i			
05-082-U027	05-082	05-082-P01	ACU CRS MS5 - 05 - Folder 2, Correspondence and Legal Papers.pdf	82	unread writing	[[illegible]]	felt the sweet feeling of Friendship / [[illegible]] To any of the [[illegible]] / [[illegible]] will [[illegible]] / [[illegible]] kindly [[illegibl			
05-082-U028	05-082	05-082-P01	ACU CRS MS5 - 05 - Folder 2, Correspondence and Legal Papers.pdf	82	unread writing	[[illegible]]	 feeling of Friendship / [[illegible]] To any of the [[illegible]] / [[illegible]] will [[illegible]] / [[illegible]] kindly [[illegible]] / [[illegibl			
05-082-U029	05-082	05-082-P01	ACU CRS MS5 - 05 - Folder 2, Correspondence and Legal Papers.pdf	82	unread writing	[[illegible]]	hip / [[illegible]] To any of the [[illegible]] / [[illegible]] will [[illegible]] / [[illegible]] kindly [[illegible]] / [[illegible]] / Pure True Frien			
05-082-U030	05-082	05-082-P01	ACU CRS MS5 - 05 - Folder 2, Correspondence and Legal Papers.pdf	82	unread writing	[[illegible]]	e]] To any of the [[illegible]] / [[illegible]] will [[illegible]] / [[illegible]] kindly [[illegible]] / [[illegible]] / Pure True Friendship never di			
05-082-U031	05-082	05-082-P01	ACU CRS MS5 - 05 - Folder 2, Correspondence and Legal Papers.pdf	82	unread writing	[[illegible]]	llegible]] / [[illegible]] will [[illegible]] / [[illegible]] kindly [[illegible]] / [[illegible]] / Pure True Friendship never die / [[illegible]] about			
05-082-U032	05-082	05-082-P01	ACU CRS MS5 - 05 - Folder 2, Correspondence and Legal Papers.pdf	82	unread writing	[[illegible]]	llegible]] will [[illegible]] / [[illegible]] kindly [[illegible]] / [[illegible]] / Pure True Friendship never die / [[illegible]] about Friendship [[			
05-082-U033	05-082	05-082-P01	ACU CRS MS5 - 05 - Folder 2, Correspondence and Legal Papers.pdf	82	unread writing	[[illegible]]	indly [[illegible]] / [[illegible]] / Pure True Friendship never die / [[illegible]] about Friendship [[illegible]] / [[illegible]] Life’s bitter [[ill			
05-082-U034	05-082	05-082-P01	ACU CRS MS5 - 05 - Folder 2, Correspondence and Legal Papers.pdf	82	unread writing	[[illegible]]	]] / Pure True Friendship never die / [[illegible]] about Friendship [[illegible]] / [[illegible]] Life’s bitter [[illegible]] / [[deleted: illegible]]			
05-082-U035	05-082	05-082-P01	ACU CRS MS5 - 05 - Folder 2, Correspondence and Legal Papers.pdf	82	unread writing	[[illegible]]	riendship never die / [[illegible]] about Friendship [[illegible]] / [[illegible]] Life’s bitter [[illegible]] / [[deleted: illegible]] [[illegible]]			
05-082-U036	05-082	05-082-P01	ACU CRS MS5 - 05 - Folder 2, Correspondence and Legal Papers.pdf	82	unread writing	[[illegible]]	ble]] about Friendship [[illegible]] / [[illegible]] Life’s bitter [[illegible]] / [[deleted: illegible]] [[illegible]] / [[deleted: illegible]] [[il			
05-082-U037	05-082	05-082-P01	ACU CRS MS5 - 05 - Folder 2, Correspondence and Legal Papers.pdf	82	unread writing	[[deleted: illegible]]	iendship [[illegible]] / [[illegible]] Life’s bitter [[illegible]] / [[deleted: illegible]] [[illegible]] / [[deleted: illegible]] [[illegible]]			
05-082-U038	05-082	05-082-P01	ACU CRS MS5 - 05 - Folder 2, Correspondence and Legal Papers.pdf	82	unread writing	[[illegible]]	[[illegible]] Life’s bitter [[illegible]] / [[deleted: illegible]] [[illegible]] / [[deleted: illegible]] [[illegible]]			
05-082-U039	05-082	05-082-P01	ACU CRS MS5 - 05 - Folder 2, Correspondence and Legal Papers.pdf	82	unread writing	[[deleted: illegible]]	Life’s bitter [[illegible]] / [[deleted: illegible]] [[illegible]] / [[deleted: illegible]] [[illegible]]			
05-082-U040	05-082	05-082-P01	ACU CRS MS5 - 05 - Folder 2, Correspondence and Legal Papers.pdf	82	unread writing	[[illegible]]	le]] / [[deleted: illegible]] [[illegible]] / [[deleted: illegible]] [[illegible]]			
05-084-U001	05-084	05-084-P01	ACU CRS MS5 - 05 - Folder 2, Correspondence and Legal Papers.pdf	84	unread writing	[[inserted: illegible]]	t a short time only, and expect to meet again soon, but how much [[inserted: illegible]] sad it is to part with them when we know that we will meet them 			
05-085-U001	05-085	05-085-P01	ACU CRS MS5 - 05 - Folder 2, Correspondence and Legal Papers.pdf	85	unread writing	[[deleted: illegible]]	Emma Bell’s Composition / [[deleted: illegible]]			
05-085-U002	05-085	05-085-P02	ACU CRS MS5 - 05 - Folder 2, Correspondence and Legal Papers.pdf	85	unread writing	[[illegible]]	rth that we may meet where parting / is no more and where sickness [[illegible]] [[ever?]] / can [[illegible]]			
05-085-U003	05-085	05-085-P02	ACU CRS MS5 - 05 - Folder 2, Correspondence and Legal Papers.pdf	85	tentative reading	[[ever?]]	y meet where parting / is no more and where sickness [[illegible]] [[ever?]] / can [[illegible]]			
05-085-U004	05-085	05-085-P02	ACU CRS MS5 - 05 - Folder 2, Correspondence and Legal Papers.pdf	85	unread writing	[[illegible]]	arting / is no more and where sickness [[illegible]] [[ever?]] / can [[illegible]]			
05-098-U001	05-098	05-098-P01	ACU CRS MS5 - 05 - Folder 2, Correspondence and Legal Papers.pdf	98	unread writing	[[deleted: illegible]]	ot care about them acknowledging it [[inserted: before a clerk]] [[deleted: illegible]] your first suggested the acknowledgement, showing that			
05-099-U001	05-099	05-099-P01	ACU CRS MS5 - 05 - Folder 2, Correspondence and Legal Papers.pdf	99	tentative reading	[[lawing?]]	that all I desired was simply to do the [[lawing?]] and this was at the request of those whom I represent here, This			
05-099-U002	05-099	05-099-P01	ACU CRS MS5 - 05 - Folder 2, Correspondence and Legal Papers.pdf	99	unread writing	[[deleted: illegible]]	pressed it) and now if, in the bill that I have filed to sell it [[deleted: illegible]] he succeeds in getting most all of the parties on his side, he t			
05-100-U001	05-100	05-100-P01	ACU CRS MS5 - 05 - Folder 2, Correspondence and Legal Papers.pdf	100	unread writing	[[deleted: illegible]]	ng my character and standing [[inserted: at the Bar]], that I am [[deleted: illegible]] an honorable man &c, and have practiced law for twenty five year			
05-101-U001	05-101	05-101-P01	ACU CRS MS5 - 05 - Folder 2, Correspondence and Legal Papers.pdf	101	tentative reading	[[lawing?]]	that all I desired was simply to do the [[lawing?]] and this was at the request of those whom I represent here, This			
05-101-U002	05-101	05-101-P01	ACU CRS MS5 - 05 - Folder 2, Correspondence and Legal Papers.pdf	101	unread writing	[[deleted: illegible]]	pressed it) and now if, in the bill that I have filed to sell it [[deleted: illegible]] he succeeds in getting most all of the parties on his side, he t			
05-104-U001	05-104	05-104-P01	ACU CRS MS5 - 05 - Folder 2, Correspondence and Legal Papers.pdf	104	tentative reading	[[N?]]	and Aunt, / “but he did not say that about one of my clients, Mrs. [[N?]] last week who resides in West Tenn, Her son, down there had been			
05-105-U001	05-105	05-105-P01	ACU CRS MS5 - 05 - Folder 2, Correspondence and Legal Papers.pdf	105	unread writing	[[illegible]]	etton / Mrs Mary Douglas / or Cynthia Orr / Redoake / Texas / [[postmark]] [[illegible]]VILLE / FEB / 14 / TENN [[/postmark]]			
05-106-U001	05-106	05-106-P02	ACU CRS MS5 - 05 - Folder 2, Correspondence and Legal Papers.pdf	106	unread writing	[[illegible]]	T. Alexander / Mr Geo. Douglas / Ferris / Texas / Ellis Co. / [[postmark]] [[illegible]] [[/postmark]]			
05-109-U001	05-109	05-109-P02	ACU CRS MS5 - 05 - Folder 2, Correspondence and Legal Papers.pdf	109	unread writing	[[illegible]]	etton / Mrs Mary Douglas / or Cynthia Orr / Redoake / Texas / [[postmark]] [[illegible]]VILLE / FEB / 14 / TENN [[/postmark]]			
05-111-U001	05-111	05-111-P01	ACU CRS MS5 - 05 - Folder 2, Correspondence and Legal Papers.pdf	111	tentative reading	[[Cinty?]]	Feb 12th 1883 / My Sisters [[Cinty?]] & Mary – / I learn by accident that Mr. Lilard is seeking Buisness			
05-111-U002	05-111	05-111-P01	ACU CRS MS5 - 05 - Folder 2, Correspondence and Legal Papers.pdf	111	unread writing	[[deleted: illegible]]	 accident that Mr. Lilard is seeking Buisness that he is writing [[deleted: illegible]] to the supposed heirs [[deleted: illegible]] of Rebecca Alexande			
05-111-U003	05-111	05-111-P01	ACU CRS MS5 - 05 - Folder 2, Correspondence and Legal Papers.pdf	111	unread writing	[[deleted: illegible]]	 that he is writing [[deleted: illegible]] to the supposed heirs [[deleted: illegible]] of Rebecca Alexander I think he is too fast			
05-111-U004	05-111	05-111-P02	ACU CRS MS5 - 05 - Folder 2, Correspondence and Legal Papers.pdf	111	tentative reading	[[dictation?]]	e no will he will do any thing that is right in the premises. My [[dictation?]] is that I would not bring Suit now under the Circumstances till 			
05-112-U001	05-112	05-112-P01	ACU CRS MS5 - 05 - Folder 2, Correspondence and Legal Papers.pdf	112	unread writing	[[deleted: illegible]]	s working for big fees – of course you ought to kno what is best [[deleted: illegible]] for you to do in the case			
05-112-U002	05-112	05-112-P05	ACU CRS MS5 - 05 - Folder 2, Correspondence and Legal Papers.pdf	112	unread writing	[[illegible]]	Two common men working on [[illegible]] at a [[distance?]] / other Lawyers to save the case from			
05-112-U003	05-112	05-112-P05	ACU CRS MS5 - 05 - Folder 2, Correspondence and Legal Papers.pdf	112	tentative reading	[[distance?]]	Two common men working on [[illegible]] at a [[distance?]] / other Lawyers to save the case from			
05-114-U001	05-114	05-114-P01	ACU CRS MS5 - 05 - Folder 2, Correspondence and Legal Papers.pdf	114	unread writing	[[illegible]]	 B. F. Lillard Atty Murfreesboro Tenn – [[/margin]] / [[postmark]] [[illegible]] / 13 / TENN [[/postmark]]			
05-117-U001	05-117	05-117-P02	ACU CRS MS5 - 05 - Folder 2, Correspondence and Legal Papers.pdf	117	loss	[[lost: torn edge]]	te block: note]] / Murfreesboro Feb 14th /83 / Aunt / I write that you [[lost: torn edge]] know that I do not advise a Suit but only recommend Mr Lillard a			
05-119-U001	05-119	05-119-P01	ACU CRS MS5 - 05 - Folder 2, Correspondence and Legal Papers.pdf	119	tentative reading	[[11?]]	1870 / [[11?]] / Readyville Tenn Feb 20th / Mrs Sue Bell / My very Dear Cousin / I seat			
05-120-U001	05-120	05-120-P01	ACU CRS MS5 - 05 - Folder 2, Correspondence and Legal Papers.pdf	120	tentative reading	[[Divorces?]]	 spending a few days with us She tells us that She has had Three [[Divorces?]] but is as lively as a cricket And thinks She would like to marry			
05-120-U002	05-120	05-120-P01	ACU CRS MS5 - 05 - Folder 2, Correspondence and Legal Papers.pdf	120	tentative reading	[[Saboth?]]	t two weeks ago She died I suppose with old age I have not heard [[Saboth?]] any Thing in [[Bras?]] family lately I suppose they are all well			
05-120-U003	05-120	05-120-P01	ACU CRS MS5 - 05 - Folder 2, Correspondence and Legal Papers.pdf	120	tentative reading	[[Bras?]]	I suppose with old age I have not heard [[Saboth?]] any Thing in [[Bras?]] family lately I suppose they are all well or we would hear [[ill			
05-120-U004	05-120	05-120-P01	ACU CRS MS5 - 05 - Folder 2, Correspondence and Legal Papers.pdf	120	unread writing	[[illegible]]	as?]] family lately I suppose they are all well or we would hear [[illegible]]			
05-120-U005	05-120	05-120-P02	ACU CRS MS5 - 05 - Folder 2, Correspondence and Legal Papers.pdf	120	tentative reading	[[Mam?]]	t living children They are living on a rented place not far from [[Mam?]] Bras Tullison drinks up nearly all he makes And his family have 			
05-120-U006	05-120	05-120-P02	ACU CRS MS5 - 05 - Folder 2, Correspondence and Legal Papers.pdf	120	tentative reading	[[weed?]]	s up nearly all he makes And his family have a very hard road to [[weed?]] Smith Married a man name Popley he does not drink but is so lazy			
05-120-U007	05-120	05-120-P02	ACU CRS MS5 - 05 - Folder 2, Correspondence and Legal Papers.pdf	120	tentative reading	[[Temith?]]	ot drink but is so lazy he hardly makes a support for his family [[Temith?]] is very sickly She reminds of a bag of cotton with a string tied			
05-120-U008	05-120	05-120-P02	ACU CRS MS5 - 05 - Folder 2, Correspondence and Legal Papers.pdf	120	tentative reading	[[Darnum?]]	er is the looking and the smartest one of the family She married [[Darnum?]] [[Vaught?]] he was killed shortly after we came here in a drunke			
05-120-U009	05-120	05-120-P02	ACU CRS MS5 - 05 - Folder 2, Correspondence and Legal Papers.pdf	120	tentative reading	[[Vaught?]]	oking and the smartest one of the family She married [[Darnum?]] [[Vaught?]] he was killed shortly after we came here in a drunken spree Mari			
05-121-U001	05-121	05-121-P01	ACU CRS MS5 - 05 - Folder 2, Correspondence and Legal Papers.pdf	121	tentative reading	[[Shonce?]]	[[Shonce?]] married a widower with several small children I donot remember h			
05-121-U002	05-121	05-121-P01	ACU CRS MS5 - 05 - Folder 2, Correspondence and Legal Papers.pdf	121	tentative reading	[[Marion?]]	 and likely to remain so Joseph is married and lives in the city [[Marion?]] I will Tell you what Mr Akers Says about his [[Soninlaw?]] he Sa			
05-121-U003	05-121	05-121-P01	ACU CRS MS5 - 05 - Folder 2, Correspondence and Legal Papers.pdf	121	tentative reading	[[Soninlaw?]]	he city [[Marion?]] I will Tell you what Mr Akers Says about his [[Soninlaw?]] he Says The devil owed him a grudge and has paid him off in Soni			
05-121-U004	05-121	05-121-P01	ACU CRS MS5 - 05 - Folder 2, Correspondence and Legal Papers.pdf	121	tentative reading	[[Bam?]]	he devil owed him a grudge and has paid him off in Soninlaws The [[Bam?]] is the oldest looking woman you ever saw to her age Aunt Jane al			
05-121-U005	05-121	05-121-P01	ACU CRS MS5 - 05 - Folder 2, Correspondence and Legal Papers.pdf	121	tentative reading	[[Shawl?]]	The children are not going to School Mary and I were tending The [[Shawl?]] [[inserted: work]] ever since Christmas until I got Sick I would			
05-124-U001	05-124	05-124-P02	ACU CRS MS5 - 05 - Folder 2, Correspondence and Legal Papers.pdf	124	unread writing	[[deleted: illegible]]	[[deleted: illegible]] tell Tom and Laura that Dubly Beats Me, But I must say that on t			
05-124-U002	05-124	05-124-P02	ACU CRS MS5 - 05 - Folder 2, Correspondence and Legal Papers.pdf	124	tentative reading	[[Ma?]]	made his appearance Weighing ten pounds he is growing finely and [[Ma?]] has been up two weeks doing her work. I think that is enough to 			
05-127-U001	05-127	05-127-P02	ACU CRS MS5 - 05 - Folder 2, Correspondence and Legal Papers.pdf	127	unread writing	[[illegible]]	ing where she could, Andrew Turnbow has returned from Washington [[illegible]] made round trip in 3 weeks to a day [[Living?]] at same place sa			
05-127-U002	05-127	05-127-P02	ACU CRS MS5 - 05 - Folder 2, Correspondence and Legal Papers.pdf	127	tentative reading	[[Living?]]	rom Washington [[illegible]] made round trip in 3 weeks to a day [[Living?]] at same place says he will send if he stays thare I think you mi			
05-128-U001	05-128	05-128-P01	ACU CRS MS5 - 05 - Folder 2, Correspondence and Legal Papers.pdf	128	tentative reading	[[leave out?]]	uly. Now if that is the Best you can do I shall look for you and [[leave out?]]			
05-130-U001	05-130	05-130-P03	ACU CRS MS5 - 05 - Folder 2, Correspondence and Legal Papers.pdf	130	loss	[[lost: torn edge]]	Ellis this fall on a visit But when I was ready I was sick. then [[lost: torn edge]] My recovery Nancy was taken with Bordering on Congestion. previo			
05-130-U002	05-130	05-130-P03	ACU CRS MS5 - 05 - Folder 2, Correspondence and Legal Papers.pdf	130	loss	[[lost: torn edge]]	covery Nancy was taken with Bordering on Congestion. previous to [[lost: torn edge]] Eli had a spell of fever. Earl has [[lost: torn edge]]ough We ar			
05-130-U003	05-130	05-130-P03	ACU CRS MS5 - 05 - Folder 2, Correspondence and Legal Papers.pdf	130	loss	[[lost: torn edge]]	evious to [[lost: torn edge]] Eli had a spell of fever. Earl has [[lost: torn edge]]ough We are all up now			
05-130-U004	05-130	05-130-P04	ACU CRS MS5 - 05 - Folder 2, Correspondence and Legal Papers.pdf	130	unread writing	[[deleted: illegible]]	[[deleted: illegible]] Well My [[lost: torn edge]]rop amounted to one Bale [[lost: torn			
05-130-U005	05-130	05-130-P04	ACU CRS MS5 - 05 - Folder 2, Correspondence and Legal Papers.pdf	130	loss	[[lost: torn edge]]	[[deleted: illegible]] Well My [[lost: torn edge]]rop amounted to one Bale [[lost: torn edge]] 434 lbs which paid M			
05-130-U006	05-130	05-130-P04	ACU CRS MS5 - 05 - Folder 2, Correspondence and Legal Papers.pdf	130	loss	[[lost: torn edge]]	 illegible]] Well My [[lost: torn edge]]rop amounted to one Bale [[lost: torn edge]] 434 lbs which paid My debts [[lost: torn edge]] Left me one doll			
05-130-U007	05-130	05-130-P04	ACU CRS MS5 - 05 - Folder 2, Correspondence and Legal Papers.pdf	130	loss	[[lost: torn edge]]	nted to one Bale [[lost: torn edge]] 434 lbs which paid My debts [[lost: torn edge]] Left me one dollar, the sale and [[lost: torn edge]]ttlement pre			
05-130-U008	05-130	05-130-P04	ACU CRS MS5 - 05 - Folder 2, Correspondence and Legal Papers.pdf	130	loss	[[lost: torn edge]]	id My debts [[lost: torn edge]] Left me one dollar, the sale and [[lost: torn edge]]ttlement previous to sickness — [[lost: torn edge]] medicine & Dr			
05-130-U009	05-130	05-130-P04	ACU CRS MS5 - 05 - Folder 2, Correspondence and Legal Papers.pdf	130	loss	[[lost: torn edge]]	 the sale and [[lost: torn edge]]ttlement previous to sickness — [[lost: torn edge]] medicine & Dr Bill since Leaves Me about thirty dollars Behind, 			
05-131-U001	05-131	05-131-P02	ACU CRS MS5 - 05 - Folder 2, Correspondence and Legal Papers.pdf	131	loss	[[lost: torn edge]]	xt year or not. a couple of months will decide that. As I Cant Mo[[lost: torn edge]] from this Country I will Leave [[lost: torn edge]] to make your 			
05-131-U002	05-131	05-131-P02	ACU CRS MS5 - 05 - Folder 2, Correspondence and Legal Papers.pdf	131	loss	[[lost: torn edge]]	. As I Cant Mo[[lost: torn edge]] from this Country I will Leave [[lost: torn edge]] to make your figures In regard the Old Farm			
05-131-U003	05-131	05-131-P03	ACU CRS MS5 - 05 - Folder 2, Correspondence and Legal Papers.pdf	131	unread writing	[[illegible: approximately 3 words]]	The Overflow and sickness given Me [[illegible: approximately 3 words]] in the way of a living, and [[lost: torn edge]] a going to take 			
05-131-U004	05-131	05-131-P03	ACU CRS MS5 - 05 - Folder 2, Correspondence and Legal Papers.pdf	131	loss	[[lost: torn edge]]	[[illegible: approximately 3 words]] in the way of a living, and [[lost: torn edge]] a going to take some time to [[lost: torn edge]] a Start again, 			
05-131-U005	05-131	05-131-P03	ACU CRS MS5 - 05 - Folder 2, Correspondence and Legal Papers.pdf	131	loss	[[lost: torn edge]]	f a living, and [[lost: torn edge]] a going to take some time to [[lost: torn edge]] a Start again, there is a prospect of My moving to McCluers [[Ne			
05-131-U006	05-131	05-131-P03	ACU CRS MS5 - 05 - Folder 2, Correspondence and Legal Papers.pdf	131	tentative reading	[[Neibors?]]	ge]] a Start again, there is a prospect of My moving to McCluers [[Neibors?]] which will Cut Me Out of My present Stock of hoggs I could not m			
05-132-U001	05-132	05-132-P01	ACU CRS MS5 - 05 - Folder 2, Correspondence and Legal Papers.pdf	132	unread writing	[[deleted: illegible]]	d County the Title to be transfered about the 20th of this month [[deleted: illegible]] which is a good one, unless sold for taxes; If So the parties ag			
05-132-U002	05-132	05-132-P02	ACU CRS MS5 - 05 - Folder 2, Correspondence and Legal Papers.pdf	132	unread writing	[[deleted: illegible]]	above Costing Me My Noble Animal Billy Capshaw — doubt Mcdonalds [[deleted: illegible]] Selim Superior. Well that trade [[necessitated?]] more Sickness 			
05-132-U003	05-132	05-132-P02	ACU CRS MS5 - 05 - Folder 2, Correspondence and Legal Papers.pdf	132	tentative reading	[[necessitated?]]	Mcdonalds [[deleted: illegible]] Selim Superior. Well that trade [[necessitated?]] more Sickness throwed [[lost: torn edge]] Me lower down. Now [[l			
05-132-U004	05-132	05-132-P02	ACU CRS MS5 - 05 - Folder 2, Correspondence and Legal Papers.pdf	132	loss	[[lost: torn edge]]	uperior. Well that trade [[necessitated?]] more Sickness throwed [[lost: torn edge]] Me lower down. Now [[lost: torn edge]] is ride a mule, drive a m			
05-132-U005	05-132	05-132-P02	ACU CRS MS5 - 05 - Folder 2, Correspondence and Legal Papers.pdf	132	loss	[[lost: torn edge]]	?]] more Sickness throwed [[lost: torn edge]] Me lower down. Now [[lost: torn edge]] is ride a mule, drive a mule [[lost: torn edge]] up hire mule or			
05-132-U006	05-132	05-132-P02	ACU CRS MS5 - 05 - Folder 2, Correspondence and Legal Papers.pdf	132	loss	[[lost: torn edge]]	lower down. Now [[lost: torn edge]] is ride a mule, drive a mule [[lost: torn edge]] up hire mule or walk			
05-132-U007	05-132	05-132-P03	ACU CRS MS5 - 05 - Folder 2, Correspondence and Legal Papers.pdf	132	loss	[[lost: torn edge]]	[[lost: torn edge]]e Land traded for is the Lower East half of 640 Survey known as G			
05-133-U001	05-133	05-133-P01	ACU CRS MS5 - 05 - Folder 2, Correspondence and Legal Papers.pdf	133	loss	[[lost: torn edge]]	I Believe that I [[inserted: am]] due let[[lost: torn edge]] to all of you But I did not want to write while we were sick so 			
05-133-U002	05-133	05-133-P03	ACU CRS MS5 - 05 - Folder 2, Correspondence and Legal Papers.pdf	133	loss	[[lost: torn edge]]	It is almost impossible for me [[lost: torn edge]] Come this winter as I would ha[[lost: torn edge]] hire some pers			
05-133-U003	05-133	05-133-P03	ACU CRS MS5 - 05 - Folder 2, Correspondence and Legal Papers.pdf	133	loss	[[lost: torn edge]]	ossible for me [[lost: torn edge]] Come this winter as I would ha[[lost: torn edge]] hire some person to attend t[[lost: torn edge]] fattening hoggs 			
05-133-U004	05-133	05-133-P03	ACU CRS MS5 - 05 - Folder 2, Correspondence and Legal Papers.pdf	133	loss	[[lost: torn edge]]	ter as I would ha[[lost: torn edge]] hire some person to attend t[[lost: torn edge]] fattening hoggs & and Borrow [[lost: torn edge]] money to travel			
05-133-U005	05-133	05-133-P03	ACU CRS MS5 - 05 - Folder 2, Correspondence and Legal Papers.pdf	133	loss	[[lost: torn edge]]	rson to attend t[[lost: torn edge]] fattening hoggs & and Borrow [[lost: torn edge]] money to travel on			
05-135-U001	05-135	05-135-P03	ACU CRS MS5 - 05 - Folder 2, Correspondence and Legal Papers.pdf	135	obstruction	[[obscured: blot]]	George Douglas / Warren Douglas / Laura Robison / Geo. Stanford, Ellen [[obscured: blot]] Stanford. / R. C. Farrar. M. D. Farrar / W. E. Bell. Johnnie Bell. / H			
05-135-U002	05-135	05-135-P03	ACU CRS MS5 - 05 - Folder 2, Correspondence and Legal Papers.pdf	135	tentative reading	[[Thomas J. Robison?]]	rrar / W. E. Bell. Johnnie Bell. / H. Headrick    Sarah G. Headrick. / [[Thomas J. Robison?]] / [[inserted: H Douglas]]			
05-137-U001	05-137	05-137-P01	ACU CRS MS5 - 05 - Folder 2, Correspondence and Legal Papers.pdf	137	obstruction	[[obscured: overlying sheet]]	te block: exposed portion of underlying deed]] / Containing in all [[obscured: overlying sheet]] / To have and hold the same with all the rights title and appurten			
05-137-U002	05-137	05-137-P01	ACU CRS MS5 - 05 - Folder 2, Correspondence and Legal Papers.pdf	137	obstruction	[[obscured: overlying sheet]]	ing. / And we hereby warrant and defend the title to the Said land [[obscured: overlying sheet]]			
05-139-U001	05-139	05-139-P03	ACU CRS MS5 - 05 - Folder 2, Correspondence and Legal Papers.pdf	139	tentative reading	[[Samual A. Smith?]]	lock and [[blank]] minutes P. M. / J. R. Champion County Clerk. / By [[Samual A. Smith?]] Deputy. / Recorded January 4, 1894 / in Ellis County, / Record of Deed			
05-139-U002	05-139	05-139-P03	ACU CRS MS5 - 05 - Folder 2, Correspondence and Legal Papers.pdf	139	tentative reading	[[Samual A. Smith?]]	nty, / Record of Deeds / Book 46, Page 358. / J. R. Champion Clerk. / By [[Samual A. Smith?]] Deputy. / GEO. D. BARNARD & CO., ST. LOUIS. / $1.25			
05-141-U001	05-141	05-141-P02	ACU CRS MS5 - 05 - Folder 2, Correspondence and Legal Papers.pdf	141	unread writing	[[illegible]]	said Lizzie Douglas against us our heirs or assigns or any other [[illegible]] person whomsoever lawfully claiming or to claim the same, or any			
05-141-U002	05-141	05-141-P04	ACU CRS MS5 - 05 - Folder 2, Correspondence and Legal Papers.pdf	141	loss	[[lost: cropped signature edge]]	J A McDaniel / Emily J. Daniel / Ora J Duff. W. D. Duff / E L Winiford [[lost: cropped signature edge]]			
05-142-U001	05-142	05-142-P02	ACU CRS MS5 - 05 - Folder 2, Correspondence and Legal Papers.pdf	142	obstruction	[[obscured: overlying acknowledgment]]	ice of the Peace and Ex officio Notary Public Erath County Texas / [[obscured: overlying acknowledgment]] / [[deleted: Exofficio Notary Public / Erath Co Texas]]			
05-142-U002	05-142	05-142-P03	ACU CRS MS5 - 05 - Folder 2, Correspondence and Legal Papers.pdf	142	tentative reading	[[Ellis?]]	ate block: recording certificate]] / THE STATE OF TEXAS, / County of [[Ellis?]] / I, [[J. R. Champion?]] Clerk of the County Court of said County,			
05-142-U003	05-142	05-142-P03	ACU CRS MS5 - 05 - Folder 2, Correspondence and Legal Papers.pdf	142	tentative reading	[[J. R. Champion?]]	ording certificate]] / THE STATE OF TEXAS, / County of [[Ellis?]] / I, [[J. R. Champion?]] Clerk of the County Court of said County, do hereby certify that			
05-142-U004	05-142	05-142-P03	ACU CRS MS5 - 05 - Folder 2, Correspondence and Legal Papers.pdf	142	tentative reading	[[June 4?]]	t the above instrument of writing, dated on the [[blank]] day of [[June 4?]] 1891, with its Certificate of Authentication, was filed for reco			
05-142-U005	05-142	05-142-P03	ACU CRS MS5 - 05 - Folder 2, Correspondence and Legal Papers.pdf	142	tentative reading	[[4?]]	icate of Authentication, was filed for record in my office, this [[4?]] day of [[Jan.?]] A. D. 1894, at 12:30 o'clock P M., and duly rec			
05-142-U006	05-142	05-142-P03	ACU CRS MS5 - 05 - Folder 2, Correspondence and Legal Papers.pdf	142	tentative reading	[[Jan.?]]	ntication, was filed for record in my office, this [[4?]] day of [[Jan.?]] A. D. 1894, at 12:30 o'clock P M., and duly recorded the [[4?]] 			
05-142-U007	05-142	05-142-P03	ACU CRS MS5 - 05 - Folder 2, Correspondence and Legal Papers.pdf	142	tentative reading	[[4?]]	Jan.?]] A. D. 1894, at 12:30 o'clock P M., and duly recorded the [[4?]] day of [[January?]] A. D. 1894, at 3 o'clock P M., in the record			
05-142-U008	05-142	05-142-P03	ACU CRS MS5 - 05 - Folder 2, Correspondence and Legal Papers.pdf	142	tentative reading	[[January?]]	1894, at 12:30 o'clock P M., and duly recorded the [[4?]] day of [[January?]] A. D. 1894, at 3 o'clock P M., in the records of said County, in			
05-142-U009	05-142	05-142-P03	ACU CRS MS5 - 05 - Folder 2, Correspondence and Legal Papers.pdf	142	tentative reading	[[46?]]	 1894, at 3 o'clock P M., in the records of said County, in Vol. [[46?]] on Pages 358. / WITNESS my hand and the seal of the County Court o			
05-142-U010	05-142	05-142-P03	ACU CRS MS5 - 05 - Folder 2, Correspondence and Legal Papers.pdf	142	tentative reading	[[Waxahachie?]]	nd and the seal of the County Court of said County, at office in [[Waxahachie?]] the day and year last above written. / [[J. R. Champion?]] / Clerk C			
05-142-U011	05-142	05-142-P03	ACU CRS MS5 - 05 - Folder 2, Correspondence and Legal Papers.pdf	142	tentative reading	[[J. R. Champion?]]	t office in [[Waxahachie?]] the day and year last above written. / [[J. R. Champion?]] / Clerk County Court [[Ellis?]] County / By [[illegible]] Deputy.			
05-142-U012	05-142	05-142-P03	ACU CRS MS5 - 05 - Folder 2, Correspondence and Legal Papers.pdf	142	tentative reading	[[Ellis?]]	 year last above written. / [[J. R. Champion?]] / Clerk County Court [[Ellis?]] County / By [[illegible]] Deputy.			
05-142-U013	05-142	05-142-P03	ACU CRS MS5 - 05 - Folder 2, Correspondence and Legal Papers.pdf	142	unread writing	[[illegible]]	ten. / [[J. R. Champion?]] / Clerk County Court [[Ellis?]] County / By [[illegible]] Deputy.			
05-146-U001	05-146	05-146-P01	ACU CRS MS5 - 05 - Folder 2, Correspondence and Legal Papers.pdf	146	loss	[[lost: cropped top]]	[[separate block: repeated portion of preceding scan]] / [[lost: cropped top]] 18 varas an Elm 6 inch in dia brs S 67° W 20 varas Thence S 60° 			
05-146-U002	05-146	05-146-P02	ACU CRS MS5 - 05 - Folder 2, Correspondence and Legal Papers.pdf	146	tentative reading	[[H. D. Winniford?]]	ny part thereof Witness our hands this October the 13th A D 1890 / [[H. D. Winniford?]] / Walter Roper / Mary Roper / Alice E [[McCrary?]] / [[illegible: signat			
05-146-U003	05-146	05-146-P02	ACU CRS MS5 - 05 - Folder 2, Correspondence and Legal Papers.pdf	146	tentative reading	[[McCrary?]]	th A D 1890 / [[H. D. Winniford?]] / Walter Roper / Mary Roper / Alice E [[McCrary?]] / [[illegible: signatures in shadow]]			
05-146-U004	05-146	05-146-P02	ACU CRS MS5 - 05 - Folder 2, Correspondence and Legal Papers.pdf	146	unread writing	[[illegible: signatures in shadow]]	[H. D. Winniford?]] / Walter Roper / Mary Roper / Alice E [[McCrary?]] / [[illegible: signatures in shadow]]			
05-146-U005	05-146	05-146-P03	ACU CRS MS5 - 05 - Folder 2, Correspondence and Legal Papers.pdf	146	loss	[[lost: cropped beginning]]	[[separate block: partial acknowledgment]] / [[lost: cropped beginning]] / to be the person whose name is subscribed to the foregoing instr			
05-146-U006	05-146	05-146-P03	ACU CRS MS5 - 05 - Folder 2, Correspondence and Legal Papers.pdf	146	tentative reading	[[2nd?]]	n therein expressed. / Given under my hand and seal of office this [[2nd?]] day of [[illegible]] A. D. 1891. / A. O. Walker / Clerk County Court			
05-146-U007	05-146	05-146-P03	ACU CRS MS5 - 05 - Folder 2, Correspondence and Legal Papers.pdf	146	unread writing	[[illegible]]	sed. / Given under my hand and seal of office this [[2nd?]] day of [[illegible]] A. D. 1891. / A. O. Walker / Clerk County Court Navarro County, Tex.			
05-146-U008	05-146	05-146-P04	ACU CRS MS5 - 05 - Folder 2, Correspondence and Legal Papers.pdf	146	unread writing	[[illegible: remainder in shadow and cropped]]	d. And the said Mary Roper wife of the said Walter Roper, having [[illegible: remainder in shadow and cropped]]			
05-147-U001	05-147	05-147-P01	ACU CRS MS5 - 05 - Folder 2, Correspondence and Legal Papers.pdf	147	loss	[[lost: cropped beginning]]	[[separate block: upper acknowledgment fragment]] / [[lost: cropped beginning]] / to be the person whose name is subscribed to the foregoing instr			
05-147-U002	05-147	05-147-P04	ACU CRS MS5 - 05 - Folder 2, Correspondence and Legal Papers.pdf	147	obstruction	[[obscured: overlying sheet]]	[[separate block: exposed underlying acknowledgment]] / [[obscured: overlying sheet]] of the Said E L Winniford having been Examined by me privily and			
05-147-U003	05-147	05-147-P04	ACU CRS MS5 - 05 - Folder 2, Correspondence and Legal Papers.pdf	147	unread writing	[[deleted: illegible]]	ument to me to be her act and deed and She declared that she had [[deleted: illegible]] willingly Signed the Same for the purpose and Consideration ther			
05-147-U004	05-147	05-147-P04	ACU CRS MS5 - 05 - Folder 2, Correspondence and Legal Papers.pdf	147	loss	[[lost: cropped bottom]]	ned the Same for the purpose and Consideration therein Expressed [[lost: cropped bottom]]			
05-148-U001	05-148	05-148-P03	ACU CRS MS5 - 05 - Folder 2, Correspondence and Legal Papers.pdf	148	obstruction	[[obscured: overlying sheet]]	[[separate block: exposed underlying acknowledgment]] / [[obscured: overlying sheet]] of the Said E L Winniford having been Examined by me privily and			
05-148-U002	05-148	05-148-P03	ACU CRS MS5 - 05 - Folder 2, Correspondence and Legal Papers.pdf	148	unread writing	[[deleted: illegible]]	ument to me to be her act and deed and She declared that she had [[deleted: illegible]] willingly Signed the Same for the purpose and Consideration ther			
05-148-U003	05-148	05-148-P03	ACU CRS MS5 - 05 - Folder 2, Correspondence and Legal Papers.pdf	148	unread writing	[[illegible: shadow]]	ssed and that She did not wish to retract it / Given under my hand [[illegible: shadow]] / Day of April A D 1891 [[lost: cropped bottom]]			
05-148-U004	05-148	05-148-P03	ACU CRS MS5 - 05 - Folder 2, Correspondence and Legal Papers.pdf	148	loss	[[lost: cropped bottom]]	 / Given under my hand [[illegible: shadow]] / Day of April A D 1891 [[lost: cropped bottom]]			
05-149-U001	05-149	05-149-P02	ACU CRS MS5 - 05 - Folder 2, Correspondence and Legal Papers.pdf	149	tentative reading	[[Raept Sudris?]]	Before me [[Raept Sudris?]] a notary Public for Said Territory and County on this day person			
05-149-U002	05-149	05-149-P02	ACU CRS MS5 - 05 - Folder 2, Correspondence and Legal Papers.pdf	149	unread writing	[[deleted: illegible]]	ument to me to be her act and deed and She declared that she had [[deleted: illegible]] willingly Signed the Same for the purpose and Consideration ther			
05-149-U003	05-149	05-149-P03	ACU CRS MS5 - 05 - Folder 2, Correspondence and Legal Papers.pdf	149	tentative reading	[[Raept Sudris?]]	Given under my hand and Seal this Fourth Day of April A D 1891 / [[Raept Sudris?]] / Notary Public / Commission Expires / [[1-1-91?]]			
05-149-U004	05-149	05-149-P03	ACU CRS MS5 - 05 - Folder 2, Correspondence and Legal Papers.pdf	149	tentative reading	[[1-1-91?]]	pril A D 1891 / [[Raept Sudris?]] / Notary Public / Commission Expires / [[1-1-91?]]			
05-151-U001	05-151	05-151-P02	ACU CRS MS5 - 05 - Folder 2, Correspondence and Legal Papers.pdf	151	tentative reading	[[73.00?]]	 265.00 / 20 head of cattle worth | 120.00 / 14 head of hogs worth | [[73.00?]] / 20 Bee Hives worth | 40.00 / 2 pr Trace chains worth | 1.80 / 1 Plow			
05-153-U001	05-153	05-153-P02	ACU CRS MS5 - 05 - Folder 2, Correspondence and Legal Papers.pdf	153	unread writing	[[deleted: illegible]]	[[deleted: illegible]] 640 acres of land, a part of the A. J. Porter 1280 acre survey, 			
05-153-U002	05-153	05-153-P02	ACU CRS MS5 - 05 - Folder 2, Correspondence and Legal Papers.pdf	153	tentative reading	[[73.00?]]	tle | ” 120.00 / [[deleted: 13]] [[inserted: 14]] head of hogs | ” [[73.00?]] / 1 Log chain | .80 / 1 Plow | 4.00 / 2 Sets trace chains | 1.80 / 1 Gru			
05-154-U001	05-154	05-154-P04	ACU CRS MS5 - 05 - Folder 2, Correspondence and Legal Papers.pdf	154	tentative reading	[[Jerry Towers?]]	y of Jany 1887 / Jno. T. Odom / Clerk Dist Court Johnson Co Texas / By [[Jerry Towers?]] / Deputy			
05-155-U001	05-155	05-155-P03	ACU CRS MS5 - 05 - Folder 2, Correspondence and Legal Papers.pdf	155	tentative reading	[[Jennie L. Clink?]]	bove written. / T F Thompson / Clerk County Court, Ellis Co., Texas. / [[Jennie L. Clink?]] Deputy.			
05-155-U002	05-155	05-155-P04	ACU CRS MS5 - 05 - Folder 2, Correspondence and Legal Papers.pdf	155	tentative reading	[[A. Lasswell?]]	o'clock A M. / T F Thompson / Clerk County Court, Ellis Co. Texas / By [[A. Lasswell?]] Deputy. / 92 p 576 / 1.00 / .15			
05-157-U001	05-157	05-157-P04	ACU CRS MS5 - 05 - Folder 2, Correspondence and Legal Papers.pdf	157	tentative reading	[[Mills?]]	. M. Phillips / Clerk District Court Ellis County Texas. / Per H. E. [[Mills?]] Deputy.			
05-158-U001	05-158	05-158-P01	ACU CRS MS5 - 05 - Folder 2, Correspondence and Legal Papers.pdf	158	tentative reading	[[County of Ellis?]]	State of Texas / [[County of Ellis?]]			
05-158-U002	05-158	05-158-P02	ACU CRS MS5 - 05 - Folder 2, Correspondence and Legal Papers.pdf	158	tentative reading	[[N. 33. E.?]]	J. Porter. Beginning at a stake from which an Elm 15 in. dia brs [[N. 33. E.?]] 23 vs. another 6 in dia brs N. 62. W. 68 vs.			
06-002-U001	06-002	06-002-P01	ACU CRS MS5 - 06 - Folder 3, Correspondence and Legal Papers.pdf	2	unread writing	[[deleted: illegible]]	of Record / Sale of Land, Deed / to Lizzie / Douglas / by George Douglas / [[deleted: illegible]] / April 1, 1887			
06-008-U001	06-008	06-008-P01	ACU CRS MS5 - 06 - Folder 3, Correspondence and Legal Papers.pdf	8	unread writing	[[deleted: illegible]]	 who are Personally Known to me and acknowledged to me that They [[deleted: illegible]] Signed said instrument for the purposes and Consideration therei			
06-008-U002	06-008	06-008-P02	ACU CRS MS5 - 06 - Folder 3, Correspondence and Legal Papers.pdf	8	unread writing	[[deleted: illegible]]	rd Et al / 3rd deed / TO / Lizzie Douglas / Filed for Record this the 28 [[deleted: illegible]] day of May A. D. 1896 at 11:30 o'clock A M / T. F. Thompson County			
06-008-U003	06-008	06-008-P02	ACU CRS MS5 - 06 - Folder 3, Correspondence and Legal Papers.pdf	8	tentative reading	[[91?]]	 / Recorded May 29 A. D. 1896 in Ellis County Record of Deeds Book [[91?]] Page 574 / T. F. Thompson County Clerk / By A Lasswell Deputy. / Recor			
06-008-U004	06-008	06-008-P02	ACU CRS MS5 - 06 - Folder 3, Correspondence and Legal Papers.pdf	8	tentative reading	[[2.75?]]	. F. Thompson County Clerk / By A Lasswell Deputy. / Recording Fee, $[[2.75?]] / This Deed Should be Immediately Filed with the County Clerk for 			
06-011-U001	06-011	06-011-P04	ACU CRS MS5 - 06 - Folder 3, Correspondence and Legal Papers.pdf	11	tentative reading	[[Maude S Parks?]]	ten. / T. F. Thompson Clerk, / County Court, Ellis County, Texas. / By [[Maude S Parks?]] Deputy.			
06-015-U001	06-015	06-015-P01	ACU CRS MS5 - 06 - Folder 3, Correspondence and Legal Papers.pdf	15	tentative reading	[[26000?]]	Wright family The Jacob Wright Estate is said to be worth about $[[26000?]] and my own opinion is the heirs ought to have it as Cousin Andy 			
06-018-U001	06-018	06-018-P01	ACU CRS MS5 - 06 - Folder 3, Correspondence and Legal Papers.pdf	18	tentative reading	[[one or?]]	 weather this winter we hardly ever [[inserted: have]] more than [[one or?]] good days at a time The farmers are getting discouraged about no			
06-018-U002	06-018	06-018-P01	ACU CRS MS5 - 06 - Folder 3, Correspondence and Legal Papers.pdf	18	tentative reading	[[Cousin S he?]]	 as I am always so glad to get a letter from you Adele says tell [[Cousin S he?]] will write to her before long when She gets well of the whooping			
06-021-U001	06-021	06-021-P02	ACU CRS MS5 - 06 - Folder 3, Correspondence and Legal Papers.pdf	21	unread writing	[[deleted: illegible]]	school and seems to love his books very much. Joanna has had her [[deleted: illegible]] flower garden made. She Seems to take great pleasure in helping 			
06-022-U001	06-022	06-022-P01	ACU CRS MS5 - 06 - Folder 3, Correspondence and Legal Papers.pdf	22	tentative reading	[[Maybey?]]	y and receive a portion of it your self. write soon. / Yours Truly / [[Maybey?]] / Jetton			
06-025-U001	06-025	06-025-P01	ACU CRS MS5 - 06 - Folder 3, Correspondence and Legal Papers.pdf	25	unread writing	[[deleted: illegible]]	or the last five years. Marybee went to Readyville last week and [[deleted: illegible]] her picture taken to send to [[obscured: smudge]] you She was go			
06-025-U002	06-025	06-025-P01	ACU CRS MS5 - 06 - Folder 3, Correspondence and Legal Papers.pdf	25	obstruction	[[obscured: smudge]]	ast week and [[deleted: illegible]] her picture taken to send to [[obscured: smudge]] you She was going to write to you this evening but some of her b			
06-028-U001	06-028	06-028-P01	ACU CRS MS5 - 06 - Folder 3, Correspondence and Legal Papers.pdf	28	unread writing	[[illegible]]	 he has two Beautiful Boys Russell and Eugene Broth Tommie has 2 [[illegible]] and little N L Broth Bobbie is with Broth French in the Drug sto			
06-029-U001	06-029	06-029-P01	ACU CRS MS5 - 06 - Folder 3, Correspondence and Legal Papers.pdf	29	tentative reading	[[Broth?]]	my letter give a great deal of love to him and Uncle and to your [[Broth?]] Sisters and Brothers also Aunt Cynthias family wishing my [[ille			
06-029-U002	06-029	06-029-P01	ACU CRS MS5 - 06 - Folder 3, Correspondence and Legal Papers.pdf	29	unread writing	[[illegible]]	oth?]] Sisters and Brothers also Aunt Cynthias family wishing my [[illegible]] to Your Unknown but loving Cousin / Fannie			
06-031-U001	06-031	06-031-P02	ACU CRS MS5 - 06 - Folder 3, Correspondence and Legal Papers.pdf	31	unread writing	[[deleted: illegible]]	 Bone make jewely of you (not jewly but a jewel) / I reckon during [[deleted: illegible]] [[inserted: the]] last war Mr. Rouse didn't notice any thing of 			
06-031-U002	06-031	06-031-P03	ACU CRS MS5 - 06 - Folder 3, Correspondence and Legal Papers.pdf	31	unread writing	[[deleted: illegible]]	n as near as I have it. I didn't receive any Valentine and being [[deleted: illegible]] among strangers of course I didnt expect any You said it was pro			
06-031-U003	06-031	06-031-P03	ACU CRS MS5 - 06 - Folder 3, Correspondence and Legal Papers.pdf	31	unread writing	[[illegible: approximately 1 line]]	 are more frequent than letters I dream of seeing my friends and [[illegible: approximately 1 line]] I enjoy my self with them for the time being / I wrote to Sue Robe			
06-031-U004	06-031	06-031-P04	ACU CRS MS5 - 06 - Folder 3, Correspondence and Legal Papers.pdf	31	unread writing	[[illegible]]	 for extending my letter to so great length I hope you will soon [[illegible]] / [[/margin]] / [[margin]] / I expected to write to [[illegible]] as s			
06-031-U005	06-031	06-031-P04	ACU CRS MS5 - 06 - Folder 3, Correspondence and Legal Papers.pdf	31	unread writing	[[illegible]]	soon [[illegible]] / [[/margin]] / [[margin]] / I expected to write to [[illegible]] as soon I got an answer to that letter / [[/margin]]			
06-032-U001	06-032	06-032-P01	ACU CRS MS5 - 06 - Folder 3, Correspondence and Legal Papers.pdf	32	unread writing	[[illegible: along fold]]	I think it was [[inserted: caused from]] getting wet the weather [[illegible: along fold]] has been quite a wet one I believe it has rained most nearly eve			
06-032-U002	06-032	06-032-P02	ACU CRS MS5 - 06 - Folder 3, Correspondence and Legal Papers.pdf	32	unread writing	[[illegible]]	ud Davy about Parson Bone sending Jewels of his students he says [[illegible]] / [[/margin]] / [[margin]] / [[illegible]] and is very cheap but I sel			
06-032-U003	06-032	06-032-P02	ACU CRS MS5 - 06 - Folder 3, Correspondence and Legal Papers.pdf	32	unread writing	[[illegible]]	els of his students he says [[illegible]] / [[/margin]] / [[margin]] / [[illegible]] and is very cheap but I seldom [[have?]] dealings so largely in 			
06-032-U004	06-032	06-032-P02	ACU CRS MS5 - 06 - Folder 3, Correspondence and Legal Papers.pdf	32	tentative reading	[[have?]]	margin]] / [[margin]] / [[illegible]] and is very cheap but I seldom [[have?]] dealings so largely in [[sarcasms?]] in [[illegible]] / [[/margin]			
06-032-U005	06-032	06-032-P02	ACU CRS MS5 - 06 - Folder 3, Correspondence and Legal Papers.pdf	32	tentative reading	[[sarcasms?]]	 and is very cheap but I seldom [[have?]] dealings so largely in [[sarcasms?]] in [[illegible]] / [[/margin]] / [[margin]] / in want of a breast pin 			
06-032-U006	06-032	06-032-P02	ACU CRS MS5 - 06 - Folder 3, Correspondence and Legal Papers.pdf	32	unread writing	[[illegible]]	p but I seldom [[have?]] dealings so largely in [[sarcasms?]] in [[illegible]] / [[/margin]] / [[margin]] / in want of a breast pin and watch if it i			
06-032-U007	06-032	06-032-P02	ACU CRS MS5 - 06 - Folder 3, Correspondence and Legal Papers.pdf	32	unread writing	[[illegible]]	 / [[margin]] / in want of a breast pin and watch if it is very fine [[illegible]] / [[/margin]]			
06-035-U001	06-035	06-035-P01	ACU CRS MS5 - 06 - Folder 3, Correspondence and Legal Papers.pdf	35	obstruction	[[obscured: ink blot]]	Lizzie I am all fixed up for riding now [[obscured: ink blot]] excepting a new riding habit I have a new saddle and new gloves 			
06-035-U002	06-035	06-035-P01	ACU CRS MS5 - 06 - Folder 3, Correspondence and Legal Papers.pdf	35	tentative reading	[[time?]]	but few places to go to and no one to go with during the working [[time?]] besides I have a good deal of work to do / Bud D is in a hurry so 			
06-037-U001	06-037	06-037-P02	ACU CRS MS5 - 06 - Folder 3, Correspondence and Legal Papers.pdf	37	tentative reading	[[Orr?]]	you see her my kindest regards your father and Mother also to Mr [[Orr?]] [[illegible: approximately 1 line]] / [[/margin]] / [[margin]] / can h			
06-037-U002	06-037	06-037-P02	ACU CRS MS5 - 06 - Folder 3, Correspondence and Legal Papers.pdf	37	unread writing	[[illegible: approximately 1 line]]	er my kindest regards your father and Mother also to Mr [[Orr?]] [[illegible: approximately 1 line]] / [[/margin]] / [[margin]] / can hear from each other oftener and with			
06-038-U001	06-038	06-038-P01	ACU CRS MS5 - 06 - Folder 3, Correspondence and Legal Papers.pdf	38	unread writing	[[deleted: illegible]]	and Grand Ma living here alone She has only one other Son and he [[deleted: illegible]] is living about fifteen miles from here with a large family to s			
06-038-U002	06-038	06-038-P02	ACU CRS MS5 - 06 - Folder 3, Correspondence and Legal Papers.pdf	38	unread writing	[[illegible]]	n]] / The name of our present home is Mosshead or Button wood hall [[illegible]] / [[/margin]] / [[margin]] / [[illegible]] very pretty so you say you 			
06-038-U003	06-038	06-038-P02	ACU CRS MS5 - 06 - Folder 3, Correspondence and Legal Papers.pdf	38	unread writing	[[illegible]]	osshead or Button wood hall [[illegible]] / [[/margin]] / [[margin]] / [[illegible]] very pretty so you say you know it but I must become [[illegible			
06-038-U004	06-038	06-038-P02	ACU CRS MS5 - 06 - Folder 3, Correspondence and Legal Papers.pdf	38	unread writing	[[illegible]]	illegible]] very pretty so you say you know it but I must become [[illegible]] it / [[/margin]] / [[margin]] / Tell Mollie to write to me oftener my 			
06-038-U005	06-038	06-038-P02	ACU CRS MS5 - 06 - Folder 3, Correspondence and Legal Papers.pdf	38	unread writing	[[illegible: approximately 1 line]]	n]] / Tell Mollie to write to me oftener my kindest regards to all [[illegible: approximately 1 line]] / [[/margin]]			
06-040-U001	06-040	06-040-P01	ACU CRS MS5 - 06 - Folder 3, Correspondence and Legal Papers.pdf	40	obstruction	[[obscured: ink blot]]	pt 15th 1868 / My dear Lizzie / After so long, long a silence I will [[obscured: ink blot]] now endeavor to converse a little with you through the medium of			
06-040-U002	06-040	06-040-P01	ACU CRS MS5 - 06 - Folder 3, Correspondence and Legal Papers.pdf	40	unread writing	[[illegible]]	o write any thing so that you can understand it As I hardly know [[illegible]] what first I will begin			
06-041-U001	06-041	06-041-P01	ACU CRS MS5 - 06 - Folder 3, Correspondence and Legal Papers.pdf	41	tentative reading	[[M. W.?]]	pses at one sight all to be laid in one family grave yard Cousin [[M. W.?]] and her little infant were laid in one coffin and Mrs. G's littl			
06-041-U002	06-041	06-041-P01	ACU CRS MS5 - 06 - Folder 3, Correspondence and Legal Papers.pdf	41	unread writing	[[deleted: illegible]]	ttle ones had never known sin Cousin M. left [[inserted: eight]] [[deleted: illegible]] children—[[two?]] grown live			
06-041-U003	06-041	06-041-P01	ACU CRS MS5 - 06 - Folder 3, Correspondence and Legal Papers.pdf	41	tentative reading	[[two?]]	usin M. left [[inserted: eight]] [[deleted: illegible]] children—[[two?]] grown live			
06-042-U001	06-042	06-042-P01	ACU CRS MS5 - 06 - Folder 3, Correspondence and Legal Papers.pdf	42	tentative reading	[[conceals?]]	te to know if she mentioned him in her last hours But her energy [[conceals?]] [[illegible]] she neither spoke of death or of her children but 			
06-042-U002	06-042	06-042-P01	ACU CRS MS5 - 06 - Folder 3, Correspondence and Legal Papers.pdf	42	unread writing	[[illegible]]	she mentioned him in her last hours But her energy [[conceals?]] [[illegible]] she neither spoke of death or of her children but she left them 			
06-042-U003	06-042	06-042-P01	ACU CRS MS5 - 06 - Folder 3, Correspondence and Legal Papers.pdf	42	unread writing	[[illegible]]	ildren but she left them an example though short was her morning [[illegible]] if we can judge; she was prepared. / I will now tell you something			
06-043-U001	06-043	06-043-P01	ACU CRS MS5 - 06 - Folder 3, Correspondence and Legal Papers.pdf	43	unread writing	[[deleted: illegible]]	ssist each other all we can Mr. C's class (of girls) is about as [[deleted: illegible]] far advanced as ours is we are trying to get up a spirit of riva			
06-043-U002	06-043	06-043-P02	ACU CRS MS5 - 06 - Folder 3, Correspondence and Legal Papers.pdf	43	unread writing	[[deleted: illegible]]	[[margin]] / our next lesson is the Israelites at the Red Sea we [[deleted: illegible]] wish to / [[/margin]]			
06-045-U001	06-045	06-045-P01	ACU CRS MS5 - 06 - Folder 3, Correspondence and Legal Papers.pdf	45	unread writing	[[illegible]]	hem to complain of me I conclude it is because I dont deserve it / [[illegible]] much more lively but it has been sickly last week we were all ab			
06-045-U002	06-045	06-045-P02	ACU CRS MS5 - 06 - Folder 3, Correspondence and Legal Papers.pdf	45	unread writing	[[illegible]]	[[margin]] / send me your Photograph when you have it [[illegible]] / [[/margin]]			
06-046-U001	06-046	06-046-P01	ACU CRS MS5 - 06 - Folder 3, Correspondence and Legal Papers.pdf	46	unread writing	[[illegible]]	few little hard apples and they are not good not even as good as [[illegible]] Grand Ma has no orchard of any kind now she once had an apple an			
06-046-U002	06-046	06-046-P01	ACU CRS MS5 - 06 - Folder 3, Correspondence and Legal Papers.pdf	46	unread writing	[[illegible]]	o orchard of any kind now she once had an apple and pear orchard [[illegible]] it was destroyed a few years ago by a tornado that blew her hous			
06-046-U003	06-046	06-046-P01	ACU CRS MS5 - 06 - Folder 3, Correspondence and Legal Papers.pdf	46	unread writing	[[illegible]]	sted I wished very much you could share them with me and I could [[illegible]] [[inserted: peaches]] with you there is but little wild fruit he			
06-046-U004	06-046	06-046-P01	ACU CRS MS5 - 06 - Folder 3, Correspondence and Legal Papers.pdf	46	unread writing	[[illegible]]	ul I wish I could throw you a few the trees are very full / Lizzie [[illegible]] specimens of refined [[illegible]] weeks before [[illegible]] ah			
06-046-U005	06-046	06-046-P01	ACU CRS MS5 - 06 - Folder 3, Correspondence and Legal Papers.pdf	46	unread writing	[[illegible]]	he trees are very full / Lizzie [[illegible]] specimens of refined [[illegible]] weeks before [[illegible]] ah! if they are models of refinement 			
06-046-U006	06-046	06-046-P01	ACU CRS MS5 - 06 - Folder 3, Correspondence and Legal Papers.pdf	46	unread writing	[[illegible]]	ie [[illegible]] specimens of refined [[illegible]] weeks before [[illegible]] ah! if they are models of refinement I do not want to be refined			
06-046-U007	06-046	06-046-P01	ACU CRS MS5 - 06 - Folder 3, Correspondence and Legal Papers.pdf	46	tentative reading	[[solon cats?]]	e I must not say any thing about them only they would be called “[[solon cats?]]” if they were in Texas living anywhere else but I have [[inserte			
06-046-U008	06-046	06-046-P02	ACU CRS MS5 - 06 - Folder 3, Correspondence and Legal Papers.pdf	46	unread writing	[[illegible]]	r father best respects to your Father and George also to Mr Davy [[illegible]] & all enquiring friends Good night your most devoted [[illegible			
06-046-U009	06-046	06-046-P02	ACU CRS MS5 - 06 - Folder 3, Correspondence and Legal Papers.pdf	46	unread writing	[[illegible]]	illegible]] & all enquiring friends Good night your most devoted [[illegible]] / [[/margin]]			
06-047-U001	06-047	06-047-P01	ACU CRS MS5 - 06 - Folder 3, Correspondence and Legal Papers.pdf	47	tentative reading	[[oldest?]]	told you that our kin were nearly all Methodists Grand Ma is the [[oldest?]] she has out of [[illegible]] children living only two of them ar			
06-047-U002	06-047	06-047-P01	ACU CRS MS5 - 06 - Folder 3, Correspondence and Legal Papers.pdf	47	unread writing	[[illegible]]	nearly all Methodists Grand Ma is the [[oldest?]] she has out of [[illegible]] children living only two of them are members of the methodist Ch			
06-047-U003	06-047	06-047-P01	ACU CRS MS5 - 06 - Folder 3, Correspondence and Legal Papers.pdf	47	unread writing	[[illegible]]	me home in the evening there came up a shower of rain and he got [[illegible]] sprinkled when he got here he found the Methodist preacher here 			
06-047-U004	06-047	06-047-P02	ACU CRS MS5 - 06 - Folder 3, Correspondence and Legal Papers.pdf	47	unread writing	[[illegible]]	margin]] / You have not told me where your sister Laura was living [[illegible]] / [[/margin]] / [[margin]] / [[illegible]] children dont let little [[			
06-047-U005	06-047	06-047-P02	ACU CRS MS5 - 06 - Folder 3, Correspondence and Legal Papers.pdf	47	unread writing	[[illegible]]	our sister Laura was living [[illegible]] / [[/margin]] / [[margin]] / [[illegible]] children dont let little [[Mara?]] [[illegible]] me when I [[ill			
06-047-U006	06-047	06-047-P02	ACU CRS MS5 - 06 - Folder 3, Correspondence and Legal Papers.pdf	47	tentative reading	[[Mara?]]	]] / [[/margin]] / [[margin]] / [[illegible]] children dont let little [[Mara?]] [[illegible]] me when I [[illegible]] / [[/margin]]			
06-047-U007	06-047	06-047-P02	ACU CRS MS5 - 06 - Folder 3, Correspondence and Legal Papers.pdf	47	unread writing	[[illegible]]	in]] / [[margin]] / [[illegible]] children dont let little [[Mara?]] [[illegible]] me when I [[illegible]] / [[/margin]]			
06-047-U008	06-047	06-047-P02	ACU CRS MS5 - 06 - Folder 3, Correspondence and Legal Papers.pdf	47	unread writing	[[illegible]]	ble]] children dont let little [[Mara?]] [[illegible]] me when I [[illegible]] / [[/margin]]			
06-048-U001	06-048	06-048-P01	ACU CRS MS5 - 06 - Folder 3, Correspondence and Legal Papers.pdf	48	unread writing	[[illegible]]	 will not do it though I keep encouraging him Although we are in [[illegible]] and have nothing like methodist preaching and Methodist doctrine			
06-048-U002	06-048	06-048-P01	ACU CRS MS5 - 06 - Folder 3, Correspondence and Legal Papers.pdf	48	tentative reading	[[tries?]]	it Oh! may God assist me to set a right example I think Grand Ma [[tries?]] hopes to win us all over to the Methodist church she seldom spea			
06-048-U003	06-048	06-048-P02	ACU CRS MS5 - 06 - Folder 3, Correspondence and Legal Papers.pdf	48	tentative reading	[[time of it?]]	asked me to take a ride with [[inserted: him]] and Oh! we had a “[[time of it?]]!” rode on horse back we went to a persimmon tree not a great way			
06-048-U004	06-048	06-048-P02	ACU CRS MS5 - 06 - Folder 3, Correspondence and Legal Papers.pdf	48	tentative reading	[[wines?]]	d]] looked for some muscadines we found the “vines” but not the “[[wines?]]” it was late enough in the evening to be pleasant riding I was g			
06-048-U005	06-048	06-048-P02	ACU CRS MS5 - 06 - Folder 3, Correspondence and Legal Papers.pdf	48	unread writing	[[illegible]]	 but there is nothing serious between us and not likely to be so [[illegible]] he is a very nice young man but he doesn't “suit my style” so mu			
06-048-U006	06-048	06-048-P03	ACU CRS MS5 - 06 - Folder 3, Correspondence and Legal Papers.pdf	48	unread writing	[[deleted: illegible]]	e and Frank were both up late this evening Pa went to Montgomery [[deleted: illegible]] [[inserted: to day]] Tuesday and I was very much surprised at no			
06-050-U001	06-050	06-050-P01	ACU CRS MS5 - 06 - Folder 3, Correspondence and Legal Papers.pdf	50	unread writing	[[illegible]]	 read it while in bed I have been quite sick was in bed nearly a [[illegible]] it [[illegible]] caused from billiousness being sick when I got 			
06-050-U002	06-050	06-050-P01	ACU CRS MS5 - 06 - Folder 3, Correspondence and Legal Papers.pdf	50	unread writing	[[illegible]]	 bed I have been quite sick was in bed nearly a [[illegible]] it [[illegible]] caused from billiousness being sick when I got your letter and v			
06-050-U003	06-050	06-050-P02	ACU CRS MS5 - 06 - Folder 3, Correspondence and Legal Papers.pdf	50	unread writing	[[illegible]]	n or how to end please write me a long letter I have written two [[illegible]] this contains more to write with much love yours Lizzie			
06-051-U001	06-051	06-051-P01	ACU CRS MS5 - 06 - Folder 3, Correspondence and Legal Papers.pdf	51	loss	[[lost: holes]]	attended one of his examinations yet but have heard a great deal [[lost: holes]] about them [[lost: hole]] you would have enjoyed being with you 			
06-051-U002	06-051	06-051-P01	ACU CRS MS5 - 06 - Folder 3, Correspondence and Legal Papers.pdf	51	loss	[[lost: hole]]	tions yet but have heard a great deal [[lost: holes]] about them [[lost: hole]] you would have enjoyed being with you at Mr. Horns I think you m			
06-051-U003	06-051	06-051-P03	ACU CRS MS5 - 06 - Folder 3, Correspondence and Legal Papers.pdf	51	unread writing	[[illegible]]	well she gave an account of a dreadful Storm that passed through [[illegible]] / [[/margin]] / [[margin]] / [[illegible]] there were a good many pers			
06-051-U004	06-051	06-051-P03	ACU CRS MS5 - 06 - Folder 3, Correspondence and Legal Papers.pdf	51	unread writing	[[illegible]]	l Storm that passed through [[illegible]] / [[/margin]] / [[margin]] / [[illegible]] there were a good many persons bruised & crippled no lives lost / 			
06-052-U001	06-052	06-052-P01	ACU CRS MS5 - 06 - Folder 3, Correspondence and Legal Papers.pdf	52	tentative reading	[[Parattis?]]	Miss Lizzie Douglas / from / (Aunt) Miss Lizzie / Graves / – Mosshead – / [[Parattis?]] ? Alabama / May 10, 1867 / (Regards given to Dr. (L. Douglas) / & Elle			
06-053-U001	06-053	06-053-P01	ACU CRS MS5 - 06 - Folder 3, Correspondence and Legal Papers.pdf	53	unread writing	[[deleted: illegible]]	here were letters in the office for me but when we sent for them [[deleted: illegible]] we couldn't get any So I supposed one of them was from you so I 			
06-054-U001	06-054	06-054-P01	ACU CRS MS5 - 06 - Folder 3, Correspondence and Legal Papers.pdf	54	tentative reading	[[Thaddie?]]	 bread by the sweat of their brow work seems to agree with Frank [[Thaddie?]] & Charles they grow like all weeds there has been so much [[ille			
06-054-U002	06-054	06-054-P01	ACU CRS MS5 - 06 - Folder 3, Correspondence and Legal Papers.pdf	54	unread writing	[[illegible]]	die?]] & Charles they grow like all weeds there has been so much [[illegible]] they have had to work harder than they otherwise would have done			
06-054-U003	06-054	06-054-P01	ACU CRS MS5 - 06 - Folder 3, Correspondence and Legal Papers.pdf	54	unread writing	[[illegible]]	sited us at all / There was a May party given by the ladies at Tusk[[illegible]] the first of this month (or a very [[illegible]]) to decorate th			
06-054-U004	06-054	06-054-P01	ACU CRS MS5 - 06 - Folder 3, Correspondence and Legal Papers.pdf	54	unread writing	[[illegible]]	e ladies at Tusk[[illegible]] the first of this month (or a very [[illegible]]) to decorate the graves of the Alabama confederate dead A few da			
06-054-U005	06-054	06-054-P01	ACU CRS MS5 - 06 - Folder 3, Correspondence and Legal Papers.pdf	54	unread writing	[[deleted: illegible]]	ederate dead A few days after the white ladies had enjoyed their [[deleted: illegible]] on the confederate dead The colored ladies of the city of Montgo			
06-054-U006	06-054	06-054-P01	ACU CRS MS5 - 06 - Folder 3, Correspondence and Legal Papers.pdf	54	unread writing	[[illegible]]	rating the church last Christmas The church convention is now in [[illegible]] for the purpose of uniting the Methodist Episcopal and Methodist			
06-054-U007	06-054	06-054-P02	ACU CRS MS5 - 06 - Folder 3, Correspondence and Legal Papers.pdf	54	unread writing	[[illegible]]	be pleased The Catholics have been making quite a [[illegible]] here lately have drawn very considerably from the Methodist Chur			
06-056-U001	06-056	06-056-P01	ACU CRS MS5 - 06 - Folder 3, Correspondence and Legal Papers.pdf	56	unread writing	[[deleted: illegible]]	quiet moment until bed time. and then I do not feel like writing [[deleted: illegible]] / I reckon you have heard of the additions to Grandma's household—			
06-056-U002	06-056	06-056-P02	ACU CRS MS5 - 06 - Folder 3, Correspondence and Legal Papers.pdf	56	unread writing	[[illegible]]	expect you will find a good many mistakes but I know I shall try [[illegible]] your letters are always so interesting [[illegible]] / [[/margin]]			
06-056-U003	06-056	06-056-P02	ACU CRS MS5 - 06 - Folder 3, Correspondence and Legal Papers.pdf	56	unread writing	[[illegible]]	I shall try [[illegible]] your letters are always so interesting [[illegible]] / [[/margin]]			
06-057-U001	06-057	06-057-P02	ACU CRS MS5 - 06 - Folder 3, Correspondence and Legal Papers.pdf	57	unread writing	[[deleted: illegible]]	 evening alone last saturday the one that loved to tease so well [[deleted: illegible]] and really the choicest of the four came			
06-058-U001	06-058	06-058-P01	ACU CRS MS5 - 06 - Folder 3, Correspondence and Legal Papers.pdf	58	unread writing	[[illegible: along fold]]	lor together after supper, and spent “that time” very pleasantly [[illegible: along fold]] Sunday morning he took Cousin M. to church & of course came back			
06-058-U002	06-058	06-058-P01	ACU CRS MS5 - 06 - Folder 3, Correspondence and Legal Papers.pdf	58	unread writing	[[deleted: illegible]]	entertain him but my Pa & my grown brothers being from home, you [[deleted: illegible]] can think before he left he stayed till nearly dark That is what			
06-058-U003	06-058	06-058-P01	ACU CRS MS5 - 06 - Folder 3, Correspondence and Legal Papers.pdf	58	unread writing	[[deleted: illegible]]	nk before he left he stayed till nearly dark That is what I call [[deleted: illegible]] not only a visit but a “visitation” / Monday morning I had a beau 			
06-061-U001	06-061	06-061-P02	ACU CRS MS5 - 06 - Folder 3, Correspondence and Legal Papers.pdf	61	unread writing	[[deleted: illegible]]	edda give you to him Tell Laura that I have give her a way allso [[deleted: illegible]] to a very nice young man they say the next time they get furlows			
06-061-U002	06-061	06-061-P02	ACU CRS MS5 - 06 - Folder 3, Correspondence and Legal Papers.pdf	61	unread writing	[[illegible]]	oping me a few lines tell Sue to write to me give my love to all [[illegible]] / [[separate block: signature alongside right-hand page]] / M E Good			
06-063-U001	06-063	06-063-P01	ACU CRS MS5 - 06 - Folder 3, Correspondence and Legal Papers.pdf	63	tentative reading	[[Stinnet?]]	 have a horrible tale to recount this week tis the murder of Mrs [[Stinnet?]] by her daughter. Mrs [[S?]] is a sister to Mr [[Simons?]] was he			
06-063-U002	06-063	06-063-P01	ACU CRS MS5 - 06 - Folder 3, Correspondence and Legal Papers.pdf	63	tentative reading	[[S?]]	his week tis the murder of Mrs [[Stinnet?]] by her daughter. Mrs [[S?]] is a sister to Mr [[Simons?]] was here in the spring [[illegible			
06-063-U003	06-063	06-063-P01	ACU CRS MS5 - 06 - Folder 3, Correspondence and Legal Papers.pdf	63	tentative reading	[[Simons?]]	f Mrs [[Stinnet?]] by her daughter. Mrs [[S?]] is a sister to Mr [[Simons?]] was here in the spring [[illegible]] creek. It seems that they q			
06-063-U004	06-063	06-063-P01	ACU CRS MS5 - 06 - Folder 3, Correspondence and Legal Papers.pdf	63	unread writing	[[illegible]]	 Mrs [[S?]] is a sister to Mr [[Simons?]] was here in the spring [[illegible]] creek. It seems that they quarreled a few days before when the g			
06-063-U005	06-063	06-063-P01	ACU CRS MS5 - 06 - Folder 3, Correspondence and Legal Papers.pdf	63	unread writing	[[illegible]]	y quarreled a few days before when the girl run away and went to [[illegible]] near Fathers, but he got mad and went back home. The children ha			
06-063-U006	06-063	06-063-P01	ACU CRS MS5 - 06 - Folder 3, Correspondence and Legal Papers.pdf	63	unread writing	[[inserted: illegible]]	ldren had all gone out to the water melon patch except this girl [[inserted: illegible]] aged 15 years and small child aged 3 year. Her husband had gone 			
06-063-U007	06-063	06-063-P01	ACU CRS MS5 - 06 - Folder 3, Correspondence and Legal Papers.pdf	63	unread writing	[[illegible]]	ged 3 year. Her husband had gone to hunt cattle. The evidence is [[illegible]] there was [[illegible]] a severe struggle between them, [[illegi			
06-063-U008	06-063	06-063-P01	ACU CRS MS5 - 06 - Folder 3, Correspondence and Legal Papers.pdf	63	unread writing	[[illegible]]	had gone to hunt cattle. The evidence is [[illegible]] there was [[illegible]] a severe struggle between them, [[illegible]] was that the girl 			
06-063-U009	06-063	06-063-P01	ACU CRS MS5 - 06 - Folder 3, Correspondence and Legal Papers.pdf	63	unread writing	[[illegible]]	egible]] there was [[illegible]] a severe struggle between them, [[illegible]] was that the girl showed no [[illegible]] of bruises. The girls 			
06-063-U010	06-063	06-063-P01	ACU CRS MS5 - 06 - Folder 3, Correspondence and Legal Papers.pdf	63	unread writing	[[illegible]]	struggle between them, [[illegible]] was that the girl showed no [[illegible]] of bruises. The girls evidence comes first. She says she was in 			
06-063-U011	06-063	06-063-P01	ACU CRS MS5 - 06 - Folder 3, Correspondence and Legal Papers.pdf	63	unread writing	[[illegible]]	bruises. The girls evidence comes first. She says she was in the [[illegible]] house, and heard her Mother scream [[illegible]] a [[deleted: il			
06-063-U012	06-063	06-063-P01	ACU CRS MS5 - 06 - Folder 3, Correspondence and Legal Papers.pdf	63	unread writing	[[illegible]]	 she was in the [[illegible]] house, and heard her Mother scream [[illegible]] a [[deleted: illegible]] [[illegible]] run in and [[illegible]] 			
06-063-U013	06-063	06-063-P01	ACU CRS MS5 - 06 - Folder 3, Correspondence and Legal Papers.pdf	63	unread writing	[[deleted: illegible]]	[[illegible]] house, and heard her Mother scream [[illegible]] a [[deleted: illegible]] [[illegible]] run in and [[illegible]] her Mother dead [[illegib			
06-063-U014	06-063	06-063-P01	ACU CRS MS5 - 06 - Folder 3, Correspondence and Legal Papers.pdf	63	unread writing	[[illegible]]	d heard her Mother scream [[illegible]] a [[deleted: illegible]] [[illegible]] run in and [[illegible]] her Mother dead [[illegible]] run off a			
06-063-U015	06-063	06-063-P01	ACU CRS MS5 - 06 - Folder 3, Correspondence and Legal Papers.pdf	63	unread writing	[[illegible]]	 [[illegible]] a [[deleted: illegible]] [[illegible]] run in and [[illegible]] her Mother dead [[illegible]] run off and stood by the [[illegib			
06-063-U016	06-063	06-063-P01	ACU CRS MS5 - 06 - Folder 3, Correspondence and Legal Papers.pdf	63	unread writing	[[illegible]]	legible]] [[illegible]] run in and [[illegible]] her Mother dead [[illegible]] run off and stood by the [[illegible]] while [[illegible]]. She 			
06-063-U017	06-063	06-063-P01	ACU CRS MS5 - 06 - Folder 3, Correspondence and Legal Papers.pdf	63	unread writing	[[illegible]]	legible]] her Mother dead [[illegible]] run off and stood by the [[illegible]] while [[illegible]]. She did not notice which [[inserted: way]] 			
06-063-U018	06-063	06-063-P01	ACU CRS MS5 - 06 - Folder 3, Correspondence and Legal Papers.pdf	63	unread writing	[[illegible]]	 dead [[illegible]] run off and stood by the [[illegible]] while [[illegible]]. She did not notice which [[inserted: way]] he went. Mrs Douglas			
06-063-U019	06-063	06-063-P01	ACU CRS MS5 - 06 - Folder 3, Correspondence and Legal Papers.pdf	63	unread writing	[[illegible]]	rs Douglas was the first one to get there after it happened, and [[illegible]] poor crying little child & asked it who kilt her Mother – [[ille			
06-063-U020	06-063	06-063-P01	ACU CRS MS5 - 06 - Folder 3, Correspondence and Legal Papers.pdf	63	unread writing	[[illegible]]	ible]] poor crying little child & asked it who kilt her Mother – [[illegible]] the child said it was Mollie. Search was made and the girls dres			
06-063-U021	06-063	06-063-P01	ACU CRS MS5 - 06 - Folder 3, Correspondence and Legal Papers.pdf	63	unread writing	[[illegible]]	ch was made and the girls dress was found concealed, all bloody. [[illegible]] bail. three days was given her to give [[five?]] hundred dollars			
06-063-U022	06-063	06-063-P01	ACU CRS MS5 - 06 - Folder 3, Correspondence and Legal Papers.pdf	63	tentative reading	[[five?]]	all bloody. [[illegible]] bail. three days was given her to give [[five?]] hundred dollars bond she could not so her [[illegible]] went to 			
06-063-U023	06-063	06-063-P01	ACU CRS MS5 - 06 - Folder 3, Correspondence and Legal Papers.pdf	63	unread writing	[[illegible]]	 her to give [[five?]] hundred dollars bond she could not so her [[illegible]] went to [[Wax?]] jail. There was a stick found [[illegible]] in 			
06-063-U024	06-063	06-063-P01	ACU CRS MS5 - 06 - Folder 3, Correspondence and Legal Papers.pdf	63	tentative reading	[[Wax?]]	 hundred dollars bond she could not so her [[illegible]] went to [[Wax?]] jail. There was a stick found [[illegible]] in the [[illegible]]			
06-063-U025	06-063	06-063-P01	ACU CRS MS5 - 06 - Folder 3, Correspondence and Legal Papers.pdf	63	unread writing	[[illegible]]	her [[illegible]] went to [[Wax?]] jail. There was a stick found [[illegible]] in the [[illegible]] which was used, from appearances. I have no			
06-063-U026	06-063	06-063-P01	ACU CRS MS5 - 06 - Folder 3, Correspondence and Legal Papers.pdf	63	unread writing	[[illegible]]	t to [[Wax?]] jail. There was a stick found [[illegible]] in the [[illegible]] which was used, from appearances. I have not heard [[illegible]]			
06-063-U027	06-063	06-063-P01	ACU CRS MS5 - 06 - Folder 3, Correspondence and Legal Papers.pdf	63	unread writing	[[illegible]]	[[illegible]] which was used, from appearances. I have not heard [[illegible]] in her favor, only as her Mother lay in the coffin she went and 			
06-063-U028	06-063	06-063-P01	ACU CRS MS5 - 06 - Folder 3, Correspondence and Legal Papers.pdf	63	unread writing	[[illegible]]	 in her favor, only as her Mother lay in the coffin she went and [[illegible]] wept a great deal if she was only alive she would never disobey 			
06-064-U001	06-064	06-064-P01	ACU CRS MS5 - 06 - Folder 3, Correspondence and Legal Papers.pdf	64	tentative reading	[[beef?]]	ng They are all well and hearty Sister is quite uneasy about her [[beef?]] [[illegible]] Pleas Tyler is [[illegible]] and I heard him say h			
06-064-U002	06-064	06-064-P01	ACU CRS MS5 - 06 - Folder 3, Correspondence and Legal Papers.pdf	64	unread writing	[[illegible]]	e all well and hearty Sister is quite uneasy about her [[beef?]] [[illegible]] Pleas Tyler is [[illegible]] and I heard him say he would be gon			
06-064-U003	06-064	06-064-P01	ACU CRS MS5 - 06 - Folder 3, Correspondence and Legal Papers.pdf	64	unread writing	[[illegible]]	is quite uneasy about her [[beef?]] [[illegible]] Pleas Tyler is [[illegible]] and I heard him say he would be gone about ten days but I dont k			
06-064-U004	06-064	06-064-P01	ACU CRS MS5 - 06 - Folder 3, Correspondence and Legal Papers.pdf	64	unread writing	[[illegible]]	 I heard him say he would be gone about ten days but I dont know [[illegible]] any one [[illegible]] here will let the poor [[illegible]] John 			
06-064-U005	06-064	06-064-P01	ACU CRS MS5 - 06 - Folder 3, Correspondence and Legal Papers.pdf	64	unread writing	[[illegible]]	uld be gone about ten days but I dont know [[illegible]] any one [[illegible]] here will let the poor [[illegible]] John [[illegible]] / But [[il			
06-064-U006	06-064	06-064-P01	ACU CRS MS5 - 06 - Folder 3, Correspondence and Legal Papers.pdf	64	unread writing	[[illegible]]	 know [[illegible]] any one [[illegible]] here will let the poor [[illegible]] John [[illegible]] / But [[illegible]] I will want to see [[illegi			
06-064-U007	06-064	06-064-P01	ACU CRS MS5 - 06 - Folder 3, Correspondence and Legal Papers.pdf	64	unread writing	[[illegible]]	 any one [[illegible]] here will let the poor [[illegible]] John [[illegible]] / But [[illegible]] I will want to see [[illegible]] [[Morriss?]] 			
06-064-U008	06-064	06-064-P01	ACU CRS MS5 - 06 - Folder 3, Correspondence and Legal Papers.pdf	64	unread writing	[[illegible]]	le]] here will let the poor [[illegible]] John [[illegible]] / But [[illegible]] I will want to see [[illegible]] [[Morriss?]] [[illegible]] Ther			
06-064-U009	06-064	06-064-P01	ACU CRS MS5 - 06 - Folder 3, Correspondence and Legal Papers.pdf	64	unread writing	[[illegible]]	egible]] John [[illegible]] / But [[illegible]] I will want to see [[illegible]] [[Morriss?]] [[illegible]] There is [[illegible]] who can make a			
06-064-U010	06-064	06-064-P01	ACU CRS MS5 - 06 - Folder 3, Correspondence and Legal Papers.pdf	64	tentative reading	[[Morriss?]]	[[illegible]] / But [[illegible]] I will want to see [[illegible]] [[Morriss?]] [[illegible]] There is [[illegible]] who can make a [[illegible]			
06-064-U011	06-064	06-064-P01	ACU CRS MS5 - 06 - Folder 3, Correspondence and Legal Papers.pdf	64	unread writing	[[illegible]]	 / But [[illegible]] I will want to see [[illegible]] [[Morriss?]] [[illegible]] There is [[illegible]] who can make a [[illegible]] / Mr [[Morton?			
06-064-U012	06-064	06-064-P01	ACU CRS MS5 - 06 - Folder 3, Correspondence and Legal Papers.pdf	64	unread writing	[[illegible]]	ll want to see [[illegible]] [[Morriss?]] [[illegible]] There is [[illegible]] who can make a [[illegible]] / Mr [[Morton?]] who [[illegible]] re			
06-064-U013	06-064	06-064-P01	ACU CRS MS5 - 06 - Folder 3, Correspondence and Legal Papers.pdf	64	unread writing	[[illegible]]	[[Morriss?]] [[illegible]] There is [[illegible]] who can make a [[illegible]] / Mr [[Morton?]] who [[illegible]] returned from [[illegible]] is 			
06-064-U014	06-064	06-064-P01	ACU CRS MS5 - 06 - Folder 3, Correspondence and Legal Papers.pdf	64	tentative reading	[[Morton?]]	legible]] There is [[illegible]] who can make a [[illegible]] / Mr [[Morton?]] who [[illegible]] returned from [[illegible]] is bearing a good 			
06-064-U015	06-064	06-064-P01	ACU CRS MS5 - 06 - Folder 3, Correspondence and Legal Papers.pdf	64	unread writing	[[illegible]]	is [[illegible]] who can make a [[illegible]] / Mr [[Morton?]] who [[illegible]] returned from [[illegible]] is bearing a good price There I must			
06-064-U016	06-064	06-064-P01	ACU CRS MS5 - 06 - Folder 3, Correspondence and Legal Papers.pdf	64	unread writing	[[illegible]]	e a [[illegible]] / Mr [[Morton?]] who [[illegible]] returned from [[illegible]] is bearing a good price There I must close and I must [[illegibl			
06-064-U017	06-064	06-064-P01	ACU CRS MS5 - 06 - Folder 3, Correspondence and Legal Papers.pdf	64	unread writing	[[illegible]]	llegible]] is bearing a good price There I must close and I must [[illegible]] to you and [[illegible]] I wish to write some thing to cheer you			
06-064-U018	06-064	06-064-P01	ACU CRS MS5 - 06 - Folder 3, Correspondence and Legal Papers.pdf	64	unread writing	[[illegible]]	ood price There I must close and I must [[illegible]] to you and [[illegible]] I wish to write some thing to cheer you and to encourage your pa			
06-064-U019	06-064	06-064-P01	ACU CRS MS5 - 06 - Folder 3, Correspondence and Legal Papers.pdf	64	unread writing	[[illegible]]	e thing to cheer you and to encourage your patience I tremble to [[illegible]] that you are denied even the privilege of a day to [[illegible]]			
06-064-U020	06-064	06-064-P01	ACU CRS MS5 - 06 - Folder 3, Correspondence and Legal Papers.pdf	64	unread writing	[[illegible]]	[[illegible]] that you are denied even the privilege of a day to [[illegible]] have experienced the sweet [[illegible]] of a correspondence too			
06-064-U021	06-064	06-064-P01	ACU CRS MS5 - 06 - Folder 3, Correspondence and Legal Papers.pdf	64	unread writing	[[illegible]]	e privilege of a day to [[illegible]] have experienced the sweet [[illegible]] of a correspondence too that the letters you write so [[illegibl			
06-064-U022	06-064	06-064-P01	ACU CRS MS5 - 06 - Folder 3, Correspondence and Legal Papers.pdf	64	unread writing	[[illegible]]	llegible]] of a correspondence too that the letters you write so [[illegible]] and so long [[illegible]] should be [[illegible]] will [[illegib			
06-064-U023	06-064	06-064-P01	ACU CRS MS5 - 06 - Folder 3, Correspondence and Legal Papers.pdf	64	unread writing	[[illegible]]	ence too that the letters you write so [[illegible]] and so long [[illegible]] should be [[illegible]] will [[illegible]] / There it is for the p			
06-064-U024	06-064	06-064-P01	ACU CRS MS5 - 06 - Folder 3, Correspondence and Legal Papers.pdf	64	unread writing	[[illegible]]	s you write so [[illegible]] and so long [[illegible]] should be [[illegible]] will [[illegible]] / There it is for the present affectionately [[			
06-064-U025	06-064	06-064-P01	ACU CRS MS5 - 06 - Folder 3, Correspondence and Legal Papers.pdf	64	unread writing	[[illegible]]	legible]] and so long [[illegible]] should be [[illegible]] will [[illegible]] / There it is for the present affectionately [[illegible]] your Si			
06-064-U026	06-064	06-064-P01	ACU CRS MS5 - 06 - Folder 3, Correspondence and Legal Papers.pdf	64	unread writing	[[illegible]]	]] will [[illegible]] / There it is for the present affectionately [[illegible]] your Sister [[illegible]]			
06-064-U027	06-064	06-064-P01	ACU CRS MS5 - 06 - Folder 3, Correspondence and Legal Papers.pdf	64	unread writing	[[illegible]]	e it is for the present affectionately [[illegible]] your Sister [[illegible]]			
06-064-U028	06-064	06-064-P02	ACU CRS MS5 - 06 - Folder 3, Correspondence and Legal Papers.pdf	64	unread writing	[[illegible]]	ds are still lowering and the thunder muttering. / This morning we [[illegible]] one of the nicest [[illegible]] you ever saw [[illegible]] I was			
06-064-U029	06-064	06-064-P02	ACU CRS MS5 - 06 - Folder 3, Correspondence and Legal Papers.pdf	64	unread writing	[[illegible]]	under muttering. / This morning we [[illegible]] one of the nicest [[illegible]] you ever saw [[illegible]] I was packing it and thought of you b			
06-064-U030	06-064	06-064-P02	ACU CRS MS5 - 06 - Folder 3, Correspondence and Legal Papers.pdf	64	unread writing	[[illegible]]	ng we [[illegible]] one of the nicest [[illegible]] you ever saw [[illegible]] I was packing it and thought of you boys [[illegible]] may be su			
06-064-U031	06-064	06-064-P02	ACU CRS MS5 - 06 - Folder 3, Correspondence and Legal Papers.pdf	64	unread writing	[[illegible]]	 ever saw [[illegible]] I was packing it and thought of you boys [[illegible]] may be sure I put [[illegible]] one [[illegible]] of good [[ille			
06-064-U032	06-064	06-064-P02	ACU CRS MS5 - 06 - Folder 3, Correspondence and Legal Papers.pdf	64	unread writing	[[illegible]]	cking it and thought of you boys [[illegible]] may be sure I put [[illegible]] one [[illegible]] of good [[illegible]] with our [[illegible]] a			
06-064-U033	06-064	06-064-P02	ACU CRS MS5 - 06 - Folder 3, Correspondence and Legal Papers.pdf	64	unread writing	[[illegible]]	ht of you boys [[illegible]] may be sure I put [[illegible]] one [[illegible]] of good [[illegible]] with our [[illegible]] a lot of [[illegibl			
06-064-U034	06-064	06-064-P02	ACU CRS MS5 - 06 - Folder 3, Correspondence and Legal Papers.pdf	64	unread writing	[[illegible]]	ible]] may be sure I put [[illegible]] one [[illegible]] of good [[illegible]] with our [[illegible]] a lot of [[illegible]] especially [[illeg			
06-064-U035	06-064	06-064-P02	ACU CRS MS5 - 06 - Folder 3, Correspondence and Legal Papers.pdf	64	unread writing	[[illegible]]	t [[illegible]] one [[illegible]] of good [[illegible]] with our [[illegible]] a lot of [[illegible]] especially [[illegible]] must be sure to 			
06-064-U036	06-064	06-064-P02	ACU CRS MS5 - 06 - Folder 3, Correspondence and Legal Papers.pdf	64	unread writing	[[illegible]]	llegible]] of good [[illegible]] with our [[illegible]] a lot of [[illegible]] especially [[illegible]] must be sure to come up sometime this f			
06-064-U037	06-064	06-064-P02	ACU CRS MS5 - 06 - Folder 3, Correspondence and Legal Papers.pdf	64	unread writing	[[illegible]]	gible]] with our [[illegible]] a lot of [[illegible]] especially [[illegible]] must be sure to come up sometime this fall at least / But I must t			
06-064-U038	06-064	06-064-P02	ACU CRS MS5 - 06 - Folder 3, Correspondence and Legal Papers.pdf	64	unread writing	[[illegible]]	 tell you something else I have got me a beautiful saddle got it [[illegible]] Mrs [[illegible]] brought it [[illegible]] twelve dollars [[ille			
06-064-U039	06-064	06-064-P02	ACU CRS MS5 - 06 - Folder 3, Correspondence and Legal Papers.pdf	64	unread writing	[[illegible]]	g else I have got me a beautiful saddle got it [[illegible]] Mrs [[illegible]] brought it [[illegible]] twelve dollars [[illegible]] and thinks			
06-064-U040	06-064	06-064-P02	ACU CRS MS5 - 06 - Folder 3, Correspondence and Legal Papers.pdf	64	unread writing	[[illegible]]	autiful saddle got it [[illegible]] Mrs [[illegible]] brought it [[illegible]] twelve dollars [[illegible]] and thinks [[illegible]] too [[ille			
06-064-U041	06-064	06-064-P02	ACU CRS MS5 - 06 - Folder 3, Correspondence and Legal Papers.pdf	64	unread writing	[[illegible]]	ible]] Mrs [[illegible]] brought it [[illegible]] twelve dollars [[illegible]] and thinks [[illegible]] too [[illegible]] of you get you one of			
06-064-U042	06-064	06-064-P02	ACU CRS MS5 - 06 - Folder 3, Correspondence and Legal Papers.pdf	64	unread writing	[[illegible]]	brought it [[illegible]] twelve dollars [[illegible]] and thinks [[illegible]] too [[illegible]] of you get you one of them [[illegible]] you [			
06-064-U043	06-064	06-064-P02	ACU CRS MS5 - 06 - Folder 3, Correspondence and Legal Papers.pdf	64	unread writing	[[illegible]]	ible]] twelve dollars [[illegible]] and thinks [[illegible]] too [[illegible]] of you get you one of them [[illegible]] you [[illegible]] when 			
06-064-U044	06-064	06-064-P02	ACU CRS MS5 - 06 - Folder 3, Correspondence and Legal Papers.pdf	64	unread writing	[[illegible]]	hinks [[illegible]] too [[illegible]] of you get you one of them [[illegible]] you [[illegible]] when you know [[illegible]] girls [[illegible]			
06-064-U045	06-064	06-064-P02	ACU CRS MS5 - 06 - Folder 3, Correspondence and Legal Papers.pdf	64	unread writing	[[illegible]]	] too [[illegible]] of you get you one of them [[illegible]] you [[illegible]] when you know [[illegible]] girls [[illegible]] and their riding			
06-064-U046	06-064	06-064-P02	ACU CRS MS5 - 06 - Folder 3, Correspondence and Legal Papers.pdf	64	unread writing	[[illegible]]	et you one of them [[illegible]] you [[illegible]] when you know [[illegible]] girls [[illegible]] and their riding around will [[illegible]] / [			
06-064-U047	06-064	06-064-P02	ACU CRS MS5 - 06 - Folder 3, Correspondence and Legal Papers.pdf	64	unread writing	[[illegible]]	[illegible]] you [[illegible]] when you know [[illegible]] girls [[illegible]] and their riding around will [[illegible]] / [[separate block: sma			
06-064-U048	06-064	06-064-P02	ACU CRS MS5 - 06 - Folder 3, Correspondence and Legal Papers.pdf	64	unread writing	[[illegible]]	w [[illegible]] girls [[illegible]] and their riding around will [[illegible]] / [[separate block: small arithmetic in lower paragraph]] / [[22?]] 			
06-064-U049	06-064	06-064-P02	ACU CRS MS5 - 06 - Folder 3, Correspondence and Legal Papers.pdf	64	tentative reading	[[22?]]	egible]] / [[separate block: small arithmetic in lower paragraph]] / [[22?]] | 19 | 2 / [[illegible]] / [[separate block: return to letter]] / [[il			
06-064-U050	06-064	06-064-P02	ACU CRS MS5 - 06 - Folder 3, Correspondence and Legal Papers.pdf	64	unread writing	[[illegible]]	te block: small arithmetic in lower paragraph]] / [[22?]] | 19 | 2 / [[illegible]] / [[separate block: return to letter]] / [[illegible]] have any noti			
06-064-U051	06-064	06-064-P02	ACU CRS MS5 - 06 - Folder 3, Correspondence and Legal Papers.pdf	64	unread writing	[[illegible]]	2?]] | 19 | 2 / [[illegible]] / [[separate block: return to letter]] / [[illegible]] have any notion of catching a [[illegible]] in old [[illegible]]			
06-064-U052	06-064	06-064-P02	ACU CRS MS5 - 06 - Folder 3, Correspondence and Legal Papers.pdf	64	unread writing	[[illegible]]	: return to letter]] / [[illegible]] have any notion of catching a [[illegible]] in old [[illegible]] you will have to try one along [[illegible]			
06-064-U053	06-064	06-064-P02	ACU CRS MS5 - 06 - Folder 3, Correspondence and Legal Papers.pdf	64	unread writing	[[illegible]]	[[illegible]] have any notion of catching a [[illegible]] in old [[illegible]] you will have to try one along [[illegible]] No use of [[illegib			
06-064-U054	06-064	06-064-P02	ACU CRS MS5 - 06 - Folder 3, Correspondence and Legal Papers.pdf	64	unread writing	[[illegible]]	[illegible]] in old [[illegible]] you will have to try one along [[illegible]] No use of [[illegible]] along [[illegible]] and [[illegible]] bl			
06-064-U055	06-064	06-064-P02	ACU CRS MS5 - 06 - Folder 3, Correspondence and Legal Papers.pdf	64	unread writing	[[illegible]]	legible]] you will have to try one along [[illegible]] No use of [[illegible]] along [[illegible]] and [[illegible]] blue all [[illegible]] / [[i			
06-064-U056	06-064	06-064-P02	ACU CRS MS5 - 06 - Folder 3, Correspondence and Legal Papers.pdf	64	unread writing	[[illegible]]	ave to try one along [[illegible]] No use of [[illegible]] along [[illegible]] and [[illegible]] blue all [[illegible]] / [[illegible]]			
06-064-U057	06-064	06-064-P02	ACU CRS MS5 - 06 - Folder 3, Correspondence and Legal Papers.pdf	64	unread writing	[[illegible]]	ng [[illegible]] No use of [[illegible]] along [[illegible]] and [[illegible]] blue all [[illegible]] / [[illegible]]			
06-064-U058	06-064	06-064-P02	ACU CRS MS5 - 06 - Folder 3, Correspondence and Legal Papers.pdf	64	unread writing	[[illegible]]	 of [[illegible]] along [[illegible]] and [[illegible]] blue all [[illegible]] / [[illegible]]			
06-064-U059	06-064	06-064-P02	ACU CRS MS5 - 06 - Folder 3, Correspondence and Legal Papers.pdf	64	unread writing	[[illegible]]	e]] along [[illegible]] and [[illegible]] blue all [[illegible]] / [[illegible]]			
06-066-U001	06-066	06-066-P01	ACU CRS MS5 - 06 - Folder 3, Correspondence and Legal Papers.pdf	66	tentative reading	[[store?]]	 speculators. They say they would manage it this way; they would [[store?]] it [[illegible]] where a board would be appointed to examine it.			
06-066-U002	06-066	06-066-P01	ACU CRS MS5 - 06 - Folder 3, Correspondence and Legal Papers.pdf	66	unread writing	[[illegible]]	They say they would manage it this way; they would [[store?]] it [[illegible]] where a board would be appointed to examine it. They would conde			
06-066-U003	06-066	06-066-P02	ACU CRS MS5 - 06 - Folder 3, Correspondence and Legal Papers.pdf	66	unread writing	[[illegible]]	[[illegible]] do live on such poor diet and then to think it is all on account			
06-066-U004	06-066	06-066-P03	ACU CRS MS5 - 06 - Folder 3, Correspondence and Legal Papers.pdf	66	unread writing	[[illegible]]	[[margin]] [[illegible]] and [[illegible]] all [[/margin]]			
06-066-U005	06-066	06-066-P03	ACU CRS MS5 - 06 - Folder 3, Correspondence and Legal Papers.pdf	66	unread writing	[[illegible]]	[[margin]] [[illegible]] and [[illegible]] all [[/margin]]			
06-067-U001	06-067	06-067-P01	ACU CRS MS5 - 06 - Folder 3, Correspondence and Legal Papers.pdf	67	unread writing	[[illegible]]	 Mr Banks in Dallas the last day he was there, who told him Col. [[illegible]] would start for his [[illegible]] yesterday [[illegible]] there 			
06-067-U002	06-067	06-067-P01	ACU CRS MS5 - 06 - Folder 3, Correspondence and Legal Papers.pdf	67	unread writing	[[illegible]]	e was there, who told him Col. [[illegible]] would start for his [[illegible]] yesterday [[illegible]] there he can post you up about Joda’s mo			
06-067-U003	06-067	06-067-P01	ACU CRS MS5 - 06 - Folder 3, Correspondence and Legal Papers.pdf	67	unread writing	[[illegible]]	m Col. [[illegible]] would start for his [[illegible]] yesterday [[illegible]] there he can post you up about Joda’s movements. I [[illegible]]			
06-067-U004	06-067	06-067-P01	ACU CRS MS5 - 06 - Folder 3, Correspondence and Legal Papers.pdf	67	unread writing	[[illegible]]	[[illegible]] there he can post you up about Joda’s movements. I [[illegible]] he will get there [[illegible]]. We [[illegible]] a letter of th			
06-067-U005	06-067	06-067-P01	ACU CRS MS5 - 06 - Folder 3, Correspondence and Legal Papers.pdf	67	unread writing	[[illegible]]	you up about Joda’s movements. I [[illegible]] he will get there [[illegible]]. We [[illegible]] a letter of the 15th and 17th [[illegible]] Th			
06-067-U006	06-067	06-067-P01	ACU CRS MS5 - 06 - Folder 3, Correspondence and Legal Papers.pdf	67	unread writing	[[illegible]]	s movements. I [[illegible]] he will get there [[illegible]]. We [[illegible]] a letter of the 15th and 17th [[illegible]] Thursday. I am very 			
06-067-U007	06-067	06-067-P01	ACU CRS MS5 - 06 - Folder 3, Correspondence and Legal Papers.pdf	67	unread writing	[[illegible]]	re [[illegible]]. We [[illegible]] a letter of the 15th and 17th [[illegible]] Thursday. I am very [[illegible]] is as [[illegible]] as it is. 			
06-067-U008	06-067	06-067-P01	ACU CRS MS5 - 06 - Folder 3, Correspondence and Legal Papers.pdf	67	unread writing	[[illegible]]	 a letter of the 15th and 17th [[illegible]] Thursday. I am very [[illegible]] is as [[illegible]] as it is. he did [[illegible]] take such a [			
06-067-U009	06-067	06-067-P01	ACU CRS MS5 - 06 - Folder 3, Correspondence and Legal Papers.pdf	67	unread writing	[[illegible]]	h and 17th [[illegible]] Thursday. I am very [[illegible]] is as [[illegible]] as it is. he did [[illegible]] take such a [[illegible]] they mi			
06-067-U010	06-067	06-067-P01	ACU CRS MS5 - 06 - Folder 3, Correspondence and Legal Papers.pdf	67	unread writing	[[illegible]]	ay. I am very [[illegible]] is as [[illegible]] as it is. he did [[illegible]] take such a [[illegible]] they might let him come home and be wi			
06-067-U011	06-067	06-067-P01	ACU CRS MS5 - 06 - Folder 3, Correspondence and Legal Papers.pdf	67	unread writing	[[illegible]]	] is as [[illegible]] as it is. he did [[illegible]] take such a [[illegible]] they might let him come home and be with his family while he is 			
06-067-U012	06-067	06-067-P01	ACU CRS MS5 - 06 - Folder 3, Correspondence and Legal Papers.pdf	67	unread writing	[[illegible]]	im come home and be with his family while he is living. I can no [[illegible]] received yours of the 20th ult. yesterday. We will send all the 			
06-067-U013	06-067	06-067-P01	ACU CRS MS5 - 06 - Folder 3, Correspondence and Legal Papers.pdf	67	unread writing	[[illegible]]	 We will send all the things required, without it is the bridle. [[illegible]] that, though Joda will get one for a [[illegible]] if possible —			
06-067-U014	06-067	06-067-P01	ACU CRS MS5 - 06 - Folder 3, Correspondence and Legal Papers.pdf	67	unread writing	[[illegible]]	s the bridle. [[illegible]] that, though Joda will get one for a [[illegible]] if possible — there is no chance in the world to get one [[illeg			
06-067-U015	06-067	06-067-P01	ACU CRS MS5 - 06 - Folder 3, Correspondence and Legal Papers.pdf	67	unread writing	[[illegible]]	gible]] if possible — there is no chance in the world to get one [[illegible]] makes them in [[Ellis?]]. I have finished mending your blanket. 			
06-067-U016	06-067	06-067-P01	ACU CRS MS5 - 06 - Folder 3, Correspondence and Legal Papers.pdf	67	tentative reading	[[Ellis?]]	is no chance in the world to get one [[illegible]] makes them in [[Ellis?]]. I have finished mending your blanket. [[illegible]] is sorry yo			
06-067-U017	06-067	06-067-P01	ACU CRS MS5 - 06 - Folder 3, Correspondence and Legal Papers.pdf	67	unread writing	[[illegible]]	 makes them in [[Ellis?]]. I have finished mending your blanket. [[illegible]] is sorry you did not have one for Joda [[illegible]] how it was.			
06-067-U018	06-067	06-067-P01	ACU CRS MS5 - 06 - Folder 3, Correspondence and Legal Papers.pdf	67	unread writing	[[illegible]]	ur blanket. [[illegible]] is sorry you did not have one for Joda [[illegible]] how it was. Thereafter you had as well draw every thing you can 			
06-067-U019	06-067	06-067-P01	ACU CRS MS5 - 06 - Folder 3, Correspondence and Legal Papers.pdf	67	unread writing	[[illegible]]	 well draw every thing you can whether you need them or not, for [[illegible]] any [[illegible]] worth [[illegible]] in this Co. They are [[ill			
06-067-U020	06-067	06-067-P01	ACU CRS MS5 - 06 - Folder 3, Correspondence and Legal Papers.pdf	67	unread writing	[[illegible]]	hing you can whether you need them or not, for [[illegible]] any [[illegible]] worth [[illegible]] in this Co. They are [[illegible]] going to 			
06-067-U021	06-067	06-067-P01	ACU CRS MS5 - 06 - Folder 3, Correspondence and Legal Papers.pdf	67	unread writing	[[illegible]]	 you need them or not, for [[illegible]] any [[illegible]] worth [[illegible]] in this Co. They are [[illegible]] going to [[illegible]] what l			
06-067-U022	06-067	06-067-P01	ACU CRS MS5 - 06 - Folder 3, Correspondence and Legal Papers.pdf	67	unread writing	[[illegible]]	ble]] any [[illegible]] worth [[illegible]] in this Co. They are [[illegible]] going to [[illegible]] what little [[illegible]] there is on his			
06-067-U023	06-067	06-067-P01	ACU CRS MS5 - 06 - Folder 3, Correspondence and Legal Papers.pdf	67	unread writing	[[illegible]]	 worth [[illegible]] in this Co. They are [[illegible]] going to [[illegible]] what little [[illegible]] there is on his [[illegible]] governme			
06-067-U024	06-067	06-067-P01	ACU CRS MS5 - 06 - Folder 3, Correspondence and Legal Papers.pdf	67	unread writing	[[illegible]]	is Co. They are [[illegible]] going to [[illegible]] what little [[illegible]] there is on his [[illegible]] government than it is a pretty [[i			
06-067-U025	06-067	06-067-P01	ACU CRS MS5 - 06 - Folder 3, Correspondence and Legal Papers.pdf	67	unread writing	[[illegible]]	going to [[illegible]] what little [[illegible]] there is on his [[illegible]] government than it is a pretty [[illegible]]. Father has promise			
06-067-U026	06-067	06-067-P01	ACU CRS MS5 - 06 - Folder 3, Correspondence and Legal Papers.pdf	67	unread writing	[[illegible]]	e]] there is on his [[illegible]] government than it is a pretty [[illegible]]. Father has promised her, as if they [[illegible]] I dont			
06-067-U027	06-067	06-067-P01	ACU CRS MS5 - 06 - Folder 3, Correspondence and Legal Papers.pdf	67	unread writing	[[illegible]]	t is a pretty [[illegible]]. Father has promised her, as if they [[illegible]] I dont			
06-071-U001	06-071	06-071-P01	ACU CRS MS5 - 06 - Folder 3, Correspondence and Legal Papers.pdf	71	tentative reading	[[Bats?]]	unday morning a party of 8 or 10 men passed Mrs Campbells — aunt [[Bats?]] house — with one of the Stileses. Jim Floyd was one of the party			
06-071-U002	06-071	06-071-P02	ACU CRS MS5 - 06 - Folder 3, Correspondence and Legal Papers.pdf	71	tentative reading	[[Foythe?]]	[[Foythe?]] has not yet returned; the last news from them, Bob was having th			
06-072-U001	06-072	06-072-P03	ACU CRS MS5 - 06 - Folder 3, Correspondence and Legal Papers.pdf	72	tentative reading	[[Fran?]]	 almost obliged to have some more room. We recd two letters from [[Fran?]], last dated 26th of March. He is very anxious to come home, but 			
06-074-U001	06-074	06-074-P02	ACU CRS MS5 - 06 - Folder 3, Correspondence and Legal Papers.pdf	74	unread writing	[[deleted: illegible]]	You invite criticism. Your composition I well might enjoy, if [[deleted: illegible]] were not expressly forbidden, but I would recommend a little mor			
06-077-U001	06-077	06-077-P01	ACU CRS MS5 - 06 - Folder 3, Correspondence and Legal Papers.pdf	77	unread writing	[[illegible]]	Thursday 28. Mr. Graves commenced planting corn [[illegible]] brought [[illegible]] about two thirds [[illegible]] going [[ill			
06-077-U002	06-077	06-077-P01	ACU CRS MS5 - 06 - Folder 3, Correspondence and Legal Papers.pdf	77	unread writing	[[illegible]]	day 28. Mr. Graves commenced planting corn [[illegible]] brought [[illegible]] about two thirds [[illegible]] going [[illegible]] take this let			
06-077-U003	06-077	06-077-P01	ACU CRS MS5 - 06 - Folder 3, Correspondence and Legal Papers.pdf	77	unread writing	[[illegible]]	anting corn [[illegible]] brought [[illegible]] about two thirds [[illegible]] going [[illegible]] take this letter to the Office in the mornin			
06-077-U004	06-077	06-077-P01	ACU CRS MS5 - 06 - Folder 3, Correspondence and Legal Papers.pdf	77	unread writing	[[illegible]]	ble]] brought [[illegible]] about two thirds [[illegible]] going [[illegible]] take this letter to the Office in the morning. I did not send on			
06-078-U001	06-078	06-078-P01	ACU CRS MS5 - 06 - Folder 3, Correspondence and Legal Papers.pdf	78	tentative reading	[[Is his fate the fate of others?]]	r next give us the name of the Boy that got his hand mashed off. [[Is his fate the fate of others?]]			
06-078-U002	06-078	06-078-P02	ACU CRS MS5 - 06 - Folder 3, Correspondence and Legal Papers.pdf	78	tentative reading	[[I will allow?]]	I have answered, [[I will allow?]], all of your letters, & have written sometimes with out answerin			
06-080-U001	06-080	06-080-P01	ACU CRS MS5 - 06 - Folder 3, Correspondence and Legal Papers.pdf	80	unread writing	[[illegible]]	17th We [[illegible]] just [[illegible]] us [[illegible]] fight below Shreveport. [[il			
06-080-U002	06-080	06-080-P01	ACU CRS MS5 - 06 - Folder 3, Correspondence and Legal Papers.pdf	80	unread writing	[[illegible]]	17th We [[illegible]] just [[illegible]] us [[illegible]] fight below Shreveport. [[illegible]] says we [			
06-080-U003	06-080	06-080-P01	ACU CRS MS5 - 06 - Folder 3, Correspondence and Legal Papers.pdf	80	unread writing	[[illegible]]	17th We [[illegible]] just [[illegible]] us [[illegible]] fight below Shreveport. [[illegible]] says we [[illegible]] two 			
06-080-U004	06-080	06-080-P01	ACU CRS MS5 - 06 - Folder 3, Correspondence and Legal Papers.pdf	80	unread writing	[[illegible]]	le]] just [[illegible]] us [[illegible]] fight below Shreveport. [[illegible]] says we [[illegible]] two thousand prisoners, five [[illegible]]			
06-080-U005	06-080	06-080-P01	ACU CRS MS5 - 06 - Folder 3, Correspondence and Legal Papers.pdf	80	unread writing	[[illegible]]	] us [[illegible]] fight below Shreveport. [[illegible]] says we [[illegible]] two thousand prisoners, five [[illegible]]. [[deleted: cannon]] 			
06-080-U006	06-080	06-080-P01	ACU CRS MS5 - 06 - Folder 3, Correspondence and Legal Papers.pdf	80	unread writing	[[illegible]]	[[illegible]] says we [[illegible]] two thousand prisoners, five [[illegible]]. [[deleted: cannon]] [[illegible]] forty [[illegible]] it is so 			
06-080-U007	06-080	06-080-P01	ACU CRS MS5 - 06 - Folder 3, Correspondence and Legal Papers.pdf	80	unread writing	[[illegible]]	 two thousand prisoners, five [[illegible]]. [[deleted: cannon]] [[illegible]] forty [[illegible]] it is so [[illegible]] to write news to you,			
06-080-U008	06-080	06-080-P01	ACU CRS MS5 - 06 - Folder 3, Correspondence and Legal Papers.pdf	80	unread writing	[[illegible]]	ers, five [[illegible]]. [[deleted: cannon]] [[illegible]] forty [[illegible]] it is so [[illegible]] to write news to you, as you get it soone			
06-080-U009	06-080	06-080-P01	ACU CRS MS5 - 06 - Folder 3, Correspondence and Legal Papers.pdf	80	unread writing	[[illegible]]	. [[deleted: cannon]] [[illegible]] forty [[illegible]] it is so [[illegible]] to write news to you, as you get it sooner than we do			
06-083-U001	06-083	06-083-P01	ACU CRS MS5 - 06 - Folder 3, Correspondence and Legal Papers.pdf	83	unread writing	[[illegible]]	By the fire Sandy / [[illegible]] Feb 1st / 1865 / Dear George			
06-083-U002	06-083	06-083-P02	ACU CRS MS5 - 06 - Folder 3, Correspondence and Legal Papers.pdf	83	tentative reading	[[visiter?]]	ou none so I will try to spin a short thread. Mother & I went to [[visiter?]] to day [[Martha?]] [[inserted: illegible]] Stamp’s folks Wednesd			
06-083-U003	06-083	06-083-P02	ACU CRS MS5 - 06 - Folder 3, Correspondence and Legal Papers.pdf	83	tentative reading	[[Martha?]]	y to spin a short thread. Mother & I went to [[visiter?]] to day [[Martha?]] [[inserted: illegible]] Stamp’s folks Wednesday I had quite a ru			
06-083-U004	06-083	06-083-P02	ACU CRS MS5 - 06 - Folder 3, Correspondence and Legal Papers.pdf	83	unread writing	[[inserted: illegible]]	short thread. Mother & I went to [[visiter?]] to day [[Martha?]] [[inserted: illegible]] Stamp’s folks Wednesday I had quite a run on Blazes leading Jenn			
06-083-U005	06-083	06-083-P02	ACU CRS MS5 - 06 - Folder 3, Correspondence and Legal Papers.pdf	83	unread writing	[[illegible]]	d quite a run on Blazes leading Jenney. May this morn. I let the [[illegible]] get before & Blazes being used a curb bit I had a little difficu			
06-084-U001	06-084	06-084-P01	ACU CRS MS5 - 06 - Folder 3, Correspondence and Legal Papers.pdf	84	tentative reading	[[how Lol?]]	 often we may get out of rolls. Keep out of mischief dont forget [[how Lol?]]			
06-086-U001	06-086	06-086-P02	ACU CRS MS5 - 06 - Folder 3, Correspondence and Legal Papers.pdf	86	unread writing	[[illegible]]	 do either only as circumstances contribute to the case. The Dr. [[illegible]] rather late in the evening with [[illegible]] in my room [[illeg			
06-086-U002	06-086	06-086-P02	ACU CRS MS5 - 06 - Folder 3, Correspondence and Legal Papers.pdf	86	unread writing	[[illegible]]	 the case. The Dr. [[illegible]] rather late in the evening with [[illegible]] in my room [[illegible]] they were going out [[illegible]]. They			
06-086-U003	06-086	06-086-P02	ACU CRS MS5 - 06 - Folder 3, Correspondence and Legal Papers.pdf	86	unread writing	[[illegible]]	gible]] rather late in the evening with [[illegible]] in my room [[illegible]] they were going out [[illegible]]. They were all well on Hack ex			
06-086-U004	06-086	06-086-P02	ACU CRS MS5 - 06 - Folder 3, Correspondence and Legal Papers.pdf	86	unread writing	[[illegible]]	 with [[illegible]] in my room [[illegible]] they were going out [[illegible]]. They were all well on Hack except Joe and I reckon [[illegible]			
06-086-U005	06-086	06-086-P02	ACU CRS MS5 - 06 - Folder 3, Correspondence and Legal Papers.pdf	86	unread writing	[[illegible]]	[illegible]]. They were all well on Hack except Joe and I reckon [[illegible]] but as yet [[illegible]] two mules [[illegible]]. [[illegible]] 			
06-086-U006	06-086	06-086-P02	ACU CRS MS5 - 06 - Folder 3, Correspondence and Legal Papers.pdf	86	unread writing	[[illegible]]	ll well on Hack except Joe and I reckon [[illegible]] but as yet [[illegible]] two mules [[illegible]]. [[illegible]] account of [[illegible]] 			
06-086-U007	06-086	06-086-P02	ACU CRS MS5 - 06 - Folder 3, Correspondence and Legal Papers.pdf	86	unread writing	[[illegible]]	oe and I reckon [[illegible]] but as yet [[illegible]] two mules [[illegible]]. [[illegible]] account of [[illegible]] foot [[illegible]]. We [			
06-086-U008	06-086	06-086-P02	ACU CRS MS5 - 06 - Folder 3, Correspondence and Legal Papers.pdf	86	unread writing	[[illegible]]	 [[illegible]] but as yet [[illegible]] two mules [[illegible]]. [[illegible]] account of [[illegible]] foot [[illegible]]. We [[illegible]] ev			
06-086-U009	06-086	06-086-P02	ACU CRS MS5 - 06 - Folder 3, Correspondence and Legal Papers.pdf	86	unread writing	[[illegible]]	 [[illegible]] two mules [[illegible]]. [[illegible]] account of [[illegible]] foot [[illegible]]. We [[illegible]] every two weeks [[illegible			
06-086-U010	06-086	06-086-P02	ACU CRS MS5 - 06 - Folder 3, Correspondence and Legal Papers.pdf	86	unread writing	[[illegible]]	mules [[illegible]]. [[illegible]] account of [[illegible]] foot [[illegible]]. We [[illegible]] every two weeks [[illegible]] Jeppe will be co			
06-086-U011	06-086	06-086-P02	ACU CRS MS5 - 06 - Folder 3, Correspondence and Legal Papers.pdf	86	unread writing	[[illegible]]	]. [[illegible]] account of [[illegible]] foot [[illegible]]. We [[illegible]] every two weeks [[illegible]] Jeppe will be coming down [[illegi			
06-086-U012	06-086	06-086-P02	ACU CRS MS5 - 06 - Folder 3, Correspondence and Legal Papers.pdf	86	unread writing	[[illegible]]	illegible]] foot [[illegible]]. We [[illegible]] every two weeks [[illegible]] Jeppe will be coming down [[illegible]] here now. Beck and [[Was			
06-086-U013	06-086	06-086-P02	ACU CRS MS5 - 06 - Folder 3, Correspondence and Legal Papers.pdf	86	unread writing	[[illegible]]	egible]] every two weeks [[illegible]] Jeppe will be coming down [[illegible]] here now. Beck and [[Wash?]] have had to come [[illegible]] from			
06-086-U014	06-086	06-086-P02	ACU CRS MS5 - 06 - Folder 3, Correspondence and Legal Papers.pdf	86	tentative reading	[[Wash?]]	ble]] Jeppe will be coming down [[illegible]] here now. Beck and [[Wash?]] have had to come [[illegible]] from Grape Vine Springs. On accou			
06-086-U015	06-086	06-086-P02	ACU CRS MS5 - 06 - Folder 3, Correspondence and Legal Papers.pdf	86	unread writing	[[illegible]]	down [[illegible]] here now. Beck and [[Wash?]] have had to come [[illegible]] from Grape Vine Springs. On account of water being so scarce, [[			
06-086-U016	06-086	06-086-P02	ACU CRS MS5 - 06 - Folder 3, Correspondence and Legal Papers.pdf	86	unread writing	[[illegible]]	]] from Grape Vine Springs. On account of water being so scarce, [[illegible]] came home [[illegible]] Father with [[illegible]] Joda to stay [			
06-086-U017	06-086	06-086-P02	ACU CRS MS5 - 06 - Folder 3, Correspondence and Legal Papers.pdf	86	unread writing	[[illegible]]	gs. On account of water being so scarce, [[illegible]] came home [[illegible]] Father with [[illegible]] Joda to stay [[illegible]] probably he			
06-086-U018	06-086	06-086-P02	ACU CRS MS5 - 06 - Folder 3, Correspondence and Legal Papers.pdf	86	unread writing	[[illegible]]	ing so scarce, [[illegible]] came home [[illegible]] Father with [[illegible]] Joda to stay [[illegible]] probably he will not go back this sum			
06-086-U019	06-086	06-086-P02	ACU CRS MS5 - 06 - Folder 3, Correspondence and Legal Papers.pdf	86	unread writing	[[illegible]]	] came home [[illegible]] Father with [[illegible]] Joda to stay [[illegible]] probably he will not go back this summer. [[illegible]] very unc			
06-086-U020	06-086	06-086-P02	ACU CRS MS5 - 06 - Folder 3, Correspondence and Legal Papers.pdf	86	unread writing	[[illegible]]	 to stay [[illegible]] probably he will not go back this summer. [[illegible]] very uncertain [[illegible]] very gloomy. [[illegible]] some wat			
06-086-U021	06-086	06-086-P02	ACU CRS MS5 - 06 - Folder 3, Correspondence and Legal Papers.pdf	86	unread writing	[[illegible]]	ly he will not go back this summer. [[illegible]] very uncertain [[illegible]] very gloomy. [[illegible]] some water holes on the river, they h			
06-086-U022	06-086	06-086-P02	ACU CRS MS5 - 06 - Folder 3, Correspondence and Legal Papers.pdf	86	unread writing	[[illegible]]	 summer. [[illegible]] very uncertain [[illegible]] very gloomy. [[illegible]] some water holes on the river, they have none atall in their wel			
06-086-U023	06-086	06-086-P02	ACU CRS MS5 - 06 - Folder 3, Correspondence and Legal Papers.pdf	86	unread writing	[[illegible]]	e water holes on the river, they have none atall in their wells. [[illegible]] of that section [[illegible]] Ellen [[illegible]] wants to [[sel			
06-086-U024	06-086	06-086-P02	ACU CRS MS5 - 06 - Folder 3, Correspondence and Legal Papers.pdf	86	unread writing	[[illegible]]	ey have none atall in their wells. [[illegible]] of that section [[illegible]] Ellen [[illegible]] wants to [[sell?]] out, but none right off. 			
06-086-U025	06-086	06-086-P02	ACU CRS MS5 - 06 - Folder 3, Correspondence and Legal Papers.pdf	86	unread writing	[[illegible]]	n their wells. [[illegible]] of that section [[illegible]] Ellen [[illegible]] wants to [[sell?]] out, but none right off. In all probability t			
06-086-U026	06-086	06-086-P02	ACU CRS MS5 - 06 - Folder 3, Correspondence and Legal Papers.pdf	86	tentative reading	[[sell?]]	ble]] of that section [[illegible]] Ellen [[illegible]] wants to [[sell?]] out, but none right off. In all probability they will move to th			
06-086-U027	06-086	06-086-P02	ACU CRS MS5 - 06 - Folder 3, Correspondence and Legal Papers.pdf	86	unread writing	[[illegible]]	ity they will move to this neighborhood before this year is out. [[illegible]] are out of [[illegible]] service. They only have to [[illegible]			
06-086-U028	06-086	06-086-P02	ACU CRS MS5 - 06 - Folder 3, Correspondence and Legal Papers.pdf	86	unread writing	[[illegible]]	s neighborhood before this year is out. [[illegible]] are out of [[illegible]] service. They only have to [[illegible]] ten days out of every f			
06-086-U029	06-086	06-086-P02	ACU CRS MS5 - 06 - Folder 3, Correspondence and Legal Papers.pdf	86	unread writing	[[illegible]]	[illegible]] are out of [[illegible]] service. They only have to [[illegible]] ten days out of every forty. He thinks if he [[illegible]] Ellen			
06-086-U030	06-086	06-086-P02	ACU CRS MS5 - 06 - Folder 3, Correspondence and Legal Papers.pdf	86	unread writing	[[illegible]]	ve to [[illegible]] ten days out of every forty. He thinks if he [[illegible]] Ellen he will be exempt on account of [[illegible]] militia. I h			
06-086-U031	06-086	06-086-P02	ACU CRS MS5 - 06 - Folder 3, Correspondence and Legal Papers.pdf	86	unread writing	[[illegible]]	thinks if he [[illegible]] Ellen he will be exempt on account of [[illegible]] militia. I hope it may be the case. Some of their latest [[recru			
06-086-U032	06-086	06-086-P02	ACU CRS MS5 - 06 - Folder 3, Correspondence and Legal Papers.pdf	86	tentative reading	[[recruits?]]	gible]] militia. I hope it may be the case. Some of their latest [[recruits?]] at [[Tyler?]], are now deserting [[illegible]] Mr White and Mr [			
06-086-U033	06-086	06-086-P02	ACU CRS MS5 - 06 - Folder 3, Correspondence and Legal Papers.pdf	86	tentative reading	[[Tyler?]]	I hope it may be the case. Some of their latest [[recruits?]] at [[Tyler?]], are now deserting [[illegible]] Mr White and Mr [[illegible]]. 			
06-086-U034	06-086	06-086-P02	ACU CRS MS5 - 06 - Folder 3, Correspondence and Legal Papers.pdf	86	unread writing	[[illegible]]	e of their latest [[recruits?]] at [[Tyler?]], are now deserting [[illegible]] Mr White and Mr [[illegible]]. The story is that Mr White [[ille			
06-086-U035	06-086	06-086-P02	ACU CRS MS5 - 06 - Folder 3, Correspondence and Legal Papers.pdf	86	unread writing	[[illegible]]	] at [[Tyler?]], are now deserting [[illegible]] Mr White and Mr [[illegible]]. The story is that Mr White [[illegible]] settled on [[illegible			
06-086-U036	06-086	06-086-P02	ACU CRS MS5 - 06 - Folder 3, Correspondence and Legal Papers.pdf	86	unread writing	[[illegible]]	ible]] Mr White and Mr [[illegible]]. The story is that Mr White [[illegible]] settled on [[illegible]] to take him, but when they came up to h			
06-086-U037	06-086	06-086-P02	ACU CRS MS5 - 06 - Folder 3, Correspondence and Legal Papers.pdf	86	unread writing	[[illegible]]	illegible]]. The story is that Mr White [[illegible]] settled on [[illegible]] to take him, but when they came up to him Mrs White presented a 			
06-086-U038	06-086	06-086-P02	ACU CRS MS5 - 06 - Folder 3, Correspondence and Legal Papers.pdf	86	tentative reading	[[late?]]	. Hurrah! for some of the women dont you say so. As the night is [[late?]] I will quit and go to [[napping?]] [[illegible]] very strange we			
06-086-U039	06-086	06-086-P02	ACU CRS MS5 - 06 - Folder 3, Correspondence and Legal Papers.pdf	86	tentative reading	[[napping?]]	dont you say so. As the night is [[late?]] I will quit and go to [[napping?]] [[illegible]] very strange weather for this time of year cool dr			
06-086-U040	06-086	06-086-P02	ACU CRS MS5 - 06 - Folder 3, Correspondence and Legal Papers.pdf	86	unread writing	[[illegible]]	so. As the night is [[late?]] I will quit and go to [[napping?]] [[illegible]] very strange weather for this time of year cool dry and windy.			
06-086-U041	06-086	06-086-P03	ACU CRS MS5 - 06 - Folder 3, Correspondence and Legal Papers.pdf	86	tentative reading	[[I court the slumbers that care deserts?]]	“[[I court the slumbers that care deserts?]]”			
06-087-U001	06-087	06-087-P01	ACU CRS MS5 - 06 - Folder 3, Correspondence and Legal Papers.pdf	87	tentative reading	[[Wednesday?]]	[[Wednesday?]] night 15th This beautiful day has been passed very busily and pl			
06-087-U002	06-087	06-087-P01	ACU CRS MS5 - 06 - Folder 3, Correspondence and Legal Papers.pdf	87	tentative reading	[[Colburn?]]	y me, we have been putting in a piece of cloth, and this evening [[Colburn?]] and Henry R. came over. [[Colburn?]] came to stay all night to g			
06-087-U003	06-087	06-087-P01	ACU CRS MS5 - 06 - Folder 3, Correspondence and Legal Papers.pdf	87	tentative reading	[[Colburn?]]	 of cloth, and this evening [[Colburn?]] and Henry R. came over. [[Colburn?]] came to stay all night to go a turkey hunting with Joda in the m			
06-087-U004	06-087	06-087-P01	ACU CRS MS5 - 06 - Folder 3, Correspondence and Legal Papers.pdf	87	unread writing	[[illegible]]	em. We also have another pet up in these western thickets, which [[illegible]] we suppose to be a panther. There are a kind of pets I would rat			
06-087-U005	06-087	06-087-P01	ACU CRS MS5 - 06 - Folder 3, Correspondence and Legal Papers.pdf	87	tentative reading	[[Tennessee?]]	ttle more distant. On the subject of John Turneys, the people of [[Tennessee?]] are anxious that he shall get a six mule team if he can, if not 			
06-087-U006	06-087	06-087-P02	ACU CRS MS5 - 06 - Folder 3, Correspondence and Legal Papers.pdf	87	tentative reading	[[Louisa?]]	 questions I will not, for I never was as sanguine as Father and [[Louisa?]] we all told them they were too fast. But I always have and alway			
06-087-U007	06-087	06-087-P02	ACU CRS MS5 - 06 - Folder 3, Correspondence and Legal Papers.pdf	87	unread writing	[[illegible]]	phews Jno Smith who have returned to this section and report the [[illegible]]. They have joined Co. with [[illegible]]. This movement on the p			
06-087-U008	06-087	06-087-P02	ACU CRS MS5 - 06 - Folder 3, Correspondence and Legal Papers.pdf	87	unread writing	[[illegible]]	 section and report the [[illegible]]. They have joined Co. with [[illegible]]. This movement on the part of McCullough has rendered these men 			
06-090-U001	06-090	06-090-P01	ACU CRS MS5 - 06 - Folder 3, Correspondence and Legal Papers.pdf	90	tentative reading	[[her will intend?]]	d chickens, left the spinnack and what few cows she had. I think [[her will intend?]] coming back to attend to them. Father bought a sow and five shoa			
06-090-U002	06-090	06-090-P01	ACU CRS MS5 - 06 - Folder 3, Correspondence and Legal Papers.pdf	90	tentative reading	[[corn?]]	orn raised to feed them on. Father has reserved twenty acres for [[corn?]] and hungarian. Laura wrote to you, Gibson was to fix the fence; 			
06-090-U003	06-090	06-090-P01	ACU CRS MS5 - 06 - Folder 3, Correspondence and Legal Papers.pdf	90	tentative reading	[[Childsy?]]	ce in four more years. Old Abe is elected in all probability and [[Childsy?]] thinks it is best for if Mc. Clelland is elected says he, propos			
06-090-U004	06-090	06-090-P02	ACU CRS MS5 - 06 - Folder 3, Correspondence and Legal Papers.pdf	90	tentative reading	[[coo a night owl?]]	monday evening we were all sitting round the fire, when we heard [[coo a night owl?]] we looked out and sure enough there she was. [[Childsy?]] was ne			
06-090-U005	06-090	06-090-P02	ACU CRS MS5 - 06 - Folder 3, Correspondence and Legal Papers.pdf	90	tentative reading	[[Childsy?]]	[coo a night owl?]] we looked out and sure enough there she was. [[Childsy?]] was nearly frozen, but a warm fire soon set him to talking, and 			
06-091-U001	06-091	06-091-P01	ACU CRS MS5 - 06 - Folder 3, Correspondence and Legal Papers.pdf	91	tentative reading	[[Childsy?]]	I was right glad to see [[Childsy?]], you and Joda had talked so much about him, that he seemed like 			
06-091-U002	06-091	06-091-P02	ACU CRS MS5 - 06 - Folder 3, Correspondence and Legal Papers.pdf	91	tentative reading	[[Wyrman?]]	ened, his stay at home will be short. We recd a letter from Dock [[Wyrman?]] not long since, dated 10th Oct. He had just got Fathers letter a			
06-091-U003	06-091	06-091-P02	ACU CRS MS5 - 06 - Folder 3, Correspondence and Legal Papers.pdf	91	tentative reading	[[Rome?]]	o Dock. Many a soldier, these scarce times would have kept them. [[Rome?]] it seems has a notion of hanging on to the service. The last let			
06-092-U001	06-092	06-092-P01	ACU CRS MS5 - 06 - Folder 3, Correspondence and Legal Papers.pdf	92	tentative reading	[[eve?]]	Wednesday [[eve?]] 16th When I commenced writing I expected to send this to the off			
06-092-U002	06-092	06-092-P02	ACU CRS MS5 - 06 - Folder 3, Correspondence and Legal Papers.pdf	92	tentative reading	[[Lidda?]]	As an other item of news I will tell you about [[Lidda?]] Bakers nose. Dr. Mc. [[Curdy?]] is making her a new one; he made			
06-092-U003	06-092	06-092-P02	ACU CRS MS5 - 06 - Folder 3, Correspondence and Legal Papers.pdf	92	tentative reading	[[Curdy?]]	em of news I will tell you about [[Lidda?]] Bakers nose. Dr. Mc. [[Curdy?]] is making her a new one; he made a gold nose and then cut a piec			
06-092-U004	06-092	06-092-P04	ACU CRS MS5 - 06 - Folder 3, Correspondence and Legal Papers.pdf	92	unread writing	[[illegible]]	[[margin]] Aunt Bettie told me to tell you to write to her [[illegible]] Ark. [[/margin]]			
06-094-U001	06-094	06-094-P03	ACU CRS MS5 - 06 - Folder 3, Correspondence and Legal Papers.pdf	94	unread writing	[[illegible]]	illa’s sons) have deserted. And whose name do you expect to hear [[illegible]]? Tell no other than Squire. but uncle [[Givans?]] says this must			
06-094-U002	06-094	06-094-P03	ACU CRS MS5 - 06 - Folder 3, Correspondence and Legal Papers.pdf	94	tentative reading	[[Givans?]]	pect to hear [[illegible]]? Tell no other than Squire. but uncle [[Givans?]] says this must [[illegible]] out of the family I know not why un			
06-094-U003	06-094	06-094-P03	ACU CRS MS5 - 06 - Folder 3, Correspondence and Legal Papers.pdf	94	unread writing	[[illegible]]	 Tell no other than Squire. but uncle [[Givans?]] says this must [[illegible]] out of the family I know not why unless his boys wrote it home i			
06-094-U004	06-094	06-094-P03	ACU CRS MS5 - 06 - Folder 3, Correspondence and Legal Papers.pdf	94	tentative reading	[[Warthen?]]	 but he is behind the times, and had as well quit his noise. Tom [[Warthen?]] writes home that they have to keep a guard round Gurleys reg. to			
06-095-U001	06-095	06-095-P01	ACU CRS MS5 - 06 - Folder 3, Correspondence and Legal Papers.pdf	95	unread writing	[[illegible]]	rom him, but the probability is he is with his kin by this time. [[illegible]] was over the other day and spent the day with us. I remarked to 			
06-095-U002	06-095	06-095-P01	ACU CRS MS5 - 06 - Folder 3, Correspondence and Legal Papers.pdf	95	unread writing	[[illegible]]	ed to him that he was the most cheering rebel I had seen lately. [[illegible]] he had been all over Dallas county in the last [[illegible]] [[d			
06-095-U003	06-095	06-095-P01	ACU CRS MS5 - 06 - Folder 3, Correspondence and Legal Papers.pdf	95	unread writing	[[illegible]]	ly. [[illegible]] he had been all over Dallas county in the last [[illegible]] [[deleted: illegible]] [[illegible]] somebody’s [[illegible]] is			
06-095-U004	06-095	06-095-P01	ACU CRS MS5 - 06 - Folder 3, Correspondence and Legal Papers.pdf	95	unread writing	[[deleted: illegible]]	e]] he had been all over Dallas county in the last [[illegible]] [[deleted: illegible]] [[illegible]] somebody’s [[illegible]] is too careless and will 			
06-095-U005	06-095	06-095-P01	ACU CRS MS5 - 06 - Folder 3, Correspondence and Legal Papers.pdf	95	unread writing	[[illegible]]	r Dallas county in the last [[illegible]] [[deleted: illegible]] [[illegible]] somebody’s [[illegible]] is too careless and will [[illegible]] 			
06-095-U006	06-095	06-095-P01	ACU CRS MS5 - 06 - Folder 3, Correspondence and Legal Papers.pdf	95	unread writing	[[illegible]]	st [[illegible]] [[deleted: illegible]] [[illegible]] somebody’s [[illegible]] is too careless and will [[illegible]] some day.			
06-095-U007	06-095	06-095-P01	ACU CRS MS5 - 06 - Folder 3, Correspondence and Legal Papers.pdf	95	unread writing	[[illegible]]	 [[illegible]] somebody’s [[illegible]] is too careless and will [[illegible]] some day.			
06-095-U008	06-095	06-095-P02	ACU CRS MS5 - 06 - Folder 3, Correspondence and Legal Papers.pdf	95	unread writing	[[illegible]]	[[illegible]] are too highly colored [[illegible]] in all but the [[illegible]			
06-095-U009	06-095	06-095-P02	ACU CRS MS5 - 06 - Folder 3, Correspondence and Legal Papers.pdf	95	unread writing	[[illegible]]	[[illegible]] are too highly colored [[illegible]] in all but the [[illegible]] but I think there are men in this C			
06-095-U010	06-095	06-095-P02	ACU CRS MS5 - 06 - Folder 3, Correspondence and Legal Papers.pdf	95	unread writing	[[illegible]]	[illegible]] are too highly colored [[illegible]] in all but the [[illegible]] but I think there are men in this Confederacy, mean enough to pe			
06-095-U011	06-095	06-095-P02	ACU CRS MS5 - 06 - Folder 3, Correspondence and Legal Papers.pdf	95	unread writing	[[illegible]]	 for less motive, than Quantrills men were actuated by. At least [[illegible]] were taking vengeance for [[illegible]]. But there are men in th			
06-095-U012	06-095	06-095-P02	ACU CRS MS5 - 06 - Folder 3, Correspondence and Legal Papers.pdf	95	unread writing	[[illegible]]	re actuated by. At least [[illegible]] were taking vengeance for [[illegible]]. But there are men in this confederacy who murder for money and 			
06-095-U013	06-095	06-095-P02	ACU CRS MS5 - 06 - Folder 3, Correspondence and Legal Papers.pdf	95	tentative reading	[[Sherrol?]]	acy who murder for money and I have some reason to believe, that [[Sherrol?]] is one of them. I could [[illegible]] particulars for that man, 			
06-095-U014	06-095	06-095-P02	ACU CRS MS5 - 06 - Folder 3, Correspondence and Legal Papers.pdf	95	unread writing	[[illegible]]	ome reason to believe, that [[Sherrol?]] is one of them. I could [[illegible]] particulars for that man, although we have no money for him to w			
06-095-U015	06-095	06-095-P03	ACU CRS MS5 - 06 - Folder 3, Correspondence and Legal Papers.pdf	95	unread writing	[[illegible]]	Saturday night 20. / Uncle [[illegible]] has returned. Father went up this morning to see him, but he was			
06-095-U016	06-095	06-095-P03	ACU CRS MS5 - 06 - Folder 3, Correspondence and Legal Papers.pdf	95	unread writing	[[illegible]]	e him, but he was not at home. So Father did not get to see him. [[illegible]] are over [[illegible]] some were sent home. Jim White says the m			
06-095-U017	06-095	06-095-P03	ACU CRS MS5 - 06 - Folder 3, Correspondence and Legal Papers.pdf	95	unread writing	[[illegible]]	t home. So Father did not get to see him. [[illegible]] are over [[illegible]] some were sent home. Jim White says the militia [[illegible]] ar			
06-095-U018	06-095	06-095-P03	ACU CRS MS5 - 06 - Folder 3, Correspondence and Legal Papers.pdf	95	unread writing	[[illegible]]	er [[illegible]] some were sent home. Jim White says the militia [[illegible]] are armed with sticks. I would have doubted [[illegible]] it cam			
06-095-U019	06-095	06-095-P03	ACU CRS MS5 - 06 - Folder 3, Correspondence and Legal Papers.pdf	95	unread writing	[[illegible]]	ilitia [[illegible]] are armed with sticks. I would have doubted [[illegible]] it came from any [[illegible]] I have not [[illegible]] but I su			
06-095-U020	06-095	06-095-P03	ACU CRS MS5 - 06 - Folder 3, Correspondence and Legal Papers.pdf	95	unread writing	[[illegible]]	with sticks. I would have doubted [[illegible]] it came from any [[illegible]] I have not [[illegible]] but I suppose [[illegible]] relates, he			
06-095-U021	06-095	06-095-P03	ACU CRS MS5 - 06 - Folder 3, Correspondence and Legal Papers.pdf	95	unread writing	[[illegible]]	 doubted [[illegible]] it came from any [[illegible]] I have not [[illegible]] but I suppose [[illegible]] relates, he says his command had gun			
06-095-U022	06-095	06-095-P03	ACU CRS MS5 - 06 - Folder 3, Correspondence and Legal Papers.pdf	95	unread writing	[[illegible]]	me from any [[illegible]] I have not [[illegible]] but I suppose [[illegible]] relates, he says his command had guns as they were dismounted Ca			
06-095-U023	06-095	06-095-P04	ACU CRS MS5 - 06 - Folder 3, Correspondence and Legal Papers.pdf	95	tentative reading	[[Warneys?]]	 She says ask you what you did with all that love we sent you by [[Warneys?]] letter and if you are willing for that exchange. Laura wishes to			
06-098-U001	06-098	06-098-P01	ACU CRS MS5 - 06 - Folder 3, Correspondence and Legal Papers.pdf	98	unread writing	[[deleted: illegible]]	ut now he sleeps between two comrades in arms — John Morgan, and [[deleted: illegible]] [[inserted: Docter]] Gardner. Bob [[Head?]] and his lady called 			
06-098-U002	06-098	06-098-P01	ACU CRS MS5 - 06 - Folder 3, Correspondence and Legal Papers.pdf	98	tentative reading	[[Head?]]	an, and [[deleted: illegible]] [[inserted: Docter]] Gardner. Bob [[Head?]] and his lady called upon us yesterday morning; he is rapidly rec			
06-098-U003	06-098	06-098-P02	ACU CRS MS5 - 06 - Folder 3, Correspondence and Legal Papers.pdf	98	tentative reading	[[Coltr V.?]]	e people that were there. Parson Sansom preached in the morning, [[Coltr V.?]] in the evening. Had a splendid dinner on the ground and pretty g			
06-098-U004	06-098	06-098-P03	ACU CRS MS5 - 06 - Folder 3, Correspondence and Legal Papers.pdf	98	tentative reading	[[Liz?]]	 shall marry and be given in marriage” Last Sunday night Old Mrs [[Liz?]] Hawkins and Old Mr Love were united in the bonds of matrimony; a			
06-098-U005	06-098	06-098-P03	ACU CRS MS5 - 06 - Folder 3, Correspondence and Legal Papers.pdf	98	unread writing	[[illegible]]	n Co; It is reported she has a hundred negroes. All I can say is [[illegible]] her. Since the old people have gone to marrying I suppose the yo			
06-099-U001	06-099	06-099-P03	ACU CRS MS5 - 06 - Folder 3, Correspondence and Legal Papers.pdf	99	unread writing	[[illegible]]	ather now and the plentiful rains have made the garden grow very [[illegible]]. We heard from the meeting this evening and they are hardly thin			
06-099-U002	06-099	06-099-P04	ACU CRS MS5 - 06 - Folder 3, Correspondence and Legal Papers.pdf	99	unread writing	[[illegible]]	[[margin]] because she got nothing, but was [[illegible]] her [[illegible]] by saying I would buy [[/margin]]			
06-099-U003	06-099	06-099-P04	ACU CRS MS5 - 06 - Folder 3, Correspondence and Legal Papers.pdf	99	unread writing	[[illegible]]	[[margin]] because she got nothing, but was [[illegible]] her [[illegible]] by saying I would buy [[/margin]]			
06-099-U004	06-099	06-099-P05	ACU CRS MS5 - 06 - Folder 3, Correspondence and Legal Papers.pdf	99	unread writing	[[illegible]]	d go to milk my [[deleted: cows]] [[inserted: horses]] in yankee [[illegible]] [[/margin]]			
06-101-U001	06-101	06-101-P01	ACU CRS MS5 - 06 - Folder 3, Correspondence and Legal Papers.pdf	101	tentative reading	[[18th?]]	Liberty school house / August [[18th?]] 1864 No 16 / Dear Brother:			
06-101-U002	06-101	06-101-P02	ACU CRS MS5 - 06 - Folder 3, Correspondence and Legal Papers.pdf	101	tentative reading	[[W?]]	per which I suppose you must have sent, though directed by Joda. [[W?]] Jones passed by here yesterday though I didn’t see him. Some of 			
06-101-U003	06-101	06-101-P02	ACU CRS MS5 - 06 - Folder 3, Correspondence and Legal Papers.pdf	101	unread writing	[[illegible]]	 for the paper as we have none but scraps nor wont have till Mr. [[illegible]] gets back, or sends some, which he is to do. I have not been to 			
06-101-U004	06-101	06-101-P02	ACU CRS MS5 - 06 - Folder 3, Correspondence and Legal Papers.pdf	101	unread writing	[[illegible]]	do. I have not been to sisters for three weeks, neither seen him [[illegible]]. She was over tuesday, I dont remember I’ve heard from [[illegib			
06-101-U005	06-101	06-101-P02	ACU CRS MS5 - 06 - Folder 3, Correspondence and Legal Papers.pdf	101	unread writing	[[illegible]]	legible]]. She was over tuesday, I dont remember I’ve heard from [[illegible]]. I staid at Henrys Thursday night [[Sue?]] had just recd a lette			
06-101-U006	06-101	06-101-P02	ACU CRS MS5 - 06 - Folder 3, Correspondence and Legal Papers.pdf	101	tentative reading	[[Sue?]]	 I’ve heard from [[illegible]]. I staid at Henrys Thursday night [[Sue?]] had just recd a letter from Rome. They were four miles below San			
06-101-U007	06-101	06-101-P02	ACU CRS MS5 - 06 - Folder 3, Correspondence and Legal Papers.pdf	101	tentative reading	[[Henry?]]	and were paid off, then reloaded with other cotton to go on. Mr. [[Henry?]] got hauling back or was sent back, and he is to bring Sister and			
06-101-U008	06-101	06-101-P02	ACU CRS MS5 - 06 - Folder 3, Correspondence and Legal Papers.pdf	101	unread writing	[[illegible]]	the promise of hauling to Matamoras, which if they get they will [[illegible]] sight in Ellis soon. Next Summer [[Rob?]] says if he does not co			
06-101-U009	06-101	06-101-P02	ACU CRS MS5 - 06 - Folder 3, Correspondence and Legal Papers.pdf	101	tentative reading	[[Rob?]]	hey get they will [[illegible]] sight in Ellis soon. Next Summer [[Rob?]] says if he does not come, she must			
06-101-U010	06-101	06-101-P03	ACU CRS MS5 - 06 - Folder 3, Correspondence and Legal Papers.pdf	101	unread writing	[[illegible]]	[[margin]] [[illegible]] [[/margin]]			
06-102-U001	06-102	06-102-P01	ACU CRS MS5 - 06 - Folder 3, Correspondence and Legal Papers.pdf	102	unread writing	[[illegible]]	otel. This depends though on circumstances. I am still a visitor [[illegible]] school [[illegible]] and Lizzie Graves are the only girls of my 			
06-102-U002	06-102	06-102-P01	ACU CRS MS5 - 06 - Folder 3, Correspondence and Legal Papers.pdf	102	unread writing	[[illegible]]	ough on circumstances. I am still a visitor [[illegible]] school [[illegible]] and Lizzie Graves are the only girls of my age [[illegible]] is 			
06-102-U003	06-102	06-102-P01	ACU CRS MS5 - 06 - Folder 3, Correspondence and Legal Papers.pdf	102	unread writing	[[illegible]]	ool [[illegible]] and Lizzie Graves are the only girls of my age [[illegible]] is rather dull. It [[ever?]] makes [[illegible]] of the old Libe			
06-102-U004	06-102	06-102-P01	ACU CRS MS5 - 06 - Folder 3, Correspondence and Legal Papers.pdf	102	tentative reading	[[ever?]]	es are the only girls of my age [[illegible]] is rather dull. It [[ever?]] makes [[illegible]] of the old Liberty Spring. We go there [[ill			
06-102-U005	06-102	06-102-P01	ACU CRS MS5 - 06 - Folder 3, Correspondence and Legal Papers.pdf	102	unread writing	[[illegible]]	girls of my age [[illegible]] is rather dull. It [[ever?]] makes [[illegible]] of the old Liberty Spring. We go there [[illegible]] every day t			
06-102-U006	06-102	06-102-P01	ACU CRS MS5 - 06 - Folder 3, Correspondence and Legal Papers.pdf	102	unread writing	[[illegible]]	er?]] makes [[illegible]] of the old Liberty Spring. We go there [[illegible]] every day to eat our dinner, and it always causes a sinking of m			
06-102-U007	06-102	06-102-P01	ACU CRS MS5 - 06 - Folder 3, Correspondence and Legal Papers.pdf	102	tentative reading	[[merry troop of S S?]]	ok at the familiar objects round it. I never can forget all that [[merry troop of S S?]]. Miss Beckett lives in this neighbourhood yet I believe she is t			
06-102-U008	06-102	06-102-P01	ACU CRS MS5 - 06 - Folder 3, Correspondence and Legal Papers.pdf	102	tentative reading	[[and?]]	e) to the four winds. We are having rather a wet week this week, [[and?]] (for the consequence) plenty of fleas. They are about as thick a			
06-102-U009	06-102	06-102-P01	ACU CRS MS5 - 06 - Folder 3, Correspondence and Legal Papers.pdf	102	tentative reading	[[Mrs Justin and Fannie?]]	ins wife she died yesterday I have not heard what was the cause. [[Mrs Justin and Fannie?]] [[bitten?]] by a rather [[inserted: sudden]] gadding mania. I th			
06-102-U010	06-102	06-102-P01	ACU CRS MS5 - 06 - Folder 3, Correspondence and Legal Papers.pdf	102	tentative reading	[[bitten?]]	 I have not heard what was the cause. [[Mrs Justin and Fannie?]] [[bitten?]] by a rather [[inserted: sudden]] gadding mania. I think she is [			
06-102-U011	06-102	06-102-P01	ACU CRS MS5 - 06 - Folder 3, Correspondence and Legal Papers.pdf	102	unread writing	[[illegible]]	] by a rather [[inserted: sudden]] gadding mania. I think she is [[illegible]] a little to gay, again my ear strikes.			
06-103-U001	06-103	06-103-P02	ACU CRS MS5 - 06 - Folder 3, Correspondence and Legal Papers.pdf	103	tentative reading	[[wole?]]	a well for two or three weeks past and intends to finish dig and [[wole?]] it with white rock before he thinks about fixing to go back. His			
06-103-U002	06-103	06-103-P03	ACU CRS MS5 - 06 - Folder 3, Correspondence and Legal Papers.pdf	103	unread writing	[[illegible]]	in]] I wont write any more while Lizzie is at home I am not well [[illegible]] [[/margin]]			
06-104-U001	06-104	06-104-P01	ACU CRS MS5 - 06 - Folder 3, Correspondence and Legal Papers.pdf	104	tentative reading	[[Coffy?]]	nt morning. I sat up till two oclock last night. Ellen and Laura [[Coffy?]] Mrs [[Graithwaite?]] Jennie Bell and uncle Johny Joe Witherspoon			
06-104-U002	06-104	06-104-P01	ACU CRS MS5 - 06 - Folder 3, Correspondence and Legal Papers.pdf	104	tentative reading	[[Graithwaite?]]	at up till two oclock last night. Ellen and Laura [[Coffy?]] Mrs [[Graithwaite?]] Jennie Bell and uncle Johny Joe Witherspoon and Mr and Miss Anth			
06-104-U003	06-104	06-104-P02	ACU CRS MS5 - 06 - Folder 3, Correspondence and Legal Papers.pdf	104	tentative reading	[[Grames?]]	the 7th I suppose it is not true. Mother and Sue have gone to Mr [[Grames?]] Father to Mr Grounds to take some socks to send to Cousin Dock b			
06-106-U001	06-106	06-106-P03	ACU CRS MS5 - 06 - Folder 3, Correspondence and Legal Papers.pdf	106	obstruction	[[obscured: approximately 3 lines across dark band]]	[[obscured: approximately 3 lines across dark band]] [[illegible]] would go to preaching so I stopped short off. Satu			
06-106-U002	06-106	06-106-P03	ACU CRS MS5 - 06 - Folder 3, Correspondence and Legal Papers.pdf	106	unread writing	[[illegible]]	[[obscured: approximately 3 lines across dark band]] [[illegible]] would go to preaching so I stopped short off. Saturday night Mar			
06-106-U003	06-106	06-106-P03	ACU CRS MS5 - 06 - Folder 3, Correspondence and Legal Papers.pdf	106	unread writing	[[deleted: illegible]]	d sermons. On Sunday a good many of the methodists brethren were [[deleted: illegible]] on account of having Sunday school in the morning and you know t			
06-107-U001	06-107	06-107-P01	ACU CRS MS5 - 06 - Folder 3, Correspondence and Legal Papers.pdf	107	tentative reading	[[in a great few points?]]	ing and Austin made a few remarks after Jones got through saying [[in a great few points?]] [[illegible]] the Bro. differed; but in a great many things they			
06-107-U002	06-107	06-107-P01	ACU CRS MS5 - 06 - Folder 3, Correspondence and Legal Papers.pdf	107	unread writing	[[illegible]]	emarks after Jones got through saying [[in a great few points?]] [[illegible]] the Bro. differed; but in a great many things they occupied comm			
06-107-U003	06-107	06-107-P01	ACU CRS MS5 - 06 - Folder 3, Correspondence and Legal Papers.pdf	107	unread writing	[[illegible]]	ings atall I dont think. Jones says when you all left Dallas, he [[illegible]] Mr. Stone and preached once for you somewhere on the road. Perha			
06-107-U004	06-107	06-107-P02	ACU CRS MS5 - 06 - Folder 3, Correspondence and Legal Papers.pdf	107	obstruction	[[obscured: approximately 2 lines across dark band]]	ortation. Fields did not like to grant it, but at last consented [[obscured: approximately 2 lines across dark band]] [[illegible]] could start from [[illegible]] field to day or tom			
06-107-U005	06-107	06-107-P02	ACU CRS MS5 - 06 - Folder 3, Correspondence and Legal Papers.pdf	107	unread writing	[[illegible]]	t consented [[obscured: approximately 2 lines across dark band]] [[illegible]] could start from [[illegible]] field to day or tomorrow. Joda ha			
06-107-U006	06-107	06-107-P02	ACU CRS MS5 - 06 - Folder 3, Correspondence and Legal Papers.pdf	107	unread writing	[[illegible]]	mately 2 lines across dark band]] [[illegible]] could start from [[illegible]] field to day or tomorrow. Joda has now gone to Tarrant to have t			
06-107-U007	06-107	06-107-P02	ACU CRS MS5 - 06 - Folder 3, Correspondence and Legal Papers.pdf	107	tentative reading	[[But its all?]]	etter as Fields positively refused to let him have a mule train. [[But its all?]] We must wait patiently for when they do get the things here will			
06-107-U008	06-107	06-107-P03	ACU CRS MS5 - 06 - Folder 3, Correspondence and Legal Papers.pdf	107	unread writing	[[illegible]]	[[margin]] [[illegible]] [[/margin]]			
06-109-U001	06-109	06-109-P04	ACU CRS MS5 - 06 - Folder 3, Correspondence and Legal Papers.pdf	109	unread writing	[[deleted: illegible]]	ing to bury her, her little brother was taken suddenly, and died [[deleted: illegible]] in two hours he had had a chill or two before, but got up and he			
06-110-U001	06-110	06-110-P01	ACU CRS MS5 - 06 - Folder 3, Correspondence and Legal Papers.pdf	110	tentative reading	[[Culphers?]]	Mr. Telly — Nancy [[Culphers?]] husband — has been in bad health for a long time: on last Sunday			
06-110-U002	06-110	06-110-P02	ACU CRS MS5 - 06 - Folder 3, Correspondence and Legal Papers.pdf	110	unread writing	[[deleted: illegible]]	to stay for dinner but he was in such a hurry he did not want to [[deleted: illegible]] talk about it. I reckon thats the way they all are when they get			
06-110-U003	06-110	06-110-P04	ACU CRS MS5 - 06 - Folder 3, Correspondence and Legal Papers.pdf	110	unread writing	[[illegible]]	nine pounds. We thank you for the book [[inserted: you sent me]] [[illegible]] [[/margin]]			
06-110-U004	06-110	06-110-P05	ACU CRS MS5 - 06 - Folder 3, Correspondence and Legal Papers.pdf	110	unread writing	[[illegible]]	[[margin]] [[illegible]] says tell uncle [[illegible]] to see him [[/margin]]			
06-110-U005	06-110	06-110-P05	ACU CRS MS5 - 06 - Folder 3, Correspondence and Legal Papers.pdf	110	unread writing	[[illegible]]	[[margin]] [[illegible]] says tell uncle [[illegible]] to see him [[/margin]]			
06-111-U001	06-111	06-111-P01	ACU CRS MS5 - 06 - Folder 3, Correspondence and Legal Papers.pdf	111	unread writing	[[deleted: illegible]]	ine with all his might, consequently discussion [[inserted: is]] [[deleted: illegible]] rife. You wondered in one of yours, whether the good feeling whi			
06-111-U002	06-111	06-111-P01	ACU CRS MS5 - 06 - Folder 3, Correspondence and Legal Papers.pdf	111	tentative reading	[[Batakers?]]	, so after studying on it awhile they appointed a meeting in Mr. [[Batakers?]] neighborhood embracing the same time! Not exactly as warm toward			
06-111-U003	06-111	06-111-P02	ACU CRS MS5 - 06 - Folder 3, Correspondence and Legal Papers.pdf	111	tentative reading	[[Burnard?]]	h the church — Milton Rawlins, his wife, Sarah Selby, and Lizzie [[Burnard?]]. The meeting closed on monday night at which time Bro Jones prea			
06-112-U001	06-112	06-112-P01	ACU CRS MS5 - 06 - Folder 3, Correspondence and Legal Papers.pdf	112	unread writing	[[deleted: illegible]]	 was done, but an other protracted meeting was appointed for the [[deleted: illegible]] beginning friday night before the first Sunday in Oct. Bro Goodm			
06-112-U002	06-112	06-112-P02	ACU CRS MS5 - 06 - Folder 3, Correspondence and Legal Papers.pdf	112	unread writing	[[deleted: illegible]]	Parson Austin was [[deleted: illegible]] waiting on Lis. Gibbs last Sunday, and [[gave?]] Saturday night.			
06-112-U003	06-112	06-112-P02	ACU CRS MS5 - 06 - Folder 3, Correspondence and Legal Papers.pdf	112	tentative reading	[[gave?]]	as [[deleted: illegible]] waiting on Lis. Gibbs last Sunday, and [[gave?]] Saturday night. Dont you think that is right early? his wife has			
06-112-U004	06-112	06-112-P02	ACU CRS MS5 - 06 - Folder 3, Correspondence and Legal Papers.pdf	112	unread writing	[[deleted: illegible]]	other item is, that Mary Morgan is to be married to night to Mr. [[deleted: illegible]] Phipp. And so they go. You wish to know if I would not like to p			
06-114-U001	06-114	06-114-P02	ACU CRS MS5 - 06 - Folder 3, Correspondence and Legal Papers.pdf	114	unread writing	[[illegible]]	To day we [[illegible]] as usual [[illegible]] washing, which I believe you [[illegible]			
06-114-U002	06-114	06-114-P02	ACU CRS MS5 - 06 - Folder 3, Correspondence and Legal Papers.pdf	114	unread writing	[[illegible]]	To day we [[illegible]] as usual [[illegible]] washing, which I believe you [[illegible]] is not a very pleasan			
06-114-U003	06-114	06-114-P02	ACU CRS MS5 - 06 - Folder 3, Correspondence and Legal Papers.pdf	114	unread writing	[[illegible]]	[illegible]] as usual [[illegible]] washing, which I believe you [[illegible]] is not a very pleasant employment. [[illegible]] this evening I 			
06-114-U004	06-114	06-114-P02	ACU CRS MS5 - 06 - Folder 3, Correspondence and Legal Papers.pdf	114	unread writing	[[illegible]]	h I believe you [[illegible]] is not a very pleasant employment. [[illegible]] this evening I find yours of July [[26th?]] to Laura and Joda's 			
06-114-U005	06-114	06-114-P02	ACU CRS MS5 - 06 - Folder 3, Correspondence and Legal Papers.pdf	114	tentative reading	[[26th?]]	sant employment. [[illegible]] this evening I find yours of July [[26th?]] to Laura and Joda's of 28th had been recd, which was a very plea			
06-114-U006	06-114	06-114-P02	ACU CRS MS5 - 06 - Folder 3, Correspondence and Legal Papers.pdf	114	unread writing	[[illegible]]	prise. Though I am sorry to hear through Joda that you have been [[illegible]] in the Reg. You seemed to be getting along so well in the [[ille			
06-114-U007	06-114	06-114-P02	ACU CRS MS5 - 06 - Folder 3, Correspondence and Legal Papers.pdf	114	unread writing	[[illegible]]	ible]] in the Reg. You seemed to be getting along so well in the [[illegible]] I almost wished you could remain there. You seem to think P. H's			
06-114-U008	06-114	06-114-P02	ACU CRS MS5 - 06 - Folder 3, Correspondence and Legal Papers.pdf	114	unread writing	[[illegible]]	 that he had to marry while the field was clear. I dont know how [[illegible]] I can hear the young gents at [[illegible]] think they can get “			
06-114-U009	06-114	06-114-P02	ACU CRS MS5 - 06 - Folder 3, Correspondence and Legal Papers.pdf	114	unread writing	[[illegible]]	ear. I dont know how [[illegible]] I can hear the young gents at [[illegible]] think they can get “[[obscured: ink blot]] and choice”. But I he			
06-114-U010	06-114	06-114-P02	ACU CRS MS5 - 06 - Folder 3, Correspondence and Legal Papers.pdf	114	obstruction	[[obscured: ink blot]]	 I can hear the young gents at [[illegible]] think they can get “[[obscured: ink blot]] and choice”. But I heard a couple of these, who in their own [[i			
06-114-U011	06-114	06-114-P02	ACU CRS MS5 - 06 - Folder 3, Correspondence and Legal Papers.pdf	114	unread writing	[[illegible]]	t]] and choice”. But I heard a couple of these, who in their own [[illegible]], are [[illegible]] walking [[illegible]] wisdom and who cant fin			
06-114-U012	06-114	06-114-P02	ACU CRS MS5 - 06 - Folder 3, Correspondence and Legal Papers.pdf	114	unread writing	[[illegible]]	t I heard a couple of these, who in their own [[illegible]], are [[illegible]] walking [[illegible]] wisdom and who cant find but some of these			
06-114-U013	06-114	06-114-P02	ACU CRS MS5 - 06 - Folder 3, Correspondence and Legal Papers.pdf	114	unread writing	[[illegible]]	these, who in their own [[illegible]], are [[illegible]] walking [[illegible]] wisdom and who cant find but some of these [[illegible]] who thi			
06-114-U014	06-114	06-114-P02	ACU CRS MS5 - 06 - Folder 3, Correspondence and Legal Papers.pdf	114	unread writing	[[illegible]]	walking [[illegible]] wisdom and who cant find but some of these [[illegible]] who think they can get any body [[illegible]] and every [[illegi			
06-114-U015	06-114	06-114-P02	ACU CRS MS5 - 06 - Folder 3, Correspondence and Legal Papers.pdf	114	unread writing	[[illegible]]	 but some of these [[illegible]] who think they can get any body [[illegible]] and every [[illegible]] they can get talking very indiscreet; yo			
06-114-U016	06-114	06-114-P02	ACU CRS MS5 - 06 - Folder 3, Correspondence and Legal Papers.pdf	114	unread writing	[[illegible]]	egible]] who think they can get any body [[illegible]] and every [[illegible]] they can get talking very indiscreet; you know I [[illegible]] s			
06-114-U017	06-114	06-114-P02	ACU CRS MS5 - 06 - Folder 3, Correspondence and Legal Papers.pdf	114	unread writing	[[illegible]]	y [[illegible]] they can get talking very indiscreet; you know I [[illegible]] several such [[illegible]] as Ive heard [[illegible]] say those 			
06-114-U018	06-114	06-114-P02	ACU CRS MS5 - 06 - Folder 3, Correspondence and Legal Papers.pdf	114	unread writing	[[illegible]]	t talking very indiscreet; you know I [[illegible]] several such [[illegible]] as Ive heard [[illegible]] say those who are always [[illegible]			
06-114-U019	06-114	06-114-P02	ACU CRS MS5 - 06 - Folder 3, Correspondence and Legal Papers.pdf	114	unread writing	[[illegible]]	you know I [[illegible]] several such [[illegible]] as Ive heard [[illegible]] say those who are always [[illegible]], I knowed exactly what th			
06-114-U020	06-114	06-114-P02	ACU CRS MS5 - 06 - Folder 3, Correspondence and Legal Papers.pdf	114	unread writing	[[illegible]]	[illegible]] as Ive heard [[illegible]] say those who are always [[illegible]], I knowed exactly what they said they would with;			
06-114-U021	06-114	06-114-P03	ACU CRS MS5 - 06 - Folder 3, Correspondence and Legal Papers.pdf	114	unread writing	[[illegible]]	[[margin]] Aug 7th [[illegible]] this morning [[illegible]] down with the [[illegible]], [[illegi			
06-114-U022	06-114	06-114-P03	ACU CRS MS5 - 06 - Folder 3, Correspondence and Legal Papers.pdf	114	unread writing	[[illegible]]	[[margin]] Aug 7th [[illegible]] this morning [[illegible]] down with the [[illegible]], [[illegible]] dead [[illegible]] th			
06-114-U023	06-114	06-114-P03	ACU CRS MS5 - 06 - Folder 3, Correspondence and Legal Papers.pdf	114	unread writing	[[illegible]]	] Aug 7th [[illegible]] this morning [[illegible]] down with the [[illegible]], [[illegible]] dead [[illegible]] the meanwhile, as attributed t			
06-114-U024	06-114	06-114-P03	ACU CRS MS5 - 06 - Folder 3, Correspondence and Legal Papers.pdf	114	unread writing	[[illegible]]	egible]] this morning [[illegible]] down with the [[illegible]], [[illegible]] dead [[illegible]] the meanwhile, as attributed to [[illegible]]			
06-114-U025	06-114	06-114-P03	ACU CRS MS5 - 06 - Folder 3, Correspondence and Legal Papers.pdf	114	unread writing	[[illegible]]	ng [[illegible]] down with the [[illegible]], [[illegible]] dead [[illegible]] the meanwhile, as attributed to [[illegible]] [[/margin]]			
06-114-U026	06-114	06-114-P03	ACU CRS MS5 - 06 - Folder 3, Correspondence and Legal Papers.pdf	114	unread writing	[[illegible]]	[[illegible]] dead [[illegible]] the meanwhile, as attributed to [[illegible]] [[/margin]]			
06-115-U001	06-115	06-115-P01	ACU CRS MS5 - 06 - Folder 3, Correspondence and Legal Papers.pdf	115	tentative reading	[[griping?]]	[[separate block: left-hand leaf]] / one particularly, by [[griping?]] her round [[waist?]] and [[illegible]] looking about like a “fel			
06-115-U002	06-115	06-115-P01	ACU CRS MS5 - 06 - Folder 3, Correspondence and Legal Papers.pdf	115	tentative reading	[[waist?]]	ck: left-hand leaf]] / one particularly, by [[griping?]] her round [[waist?]] and [[illegible]] looking about like a “fellow” Will [[illegible			
06-115-U003	06-115	06-115-P01	ACU CRS MS5 - 06 - Folder 3, Correspondence and Legal Papers.pdf	115	unread writing	[[illegible]]	eaf]] / one particularly, by [[griping?]] her round [[waist?]] and [[illegible]] looking about like a “fellow” Will [[illegible]] yet [[illegible			
06-115-U004	06-115	06-115-P01	ACU CRS MS5 - 06 - Folder 3, Correspondence and Legal Papers.pdf	115	unread writing	[[illegible]]	 [[waist?]] and [[illegible]] looking about like a “fellow” Will [[illegible]] yet [[illegible]] dont [[illegible]] reclining in one these [[il			
06-115-U005	06-115	06-115-P01	ACU CRS MS5 - 06 - Folder 3, Correspondence and Legal Papers.pdf	115	unread writing	[[illegible]]	illegible]] looking about like a “fellow” Will [[illegible]] yet [[illegible]] dont [[illegible]] reclining in one these [[illegible]] as we ha			
06-115-U006	06-115	06-115-P01	ACU CRS MS5 - 06 - Folder 3, Correspondence and Legal Papers.pdf	115	unread writing	[[illegible]]	 about like a “fellow” Will [[illegible]] yet [[illegible]] dont [[illegible]] reclining in one these [[illegible]] as we had [[illegible]] our			
06-115-U007	06-115	06-115-P01	ACU CRS MS5 - 06 - Folder 3, Correspondence and Legal Papers.pdf	115	unread writing	[[illegible]]	le]] yet [[illegible]] dont [[illegible]] reclining in one these [[illegible]] as we had [[illegible]] our young [[illegible]] we were [[illegi			
06-115-U008	06-115	06-115-P01	ACU CRS MS5 - 06 - Folder 3, Correspondence and Legal Papers.pdf	115	unread writing	[[illegible]]	ont [[illegible]] reclining in one these [[illegible]] as we had [[illegible]] our young [[illegible]] we were [[illegible]] for [[illegible]] 			
06-115-U009	06-115	06-115-P01	ACU CRS MS5 - 06 - Folder 3, Correspondence and Legal Papers.pdf	115	unread writing	[[illegible]]	ing in one these [[illegible]] as we had [[illegible]] our young [[illegible]] we were [[illegible]] for [[illegible]] we may [[illegible]] now			
06-115-U010	06-115	06-115-P01	ACU CRS MS5 - 06 - Folder 3, Correspondence and Legal Papers.pdf	115	unread writing	[[illegible]]	egible]] as we had [[illegible]] our young [[illegible]] we were [[illegible]] for [[illegible]] we may [[illegible]] now to put on [[illegible			
06-115-U011	06-115	06-115-P01	ACU CRS MS5 - 06 - Folder 3, Correspondence and Legal Papers.pdf	115	unread writing	[[illegible]]	 [[illegible]] our young [[illegible]] we were [[illegible]] for [[illegible]] we may [[illegible]] now to put on [[illegible]] before the war 			
06-115-U012	06-115	06-115-P01	ACU CRS MS5 - 06 - Folder 3, Correspondence and Legal Papers.pdf	115	unread writing	[[illegible]]	ung [[illegible]] we were [[illegible]] for [[illegible]] we may [[illegible]] now to put on [[illegible]] before the war is over. Well as you 			
06-115-U013	06-115	06-115-P01	ACU CRS MS5 - 06 - Folder 3, Correspondence and Legal Papers.pdf	115	unread writing	[[illegible]]	illegible]] for [[illegible]] we may [[illegible]] now to put on [[illegible]] before the war is over. Well as you [[illegible]] they say young			
06-115-U014	06-115	06-115-P01	ACU CRS MS5 - 06 - Folder 3, Correspondence and Legal Papers.pdf	115	unread writing	[[illegible]]	 now to put on [[illegible]] before the war is over. Well as you [[illegible]] they say young men are so scarce [[illegible]] one was very [[il			
06-115-U015	06-115	06-115-P01	ACU CRS MS5 - 06 - Folder 3, Correspondence and Legal Papers.pdf	115	unread writing	[[illegible]]	over. Well as you [[illegible]] they say young men are so scarce [[illegible]] one was very [[illegible]] on us the other evening, but instead 			
06-115-U016	06-115	06-115-P01	ACU CRS MS5 - 06 - Folder 3, Correspondence and Legal Papers.pdf	115	unread writing	[[illegible]]	le]] they say young men are so scarce [[illegible]] one was very [[illegible]] on us the other evening, but instead of [[illegible]] the desire			
06-115-U017	06-115	06-115-P01	ACU CRS MS5 - 06 - Folder 3, Correspondence and Legal Papers.pdf	115	unread writing	[[illegible]]	e was very [[illegible]] on us the other evening, but instead of [[illegible]] the desired effect a sty has made its appearance on my eye since			
06-115-U018	06-115	06-115-P01	ACU CRS MS5 - 06 - Folder 3, Correspondence and Legal Papers.pdf	115	tentative reading	[[pulling?]]	t to this neighborhood now; he came over to invite us to a candy [[pulling?]] at his uncle graves's given in honor [[illegible]] who was to st			
06-115-U019	06-115	06-115-P01	ACU CRS MS5 - 06 - Folder 3, Correspondence and Legal Papers.pdf	115	unread writing	[[illegible]]	 us to a candy [[pulling?]] at his uncle graves's given in honor [[illegible]] who was to start back to the army Wednesday. Some how or other I			
06-115-U020	06-115	06-115-P01	ACU CRS MS5 - 06 - Folder 3, Correspondence and Legal Papers.pdf	115	unread writing	[[illegible]]	nesday. Some how or other I didnt feel like honoring Joe with my [[illegible]] so I didnt attend; Laura and Joe went over and [[illegible]] a v			
06-115-U021	06-115	06-115-P01	ACU CRS MS5 - 06 - Folder 3, Correspondence and Legal Papers.pdf	115	unread writing	[[illegible]]	 my [[illegible]] so I didnt attend; Laura and Joe went over and [[illegible]] a very nice supper [[illegible]] had, i. e. [[illegible]] Em's, 			
06-115-U022	06-115	06-115-P01	ACU CRS MS5 - 06 - Folder 3, Correspondence and Legal Papers.pdf	115	unread writing	[[illegible]]	nd; Laura and Joe went over and [[illegible]] a very nice supper [[illegible]] had, i. e. [[illegible]] Em's, Bee, May and [[illegible]] were t			
06-115-U023	06-115	06-115-P01	ACU CRS MS5 - 06 - Folder 3, Correspondence and Legal Papers.pdf	115	unread writing	[[illegible]]	er and [[illegible]] a very nice supper [[illegible]] had, i. e. [[illegible]] Em's, Bee, May and [[illegible]] were there, [[illegible]] and M			
06-115-U024	06-115	06-115-P01	ACU CRS MS5 - 06 - Folder 3, Correspondence and Legal Papers.pdf	115	unread writing	[[illegible]]	supper [[illegible]] had, i. e. [[illegible]] Em's, Bee, May and [[illegible]] were there, [[illegible]] and Mary Orr were the only [[illegible			
06-115-U025	06-115	06-115-P01	ACU CRS MS5 - 06 - Folder 3, Correspondence and Legal Papers.pdf	115	unread writing	[[illegible]]	i. e. [[illegible]] Em's, Bee, May and [[illegible]] were there, [[illegible]] and Mary Orr were the only [[illegible]] at all [[illegible]]. [			
06-115-U026	06-115	06-115-P01	ACU CRS MS5 - 06 - Folder 3, Correspondence and Legal Papers.pdf	115	unread writing	[[illegible]]	illegible]] were there, [[illegible]] and Mary Orr were the only [[illegible]] at all [[illegible]]. [[illegible]] Sue, Bee, Joe [[illegible]],			
06-115-U027	06-115	06-115-P01	ACU CRS MS5 - 06 - Folder 3, Correspondence and Legal Papers.pdf	115	unread writing	[[illegible]]	e, [[illegible]] and Mary Orr were the only [[illegible]] at all [[illegible]]. [[illegible]] Sue, Bee, Joe [[illegible]], Bob Andrews Joe and 			
06-115-U028	06-115	06-115-P01	ACU CRS MS5 - 06 - Folder 3, Correspondence and Legal Papers.pdf	115	unread writing	[[illegible]]	] and Mary Orr were the only [[illegible]] at all [[illegible]]. [[illegible]] Sue, Bee, Joe [[illegible]], Bob Andrews Joe and “Ed the genus.”			
06-115-U029	06-115	06-115-P01	ACU CRS MS5 - 06 - Folder 3, Correspondence and Legal Papers.pdf	115	unread writing	[[illegible]]	 [[illegible]] at all [[illegible]]. [[illegible]] Sue, Bee, Joe [[illegible]], Bob Andrews Joe and “Ed the genus.” I will write you know Ed, h			
06-115-U030	06-115	06-115-P02	ACU CRS MS5 - 06 - Folder 3, Correspondence and Legal Papers.pdf	115	unread writing	[[illegible]]	[[separate block: right-hand leaf]] / Well [[illegible]] last monday was election day. The result is this, Frank Hawkins 			
06-115-U031	06-115	06-115-P02	ACU CRS MS5 - 06 - Folder 3, Correspondence and Legal Papers.pdf	115	tentative reading	[[Bib?]]	med Motes Mr Love, (Bay's Father and the same one Mal. married). [[Bib?]] Hawkins, [[Tom?]] [[Coltham?]] and [[Mr?]] [[illegible]] were th			
06-115-U032	06-115	06-115-P02	ACU CRS MS5 - 06 - Folder 3, Correspondence and Legal Papers.pdf	115	tentative reading	[[Tom?]]	 (Bay's Father and the same one Mal. married). [[Bib?]] Hawkins, [[Tom?]] [[Coltham?]] and [[Mr?]] [[illegible]] were the candidates for [			
06-115-U033	06-115	06-115-P02	ACU CRS MS5 - 06 - Folder 3, Correspondence and Legal Papers.pdf	115	tentative reading	[[Coltham?]]	ather and the same one Mal. married). [[Bib?]] Hawkins, [[Tom?]] [[Coltham?]] and [[Mr?]] [[illegible]] were the candidates for [[Circuit?]] C			
06-115-U034	06-115	06-115-P02	ACU CRS MS5 - 06 - Folder 3, Correspondence and Legal Papers.pdf	115	tentative reading	[[Mr?]]	e one Mal. married). [[Bib?]] Hawkins, [[Tom?]] [[Coltham?]] and [[Mr?]] [[illegible]] were the candidates for [[Circuit?]] Clerk and [[i			
06-115-U035	06-115	06-115-P02	ACU CRS MS5 - 06 - Folder 3, Correspondence and Legal Papers.pdf	115	unread writing	[[illegible]]	l. married). [[Bib?]] Hawkins, [[Tom?]] [[Coltham?]] and [[Mr?]] [[illegible]] were the candidates for [[Circuit?]] Clerk and [[illegible]] was			
06-115-U036	06-115	06-115-P02	ACU CRS MS5 - 06 - Folder 3, Correspondence and Legal Papers.pdf	115	tentative reading	[[Circuit?]]	] [[Coltham?]] and [[Mr?]] [[illegible]] were the candidates for [[Circuit?]] Clerk and [[illegible]] was the one who I wanted to vote. You kn			
06-115-U037	06-115	06-115-P02	ACU CRS MS5 - 06 - Folder 3, Correspondence and Legal Papers.pdf	115	unread writing	[[illegible]]	?]] [[illegible]] were the candidates for [[Circuit?]] Clerk and [[illegible]] was the one who I wanted to vote. You know [[illegible]] was for			
06-115-U038	06-115	06-115-P02	ACU CRS MS5 - 06 - Folder 3, Correspondence and Legal Papers.pdf	115	unread writing	[[illegible]]	erk and [[illegible]] was the one who I wanted to vote. You know [[illegible]] was for Mr [[illegible]] But, as usual, my wishes were not consu			
06-115-U039	06-115	06-115-P02	ACU CRS MS5 - 06 - Folder 3, Correspondence and Legal Papers.pdf	115	unread writing	[[illegible]]	 the one who I wanted to vote. You know [[illegible]] was for Mr [[illegible]] But, as usual, my wishes were not consulted, and Mr. was beaten.			
06-115-U040	06-115	06-115-P02	ACU CRS MS5 - 06 - Folder 3, Correspondence and Legal Papers.pdf	115	tentative reading	[[Norvell?]]	ore the election & got only ninety votes. Love 130, Coltham 159. [[Norvell?]] will now live [[illegible]], but he already holds two offices—en			
06-115-U041	06-115	06-115-P02	ACU CRS MS5 - 06 - Folder 3, Correspondence and Legal Papers.pdf	115	unread writing	[[illegible]]	 ninety votes. Love 130, Coltham 159. [[Norvell?]] will now live [[illegible]], but he already holds two offices—enrolling officer, and general			
06-115-U042	06-115	06-115-P02	ACU CRS MS5 - 06 - Folder 3, Correspondence and Legal Papers.pdf	115	unread writing	[[illegible]]	s two offices—enrolling officer, and general of the militia. Abb [[illegible]] was taken under [[illegible]] and [[illegible]], now [[illegible			
06-115-U043	06-115	06-115-P02	ACU CRS MS5 - 06 - Folder 3, Correspondence and Legal Papers.pdf	115	unread writing	[[illegible]]	r, and general of the militia. Abb [[illegible]] was taken under [[illegible]] and [[illegible]], now [[illegible]] the militia again, although			
06-115-U044	06-115	06-115-P02	ACU CRS MS5 - 06 - Folder 3, Correspondence and Legal Papers.pdf	115	unread writing	[[illegible]]	the militia. Abb [[illegible]] was taken under [[illegible]] and [[illegible]], now [[illegible]] the militia again, although uncle he was 50 l			
06-115-U045	06-115	06-115-P02	ACU CRS MS5 - 06 - Folder 3, Correspondence and Legal Papers.pdf	115	unread writing	[[illegible]]	illegible]] was taken under [[illegible]] and [[illegible]], now [[illegible]] the militia again, although uncle he was 50 last Sep and was giv			
06-115-U046	06-115	06-115-P02	ACU CRS MS5 - 06 - Folder 3, Correspondence and Legal Papers.pdf	115	unread writing	[[illegible]]	s 50 last Sep and was given all his time in the last month. When [[illegible]] was enrolled before he protested against serving any longer than			
06-115-U047	06-115	06-115-P02	ACU CRS MS5 - 06 - Folder 3, Correspondence and Legal Papers.pdf	115	unread writing	[[illegible]]	till he was fifty. He now says, he is going to stay at home till [[illegible]] after him, and then he is going to sue for false imprisonment, a			
06-115-U048	06-115	06-115-P02	ACU CRS MS5 - 06 - Folder 3, Correspondence and Legal Papers.pdf	115	unread writing	[[illegible]]	is rights. They tried to get uncle Jim to go on with him, but he [[illegible]] submits as usual. I am sleepy so goodnight Em Gibbs staid with u			
06-115-U049	06-115	06-115-P03	ACU CRS MS5 - 06 - Folder 3, Correspondence and Legal Papers.pdf	115	unread writing	[[illegible]]	[[margin]] [[illegible]] [[/margin]]			
06-116-U001	06-116	06-116-P02	ACU CRS MS5 - 06 - Folder 3, Correspondence and Legal Papers.pdf	116	tentative reading	[[Lis's?]]	Saturday 6th This morning Mother, Laura and I went over to [[Lis's?]] [[illegible]] Bro Goodman preached [[illegible]] a literary [[il			
06-116-U002	06-116	06-116-P02	ACU CRS MS5 - 06 - Folder 3, Correspondence and Legal Papers.pdf	116	unread writing	[[illegible]]	day 6th This morning Mother, Laura and I went over to [[Lis's?]] [[illegible]] Bro Goodman preached [[illegible]] a literary [[illegible]] disc			
06-116-U003	06-116	06-116-P02	ACU CRS MS5 - 06 - Folder 3, Correspondence and Legal Papers.pdf	116	unread writing	[[illegible]]	and I went over to [[Lis's?]] [[illegible]] Bro Goodman preached [[illegible]] a literary [[illegible]] discourse. He [[illegible]] may [[illeg			
06-116-U004	06-116	06-116-P02	ACU CRS MS5 - 06 - Folder 3, Correspondence and Legal Papers.pdf	116	unread writing	[[illegible]]	s?]] [[illegible]] Bro Goodman preached [[illegible]] a literary [[illegible]] discourse. He [[illegible]] may [[illegible]] What a [[illegible			
06-116-U005	06-116	06-116-P02	ACU CRS MS5 - 06 - Folder 3, Correspondence and Legal Papers.pdf	116	unread writing	[[illegible]]	an preached [[illegible]] a literary [[illegible]] discourse. He [[illegible]] may [[illegible]] What a [[illegible]] to be [[illegible]] for a			
06-116-U006	06-116	06-116-P02	ACU CRS MS5 - 06 - Folder 3, Correspondence and Legal Papers.pdf	116	unread writing	[[illegible]]	gible]] a literary [[illegible]] discourse. He [[illegible]] may [[illegible]] What a [[illegible]] to be [[illegible]] for a [[illegible]] pre			
06-116-U007	06-116	06-116-P02	ACU CRS MS5 - 06 - Folder 3, Correspondence and Legal Papers.pdf	116	unread writing	[[illegible]]	illegible]] discourse. He [[illegible]] may [[illegible]] What a [[illegible]] to be [[illegible]] for a [[illegible]] preacher, but to [[illeg			
06-116-U008	06-116	06-116-P02	ACU CRS MS5 - 06 - Folder 3, Correspondence and Legal Papers.pdf	116	unread writing	[[illegible]]	e. He [[illegible]] may [[illegible]] What a [[illegible]] to be [[illegible]] for a [[illegible]] preacher, but to [[illegible]] some [[illegi			
06-116-U009	06-116	06-116-P02	ACU CRS MS5 - 06 - Folder 3, Correspondence and Legal Papers.pdf	116	unread writing	[[illegible]]	may [[illegible]] What a [[illegible]] to be [[illegible]] for a [[illegible]] preacher, but to [[illegible]] some [[illegible]] to [[illegible			
06-116-U010	06-116	06-116-P02	ACU CRS MS5 - 06 - Folder 3, Correspondence and Legal Papers.pdf	116	unread writing	[[illegible]]	gible]] to be [[illegible]] for a [[illegible]] preacher, but to [[illegible]] some [[illegible]] to [[illegible]] in public. [[illegible]] was			
06-116-U011	06-116	06-116-P02	ACU CRS MS5 - 06 - Folder 3, Correspondence and Legal Papers.pdf	116	unread writing	[[illegible]]	egible]] for a [[illegible]] preacher, but to [[illegible]] some [[illegible]] to [[illegible]] in public. [[illegible]] was like [[illegible]]			
06-116-U012	06-116	06-116-P02	ACU CRS MS5 - 06 - Folder 3, Correspondence and Legal Papers.pdf	116	unread writing	[[illegible]]	illegible]] preacher, but to [[illegible]] some [[illegible]] to [[illegible]] in public. [[illegible]] was like [[illegible]] in his conversat			
06-116-U013	06-116	06-116-P02	ACU CRS MS5 - 06 - Folder 3, Correspondence and Legal Papers.pdf	116	unread writing	[[illegible]]	 to [[illegible]] some [[illegible]] to [[illegible]] in public. [[illegible]] was like [[illegible]] in his conversation, and he [[illegible]]			
06-116-U014	06-116	06-116-P02	ACU CRS MS5 - 06 - Folder 3, Correspondence and Legal Papers.pdf	116	unread writing	[[illegible]]	[[illegible]] to [[illegible]] in public. [[illegible]] was like [[illegible]] in his conversation, and he [[illegible]] the same way. The cong			
06-116-U015	06-116	06-116-P02	ACU CRS MS5 - 06 - Folder 3, Correspondence and Legal Papers.pdf	116	unread writing	[[illegible]]	[[illegible]] was like [[illegible]] in his conversation, and he [[illegible]] the same way. The congregation was [[illegible]] grown [[illegib			
06-116-U016	06-116	06-116-P02	ACU CRS MS5 - 06 - Folder 3, Correspondence and Legal Papers.pdf	116	unread writing	[[illegible]]	rsation, and he [[illegible]] the same way. The congregation was [[illegible]] grown [[illegible]] with two children. [[illegible]] find that t			
06-116-U017	06-116	06-116-P02	ACU CRS MS5 - 06 - Folder 3, Correspondence and Legal Papers.pdf	116	unread writing	[[illegible]]	legible]] the same way. The congregation was [[illegible]] grown [[illegible]] with two children. [[illegible]] find that to [[illegible]] and 			
06-116-U018	06-116	06-116-P02	ACU CRS MS5 - 06 - Folder 3, Correspondence and Legal Papers.pdf	116	unread writing	[[illegible]]	egation was [[illegible]] grown [[illegible]] with two children. [[illegible]] find that to [[illegible]] and [[illegible]], to have [[illegibl			
06-116-U019	06-116	06-116-P02	ACU CRS MS5 - 06 - Folder 3, Correspondence and Legal Papers.pdf	116	unread writing	[[illegible]]	rown [[illegible]] with two children. [[illegible]] find that to [[illegible]] and [[illegible]], to have [[illegible]] or other [[illegible]] 			
06-116-U020	06-116	06-116-P02	ACU CRS MS5 - 06 - Folder 3, Correspondence and Legal Papers.pdf	116	unread writing	[[illegible]]	 with two children. [[illegible]] find that to [[illegible]] and [[illegible]], to have [[illegible]] or other [[illegible]] an [[illegible]] s			
06-116-U021	06-116	06-116-P02	ACU CRS MS5 - 06 - Folder 3, Correspondence and Legal Papers.pdf	116	unread writing	[[illegible]]	llegible]] find that to [[illegible]] and [[illegible]], to have [[illegible]] or other [[illegible]] an [[illegible]] sermon, or [[illegible]]			
06-116-U022	06-116	06-116-P02	ACU CRS MS5 - 06 - Folder 3, Correspondence and Legal Papers.pdf	116	unread writing	[[illegible]]	 [[illegible]] and [[illegible]], to have [[illegible]] or other [[illegible]] an [[illegible]] sermon, or [[illegible]] of [[illegible]] of an			
06-116-U023	06-116	06-116-P02	ACU CRS MS5 - 06 - Folder 3, Correspondence and Legal Papers.pdf	116	unread writing	[[illegible]]	d [[illegible]], to have [[illegible]] or other [[illegible]] an [[illegible]] sermon, or [[illegible]] of [[illegible]] of an old negro gettin			
06-116-U024	06-116	06-116-P02	ACU CRS MS5 - 06 - Folder 3, Correspondence and Legal Papers.pdf	116	unread writing	[[illegible]]	[[illegible]] or other [[illegible]] an [[illegible]] sermon, or [[illegible]] of [[illegible]] of an old negro getting [[religion?]], interlar			
06-116-U025	06-116	06-116-P02	ACU CRS MS5 - 06 - Folder 3, Correspondence and Legal Papers.pdf	116	unread writing	[[illegible]]	other [[illegible]] an [[illegible]] sermon, or [[illegible]] of [[illegible]] of an old negro getting [[religion?]], interlarded with a few el			
06-116-U026	06-116	06-116-P02	ACU CRS MS5 - 06 - Folder 3, Correspondence and Legal Papers.pdf	116	tentative reading	[[religion?]]	ermon, or [[illegible]] of [[illegible]] of an old negro getting [[religion?]], interlarded with a few elegant phrases concerning “rotten eggs”			
06-116-U027	06-116	06-116-P02	ACU CRS MS5 - 06 - Folder 3, Correspondence and Legal Papers.pdf	116	unread writing	[[illegible]]	a few elegant phrases concerning “rotten eggs” and “brick bats”. [[illegible]] is a very [[illegible]] preacher. [[illegible]] from the [[illeg			
06-116-U028	06-116	06-116-P02	ACU CRS MS5 - 06 - Folder 3, Correspondence and Legal Papers.pdf	116	unread writing	[[illegible]]	ncerning “rotten eggs” and “brick bats”. [[illegible]] is a very [[illegible]] preacher. [[illegible]] from the [[illegible]]. But, one thing f			
06-116-U029	06-116	06-116-P02	ACU CRS MS5 - 06 - Folder 3, Correspondence and Legal Papers.pdf	116	unread writing	[[illegible]]	nd “brick bats”. [[illegible]] is a very [[illegible]] preacher. [[illegible]] from the [[illegible]]. But, one thing from this [[illegible]] o			
06-116-U030	06-116	06-116-P02	ACU CRS MS5 - 06 - Folder 3, Correspondence and Legal Papers.pdf	116	unread writing	[[illegible]]	gible]] is a very [[illegible]] preacher. [[illegible]] from the [[illegible]]. But, one thing from this [[illegible]] of [[illegible]]. Do you			
06-116-U031	06-116	06-116-P02	ACU CRS MS5 - 06 - Folder 3, Correspondence and Legal Papers.pdf	116	unread writing	[[illegible]]	. [[illegible]] from the [[illegible]]. But, one thing from this [[illegible]] of [[illegible]]. Do you [[illegible]] still doing with your nei			
06-116-U032	06-116	06-116-P02	ACU CRS MS5 - 06 - Folder 3, Correspondence and Legal Papers.pdf	116	unread writing	[[illegible]]	rom the [[illegible]]. But, one thing from this [[illegible]] of [[illegible]]. Do you [[illegible]] still doing with your neighbors [[illegibl			
06-116-U033	06-116	06-116-P02	ACU CRS MS5 - 06 - Folder 3, Correspondence and Legal Papers.pdf	116	unread writing	[[illegible]]	 But, one thing from this [[illegible]] of [[illegible]]. Do you [[illegible]] still doing with your neighbors [[illegible]] quarrels—i. e. [[i			
06-116-U034	06-116	06-116-P02	ACU CRS MS5 - 06 - Folder 3, Correspondence and Legal Papers.pdf	116	unread writing	[[illegible]]	llegible]]. Do you [[illegible]] still doing with your neighbors [[illegible]] quarrels—i. e. [[illegible]] religious [[illegible]] with theirs			
06-116-U035	06-116	06-116-P02	ACU CRS MS5 - 06 - Folder 3, Correspondence and Legal Papers.pdf	116	unread writing	[[illegible]]	e]] still doing with your neighbors [[illegible]] quarrels—i. e. [[illegible]] religious [[illegible]] with theirs, [[illegible]] but “thou can			
06-116-U036	06-116	06-116-P02	ACU CRS MS5 - 06 - Folder 3, Correspondence and Legal Papers.pdf	116	unread writing	[[illegible]]	r neighbors [[illegible]] quarrels—i. e. [[illegible]] religious [[illegible]] with theirs, [[illegible]] but “thou canst [[illegible]] man [[i			
06-116-U037	06-116	06-116-P02	ACU CRS MS5 - 06 - Folder 3, Correspondence and Legal Papers.pdf	116	unread writing	[[illegible]]	uarrels—i. e. [[illegible]] religious [[illegible]] with theirs, [[illegible]] but “thou canst [[illegible]] man [[illegible]]”. Dont you [[ill			
06-116-U038	06-116	06-116-P02	ACU CRS MS5 - 06 - Folder 3, Correspondence and Legal Papers.pdf	116	unread writing	[[illegible]]	ligious [[illegible]] with theirs, [[illegible]] but “thou canst [[illegible]] man [[illegible]]”. Dont you [[illegible]] it seems [[illegible]			
06-116-U039	06-116	06-116-P02	ACU CRS MS5 - 06 - Folder 3, Correspondence and Legal Papers.pdf	116	unread writing	[[illegible]]	e]] with theirs, [[illegible]] but “thou canst [[illegible]] man [[illegible]]”. Dont you [[illegible]] it seems [[illegible]] the [[obscured: 			
06-116-U040	06-116	06-116-P02	ACU CRS MS5 - 06 - Folder 3, Correspondence and Legal Papers.pdf	116	unread writing	[[illegible]]	ble]] but “thou canst [[illegible]] man [[illegible]]”. Dont you [[illegible]] it seems [[illegible]] the [[obscured: ink blot]] [[illegible]].			
06-116-U041	06-116	06-116-P02	ACU CRS MS5 - 06 - Folder 3, Correspondence and Legal Papers.pdf	116	unread writing	[[illegible]]	[illegible]] man [[illegible]]”. Dont you [[illegible]] it seems [[illegible]] the [[obscured: ink blot]] [[illegible]]. The methodists [[illeg			
06-116-U042	06-116	06-116-P02	ACU CRS MS5 - 06 - Folder 3, Correspondence and Legal Papers.pdf	116	obstruction	[[obscured: ink blot]]	[illegible]]”. Dont you [[illegible]] it seems [[illegible]] the [[obscured: ink blot]] [[illegible]]. The methodists [[illegible]] their big meeting [[			
06-116-U043	06-116	06-116-P02	ACU CRS MS5 - 06 - Folder 3, Correspondence and Legal Papers.pdf	116	unread writing	[[illegible]]	 [[illegible]] it seems [[illegible]] the [[obscured: ink blot]] [[illegible]]. The methodists [[illegible]] their big meeting [[illegible]] Su			
06-116-U044	06-116	06-116-P02	ACU CRS MS5 - 06 - Folder 3, Correspondence and Legal Papers.pdf	116	unread writing	[[illegible]]	gible]] the [[obscured: ink blot]] [[illegible]]. The methodists [[illegible]] their big meeting [[illegible]] Sunday [[illegible]] and [[illeg			
06-116-U045	06-116	06-116-P02	ACU CRS MS5 - 06 - Folder 3, Correspondence and Legal Papers.pdf	116	unread writing	[[illegible]]	]] [[illegible]]. The methodists [[illegible]] their big meeting [[illegible]] Sunday [[illegible]] and [[illegible]] at [[illegible]] weeks. T			
06-116-U046	06-116	06-116-P02	ACU CRS MS5 - 06 - Folder 3, Correspondence and Legal Papers.pdf	116	unread writing	[[illegible]]	 methodists [[illegible]] their big meeting [[illegible]] Sunday [[illegible]] and [[illegible]] at [[illegible]] weeks. They have now [[illegi			
06-116-U047	06-116	06-116-P02	ACU CRS MS5 - 06 - Folder 3, Correspondence and Legal Papers.pdf	116	unread writing	[[illegible]]	gible]] their big meeting [[illegible]] Sunday [[illegible]] and [[illegible]] at [[illegible]] weeks. They have now [[illegible]] at [[illegib			
06-116-U048	06-116	06-116-P02	ACU CRS MS5 - 06 - Folder 3, Correspondence and Legal Papers.pdf	116	unread writing	[[illegible]]	 meeting [[illegible]] Sunday [[illegible]] and [[illegible]] at [[illegible]] weeks. They have now [[illegible]] at [[illegible]] somewhere ne			
06-116-U049	06-116	06-116-P02	ACU CRS MS5 - 06 - Folder 3, Correspondence and Legal Papers.pdf	116	unread writing	[[illegible]]	egible]] and [[illegible]] at [[illegible]] weeks. They have now [[illegible]] at [[illegible]] somewhere near Cedar Hill.			
06-116-U050	06-116	06-116-P02	ACU CRS MS5 - 06 - Folder 3, Correspondence and Legal Papers.pdf	116	unread writing	[[illegible]]	legible]] at [[illegible]] weeks. They have now [[illegible]] at [[illegible]] somewhere near Cedar Hill.			
06-116-U051	06-116	06-116-P03	ACU CRS MS5 - 06 - Folder 3, Correspondence and Legal Papers.pdf	116	unread writing	[[illegible]]	[[illegible]] has [[illegible]] River on to the 24th [[illegible]] all well [[			
06-116-U052	06-116	06-116-P03	ACU CRS MS5 - 06 - Folder 3, Correspondence and Legal Papers.pdf	116	unread writing	[[illegible]]	[[illegible]] has [[illegible]] River on to the 24th [[illegible]] all well [[illegible]] River.			
06-116-U053	06-116	06-116-P03	ACU CRS MS5 - 06 - Folder 3, Correspondence and Legal Papers.pdf	116	unread writing	[[illegible]]	[[illegible]] has [[illegible]] River on to the 24th [[illegible]] all well [[illegible]] River. [[illegible]] will [[illegible]] b			
06-116-U054	06-116	06-116-P03	ACU CRS MS5 - 06 - Folder 3, Correspondence and Legal Papers.pdf	116	unread writing	[[illegible]]	]] has [[illegible]] River on to the 24th [[illegible]] all well [[illegible]] River. [[illegible]] will [[illegible]] be scarcely [[illegible]			
06-116-U055	06-116	06-116-P03	ACU CRS MS5 - 06 - Folder 3, Correspondence and Legal Papers.pdf	116	unread writing	[[illegible]]	River on to the 24th [[illegible]] all well [[illegible]] River. [[illegible]] will [[illegible]] be scarcely [[illegible]] to [[illegible]] ti			
06-116-U056	06-116	06-116-P03	ACU CRS MS5 - 06 - Folder 3, Correspondence and Legal Papers.pdf	116	unread writing	[[illegible]]	h [[illegible]] all well [[illegible]] River. [[illegible]] will [[illegible]] be scarcely [[illegible]] to [[illegible]] till [[illegible]] ag			
06-116-U057	06-116	06-116-P03	ACU CRS MS5 - 06 - Folder 3, Correspondence and Legal Papers.pdf	116	unread writing	[[illegible]]	[illegible]] River. [[illegible]] will [[illegible]] be scarcely [[illegible]] to [[illegible]] till [[illegible]] again consequently the [[ill			
06-116-U058	06-116	06-116-P03	ACU CRS MS5 - 06 - Folder 3, Correspondence and Legal Papers.pdf	116	unread writing	[[illegible]]	r. [[illegible]] will [[illegible]] be scarcely [[illegible]] to [[illegible]] till [[illegible]] again consequently the [[illegible]] George [			
06-116-U059	06-116	06-116-P03	ACU CRS MS5 - 06 - Folder 3, Correspondence and Legal Papers.pdf	116	unread writing	[[illegible]]	ll [[illegible]] be scarcely [[illegible]] to [[illegible]] till [[illegible]] again consequently the [[illegible]] George [[illegible]] (if [[			
06-116-U060	06-116	06-116-P03	ACU CRS MS5 - 06 - Folder 3, Correspondence and Legal Papers.pdf	116	unread writing	[[illegible]]	ble]] to [[illegible]] till [[illegible]] again consequently the [[illegible]] George [[illegible]] (if [[illegible]]) [[illegible]] George [[i			
06-116-U061	06-116	06-116-P03	ACU CRS MS5 - 06 - Folder 3, Correspondence and Legal Papers.pdf	116	unread writing	[[illegible]]	] till [[illegible]] again consequently the [[illegible]] George [[illegible]] (if [[illegible]]) [[illegible]] George [[illegible]] the [[ille			
06-116-U062	06-116	06-116-P03	ACU CRS MS5 - 06 - Folder 3, Correspondence and Legal Papers.pdf	116	unread writing	[[illegible]]	]] again consequently the [[illegible]] George [[illegible]] (if [[illegible]]) [[illegible]] George [[illegible]] the [[illegible]]. We hope [			
06-116-U063	06-116	06-116-P03	ACU CRS MS5 - 06 - Folder 3, Correspondence and Legal Papers.pdf	116	unread writing	[[illegible]]	uently the [[illegible]] George [[illegible]] (if [[illegible]]) [[illegible]] George [[illegible]] the [[illegible]]. We hope [[illegible]] to			
06-116-U064	06-116	06-116-P03	ACU CRS MS5 - 06 - Folder 3, Correspondence and Legal Papers.pdf	116	unread writing	[[illegible]]	e]] George [[illegible]] (if [[illegible]]) [[illegible]] George [[illegible]] the [[illegible]]. We hope [[illegible]] to [[illegible]] and [[			
06-116-U065	06-116	06-116-P03	ACU CRS MS5 - 06 - Folder 3, Correspondence and Legal Papers.pdf	116	unread writing	[[illegible]]	ible]] (if [[illegible]]) [[illegible]] George [[illegible]] the [[illegible]]. We hope [[illegible]] to [[illegible]] and [[illegible]] I rema			
06-116-U066	06-116	06-116-P03	ACU CRS MS5 - 06 - Folder 3, Correspondence and Legal Papers.pdf	116	unread writing	[[illegible]]	]) [[illegible]] George [[illegible]] the [[illegible]]. We hope [[illegible]] to [[illegible]] and [[illegible]] I remain Lizzie			
06-116-U067	06-116	06-116-P03	ACU CRS MS5 - 06 - Folder 3, Correspondence and Legal Papers.pdf	116	unread writing	[[illegible]]	George [[illegible]] the [[illegible]]. We hope [[illegible]] to [[illegible]] and [[illegible]] I remain Lizzie			
06-116-U068	06-116	06-116-P03	ACU CRS MS5 - 06 - Folder 3, Correspondence and Legal Papers.pdf	116	unread writing	[[illegible]]	]] the [[illegible]]. We hope [[illegible]] to [[illegible]] and [[illegible]] I remain Lizzie			
06-117-U001	06-117	06-117-P01	ACU CRS MS5 - 06 - Folder 3, Correspondence and Legal Papers.pdf	117	tentative reading	[[reliable?]]	We have no [[reliable?]] news from La. / [[cant?]] hear a word from [[Thad Co.?]] / althoug i			
06-117-U002	06-117	06-117-P01	ACU CRS MS5 - 06 - Folder 3, Correspondence and Legal Papers.pdf	117	tentative reading	[[cant?]]	We have no [[reliable?]] news from La. / [[cant?]] hear a word from [[Thad Co.?]] / althoug it will soon be a month / S			
06-117-U003	06-117	06-117-P01	ACU CRS MS5 - 06 - Folder 3, Correspondence and Legal Papers.pdf	117	tentative reading	[[Thad Co.?]]	e have no [[reliable?]] news from La. / [[cant?]] hear a word from [[Thad Co.?]] / althoug it will soon be a month / Since the battle. It is rumour / [			
06-117-U004	06-117	06-117-P01	ACU CRS MS5 - 06 - Folder 3, Correspondence and Legal Papers.pdf	117	loss	[[lost: torn edge]]	] / althoug it will soon be a month / Since the battle. It is rumour / [[lost: torn edge]] here that we have whipt Steel / in Ars and captured two hundd / wagg			
06-117-U005	06-117	06-117-P01	ACU CRS MS5 - 06 - Folder 3, Correspondence and Legal Papers.pdf	117	loss	[[lost: torn edge]]	hundd / waggons. Seven men were recent / ly hung near Kentuckey Town / [[lost: torn edge]] one of these named [[Chisol?]] Mrs / [[lost: torn edge]] went to [			
06-117-U006	06-117	06-117-P01	ACU CRS MS5 - 06 - Folder 3, Correspondence and Legal Papers.pdf	117	tentative reading	[[Chisol?]]	 hung near Kentuckey Town / [[lost: torn edge]] one of these named [[Chisol?]] Mrs / [[lost: torn edge]] went to [[illegible]] the Guardian / (the 			
06-117-U007	06-117	06-117-P01	ACU CRS MS5 - 06 - Folder 3, Correspondence and Legal Papers.pdf	117	loss	[[lost: torn edge]]	ckey Town / [[lost: torn edge]] one of these named [[Chisol?]] Mrs / [[lost: torn edge]] went to [[illegible]] the Guardian / (the man that raised her husb			
06-117-U008	06-117	06-117-P01	ACU CRS MS5 - 06 - Folder 3, Correspondence and Legal Papers.pdf	117	unread writing	[[illegible]]	] one of these named [[Chisol?]] Mrs / [[lost: torn edge]] went to [[illegible]] the Guardian / (the man that raised her husba[[lost: torn edge]]) / 			
06-117-U009	06-117	06-117-P01	ACU CRS MS5 - 06 - Folder 3, Correspondence and Legal Papers.pdf	117	loss	[[lost: torn edge]]	went to [[illegible]] the Guardian / (the man that raised her husba[[lost: torn edge]]) / [[lost: torn edge]] to go with her to see if it was / [[lost: tor			
06-117-U010	06-117	06-117-P01	ACU CRS MS5 - 06 - Folder 3, Correspondence and Legal Papers.pdf	117	loss	[[lost: torn edge]]	 the Guardian / (the man that raised her husba[[lost: torn edge]]) / [[lost: torn edge]] to go with her to see if it was / [[lost: torn edge]] him. he woul			
06-117-U011	06-117	06-117-P01	ACU CRS MS5 - 06 - Folder 3, Correspondence and Legal Papers.pdf	117	loss	[[lost: torn edge]]	torn edge]]) / [[lost: torn edge]] to go with her to see if it was / [[lost: torn edge]] him. he would not go. said / [[lost: torn edge]] they ought to han			
06-117-U012	06-117	06-117-P01	ACU CRS MS5 - 06 - Folder 3, Correspondence and Legal Papers.pdf	117	loss	[[lost: torn edge]]	 to see if it was / [[lost: torn edge]] him. he would not go. said / [[lost: torn edge]] they ought to hang him if / [[lost: torn edge]] he want so see abo			
06-117-U013	06-117	06-117-P01	ACU CRS MS5 - 06 - Folder 3, Correspondence and Legal Papers.pdf	117	loss	[[lost: torn edge]]	would not go. said / [[lost: torn edge]] they ought to hang him if / [[lost: torn edge]] he want so see about [[illegible]] / [[lost: torn edge]] Sister Li			
06-117-U014	06-117	06-117-P01	ACU CRS MS5 - 06 - Folder 3, Correspondence and Legal Papers.pdf	117	unread writing	[[illegible]]	ey ought to hang him if / [[lost: torn edge]] he want so see about [[illegible]] / [[lost: torn edge]] Sister Lizzie			
06-117-U015	06-117	06-117-P01	ACU CRS MS5 - 06 - Folder 3, Correspondence and Legal Papers.pdf	117	loss	[[lost: torn edge]]	ng him if / [[lost: torn edge]] he want so see about [[illegible]] / [[lost: torn edge]] Sister Lizzie			
06-118-U001	06-118	06-118-P01	ACU CRS MS5 - 06 - Folder 3, Correspondence and Legal Papers.pdf	118	loss	[[lost: torn edge]]	[[lost: torn edge]] [[illegible]] a few more words / and close. [[illegible]] has succ			
06-118-U002	06-118	06-118-P01	ACU CRS MS5 - 06 - Folder 3, Correspondence and Legal Papers.pdf	118	unread writing	[[illegible]]	[[lost: torn edge]] [[illegible]] a few more words / and close. [[illegible]] has succeeded in / getti			
06-118-U003	06-118	06-118-P01	ACU CRS MS5 - 06 - Folder 3, Correspondence and Legal Papers.pdf	118	unread writing	[[illegible]]	[[lost: torn edge]] [[illegible]] a few more words / and close. [[illegible]] has succeeded in / getting in as a teamster [[illegible]] Z. / [[Tac			
06-118-U004	06-118	06-118-P01	ACU CRS MS5 - 06 - Folder 3, Correspondence and Legal Papers.pdf	118	unread writing	[[illegible]]	d close. [[illegible]] has succeeded in / getting in as a teamster [[illegible]] Z. / [[Tackett?]] has got in to drive one of / R's teams. They are n			
06-118-U005	06-118	06-118-P01	ACU CRS MS5 - 06 - Folder 3, Correspondence and Legal Papers.pdf	118	tentative reading	[[Tackett?]]	ble]] has succeeded in / getting in as a teamster [[illegible]] Z. / [[Tackett?]] has got in to drive one of / R's teams. They are now preparing / to 			
06-118-U006	06-118	06-118-P01	ACU CRS MS5 - 06 - Folder 3, Correspondence and Legal Papers.pdf	118	tentative reading	[[go?]]	ow preparing / to start, so you see good luck / for Robertson. It is [[go?]] in the / extreme, to some individuals to / [[illegible]] keep out of			
06-118-U007	06-118	06-118-P01	ACU CRS MS5 - 06 - Folder 3, Correspondence and Legal Papers.pdf	118	unread writing	[[illegible]]	 Robertson. It is [[go?]] in the / extreme, to some individuals to / [[illegible]] keep out of the army. / [[Old?]] man [[Crum?]] [[illegible]]! [[Ru			
06-118-U008	06-118	06-118-P01	ACU CRS MS5 - 06 - Folder 3, Correspondence and Legal Papers.pdf	118	tentative reading	[[Old?]]	reme, to some individuals to / [[illegible]] keep out of the army. / [[Old?]] man [[Crum?]] [[illegible]]! [[Run?]] [[illegible]] here / to see 			
06-118-U009	06-118	06-118-P01	ACU CRS MS5 - 06 - Folder 3, Correspondence and Legal Papers.pdf	118	tentative reading	[[Crum?]]	 individuals to / [[illegible]] keep out of the army. / [[Old?]] man [[Crum?]] [[illegible]]! [[Run?]] [[illegible]] here / to see Jeff Davis! go			
06-118-U010	06-118	06-118-P01	ACU CRS MS5 - 06 - Folder 3, Correspondence and Legal Papers.pdf	118	unread writing	[[illegible]]	ls to / [[illegible]] keep out of the army. / [[Old?]] man [[Crum?]] [[illegible]]! [[Run?]] [[illegible]] here / to see Jeff Davis! got to drive / his			
06-118-U011	06-118	06-118-P01	ACU CRS MS5 - 06 - Folder 3, Correspondence and Legal Papers.pdf	118	tentative reading	[[Run?]]	le]] keep out of the army. / [[Old?]] man [[Crum?]] [[illegible]]! [[Run?]] [[illegible]] here / to see Jeff Davis! got to drive / his waggons! 			
06-118-U012	06-118	06-118-P01	ACU CRS MS5 - 06 - Folder 3, Correspondence and Legal Papers.pdf	118	unread writing	[[illegible]]	 out of the army. / [[Old?]] man [[Crum?]] [[illegible]]! [[Run?]] [[illegible]] here / to see Jeff Davis! got to drive / his waggons! getting biger 			
06-118-U013	06-118	06-118-P01	ACU CRS MS5 - 06 - Folder 3, Correspondence and Legal Papers.pdf	118	unread writing	[[illegible]]	o drive / his waggons! getting biger pay / than any of us”! Cant you / [[illegible]] that. [[lost: torn edge]] / and [[illegible]] might [[lost: torn e			
06-118-U014	06-118	06-118-P01	ACU CRS MS5 - 06 - Folder 3, Correspondence and Legal Papers.pdf	118	loss	[[lost: torn edge]]	 getting biger pay / than any of us”! Cant you / [[illegible]] that. [[lost: torn edge]] / and [[illegible]] might [[lost: torn edge]]			
06-118-U015	06-118	06-118-P01	ACU CRS MS5 - 06 - Folder 3, Correspondence and Legal Papers.pdf	118	unread writing	[[illegible]]	any of us”! Cant you / [[illegible]] that. [[lost: torn edge]] / and [[illegible]] might [[lost: torn edge]]			
06-118-U016	06-118	06-118-P01	ACU CRS MS5 - 06 - Folder 3, Correspondence and Legal Papers.pdf	118	loss	[[lost: torn edge]]	 / [[illegible]] that. [[lost: torn edge]] / and [[illegible]] might [[lost: torn edge]]			
